id,name,category,dynasty,year,web_image_path,source_dir
building-1005-bdbe12a3,波日桥,桥梁,元,1644,D:/code/Building/public/building-gallery/building-1005-bdbe12a3.jpg,D:/code/building_images/波日桥
building-1012-770b4385,宝箴塞,民居,清,1910,D:/code/Building/public/building-gallery/building-1012-770b4385.jpg,D:/code/building_images/宝箴塞
building-1017-229a58ea,寨英村古建筑群,民居,明,1385,D:/code/Building/public/building-gallery/building-1017-229a58ea.jpg,D:/code/building_images/寨英村古建筑群
building-102-31c8c643,恭王府及花园,官府,清,1777,D:/code/Building/public/building-gallery/building-102-31c8c643.jpg,D:/code/building_images/恭王府及花园
building-1022-b696ed06,葛镜桥,桥梁,明,1618,D:/code/Building/public/building-gallery/building-1022-b696ed06.jpg,D:/code/building_images/葛镜桥
building-103-e00c5c1a,网师园,民居,宋,1174,D:/code/Building/public/building-gallery/building-103-e00c5c1a.jpg,D:/code/building_images/网师园
building-1030-8d5f2fbb,宝山石头城,民居,元,1264,D:/code/Building/public/building-gallery/building-1030-8d5f2fbb.jpg,D:/code/building_images/宝山石头城
building-1037-b9b9e32e,朝阳楼,官府,明,1389,D:/code/Building/public/building-gallery/building-1037-b9b9e32e.jpg,D:/code/building_images/朝阳楼
building-1040-0fa794fc,金龙桥,桥梁,清,1880,D:/code/Building/public/building-gallery/building-1040-0fa794fc.jpg,D:/code/building_images/金龙桥
building-1041-0c83e3d6,孟连宣抚司署,官府,明,1406,D:/code/Building/public/building-gallery/building-1041-0c83e3d6.jpg,D:/code/building_images/孟连宣抚司署
building-1043-e5380abd,双龙桥,桥梁,清,1736,D:/code/Building/public/building-gallery/building-1043-e5380abd.jpg,D:/code/building_images/双龙桥
building-1067-93620dde,吴堡石城,民居,明,1368,D:/code/Building/public/building-gallery/building-1067-93620dde.jpg,D:/code/building_images/吴堡石城
building-1069-e573d371,榆林卫城,官府,明,1437,D:/code/Building/public/building-gallery/building-1069-e573d371.jpg,D:/code/building_images/榆林卫城
building-1076-ebc3c387,盘龙山古建筑群,宫殿,明,1643,D:/code/Building/public/building-gallery/building-1076-ebc3c387.jpg,D:/code/building_images/盘龙山古建筑群
building-1077-57fd6c5f,姜氏庄园,民居,清,1862,D:/code/Building/public/building-gallery/building-1077-57fd6c5f.jpg,D:/code/building_images/姜氏庄园
building-1078-af82ce81,丰图义仓,官府,清,1882,D:/code/Building/public/building-gallery/building-1078-af82ce81.jpg,D:/code/building_images/丰图义仓
building-1084-10f464ca,张掖鼓楼,官府,明,1507,D:/code/Building/public/building-gallery/building-1084-10f464ca.jpg,D:/code/building_images/张掖鼓楼
building-1087-18fbf218,永昌钟鼓楼,官府,明,1586,D:/code/Building/public/building-gallery/building-1087-18fbf218.jpg,D:/code/building_images/永昌钟鼓楼
building-1093-7f3b147a,董府,官府,清,1902,D:/code/Building/public/building-gallery/building-1093-7f3b147a.jpg,D:/code/building_images/董府
building-11-be8c5184,安济桥,桥梁,隋,595,D:/code/Building/public/building-gallery/building-11-be8c5184.jpg,D:/code/building_images/安济桥
building-1103-b67d0d0f,琉璃河大桥,桥梁,明,1418,D:/code/Building/public/building-gallery/building-1103-b67d0d0f.jpg,D:/code/building_images/琉璃河大桥
building-1107-50f3077e,克勤郡王府,官府,清,1644,D:/code/Building/public/building-gallery/building-1107-50f3077e.jpg,D:/code/building_images/克勤郡王府
building-1131-7c680633,灵寿石牌坊,官府,明,1641,D:/code/Building/public/building-gallery/building-1131-7c680633.jpg,D:/code/building_images/灵寿石牌坊
building-1137-01123835,永平府城墙,官府,东汉,207,D:/code/Building/public/building-gallery/building-1137-01123835.webp,D:/code/building_images/永平府城墙
building-1138-139aca26,下胡良桥,桥梁,明,1574,D:/code/Building/public/building-gallery/building-1138-139aca26.jpg,D:/code/building_images/下胡良桥
building-1142-61719125,保定钟楼,官府,金,1181,D:/code/Building/public/building-gallery/building-1142-61719125.webp,D:/code/building_images/保定钟楼
building-1143-31ce4c19,正定城墙,官府,东晋,352,D:/code/Building/public/building-gallery/building-1143-31ce4c19.webp,D:/code/building_images/正定城墙
building-1146-85733b0f,方顺桥,桥梁,西晋,309,D:/code/Building/public/building-gallery/building-1146-85733b0f.jpg,D:/code/building_images/方顺桥
building-1147-984f56ef,登瀛桥,桥梁,明,1368,D:/code/Building/public/building-gallery/building-1147-984f56ef.webp,D:/code/building_images/登瀛桥
building-1154-de7cb93e,衡水安济桥,桥梁,明,1457,D:/code/Building/public/building-gallery/building-1154-de7cb93e.jpg,D:/code/building_images/衡水安济桥
building-1156-d3e847c8,淮军公所,官府,清,1644,D:/code/Building/public/building-gallery/building-1156-d3e847c8.jpg,D:/code/building_images/淮军公所
building-1157-664e088d,清河道署,官府,清,1726,D:/code/Building/public/building-gallery/building-1157-664e088d.jpg,D:/code/building_images/清河道署
building-1158-0481e546,深州盈亿义仓,官府,清,1898,D:/code/Building/public/building-gallery/building-1158-0481e546.jpg,D:/code/building_images/深州盈亿义仓
building-116-d508b089,正阳门,官府,明,1419,D:/code/Building/public/building-gallery/building-116-d508b089.jpg,D:/code/building_images/正阳门
building-117-99836bf3,清远楼,官府,明,1482,D:/code/Building/public/building-gallery/building-117-99836bf3.jpg,D:/code/building_images/清远楼
building-118-a0160619,光岳楼,官府,明,1374,D:/code/Building/public/building-gallery/building-118-a0160619.jpg,D:/code/building_images/光岳楼
building-1183-885f7fd6,襄垣永惠桥,桥梁,金,1131,D:/code/Building/public/building-gallery/building-1183-885f7fd6.webp,D:/code/building_images/襄垣永惠桥
building-119-d2166c1f,岳阳楼,官府,东汉,215,D:/code/Building/public/building-gallery/building-119-d2166c1f.jpg,D:/code/building_images/岳阳楼
building-122-3eb3dcaa,广济桥,桥梁,宋,1171,D:/code/Building/public/building-gallery/building-122-3eb3dcaa.webp,D:/code/building_images/广济桥
building-123-4b16097b,古纤道,桥梁,唐,815,D:/code/Building/public/building-gallery/building-123-4b16097b.webp,D:/code/building_images/古纤道
building-124-0e4e9c29,直隶总督署,官府,清,1730,D:/code/Building/public/building-gallery/building-124-0e4e9c29.jpg,D:/code/building_images/直隶总督署
building-1242-64e335b2,隰县鼓楼,官府,明,1617,D:/code/Building/public/building-gallery/building-1242-64e335b2.jpg,D:/code/building_images/隰县鼓楼
building-125-85621a07,卓克基土司官寨,官府,元,1286,D:/code/Building/public/building-gallery/building-125-85621a07.jpg,D:/code/building_images/卓克基土司官寨
building-126-fac00a41,大屯土司庄园,官府,清,1821,D:/code/Building/public/building-gallery/building-126-fac00a41.jpg,D:/code/building_images/大屯土司庄园
building-1261-d4986f03,陈廷敬故居,民居,明,1429,D:/code/Building/public/building-gallery/building-1261-d4986f03.jpg,D:/code/building_images/陈廷敬故居
building-1276-553c3b90,唱经楼,官府,明,1368,D:/code/Building/public/building-gallery/building-1276-553c3b90.webp,D:/code/building_images/唱经楼
building-1291-691460a8,平遥惠济桥,桥梁,清,1671,D:/code/Building/public/building-gallery/building-1291-691460a8.jpg,D:/code/building_images/平遥惠济桥
building-1292-f9960427,雷履泰旧居,民居,清,1821,D:/code/Building/public/building-gallery/building-1292-f9960427.jpg,D:/code/building_images/雷履泰旧居
building-13-e683efbb,永通桥,桥梁,唐,765,D:/code/Building/public/building-gallery/building-13-e683efbb.webp,D:/code/building_images/永通桥
building-1302-ab8301c0,闫景李家大院,民居,清,1821,D:/code/Building/public/building-gallery/building-1302-ab8301c0.jpg,D:/code/building_images/闫景李家大院
building-1306-881c174d,奈曼蒙古王府,宫殿,清,1863,D:/code/Building/public/building-gallery/building-1306-881c174d.jpg,D:/code/building_images/奈曼蒙古王府
building-1312-277fbb44,四子王旗王府,宫殿,清,1644,D:/code/Building/public/building-gallery/building-1312-277fbb44.jpg,D:/code/building_images/四子王旗王府
building-1335-f6f35bf7,延吉边务督办公署旧址,官府,清,1909,D:/code/Building/public/building-gallery/building-1335-f6f35bf7.jpg,D:/code/building_images/延吉边务督办公署旧址
building-1342-c747d5b2,思本桥,桥梁,宋,1253,D:/code/Building/public/building-gallery/building-1342-c747d5b2.jpg,D:/code/building_images/思本桥
building-1343-136145cc,东庙桥,桥梁,宋,1223,D:/code/Building/public/building-gallery/building-1343-136145cc.webp,D:/code/building_images/东庙桥
building-1349-4bf64504,七桥瓮,桥梁,明,1440,D:/code/Building/public/building-gallery/building-1349-4bf64504.jpg,D:/code/building_images/七桥瓮
building-1350-abce53e2,蒲塘桥,桥梁,明,1508,D:/code/Building/public/building-gallery/building-1350-abce53e2.jpg,D:/code/building_images/蒲塘桥
building-1352-c78a6382,玉燕堂,民居,明,1436,D:/code/Building/public/building-gallery/building-1352-c78a6382.jpg,D:/code/building_images/玉燕堂
building-1357-69ba7917,日涉园,民居,明,1574,D:/code/Building/public/building-gallery/building-1357-69ba7917.jpg,D:/code/building_images/日涉园
building-1361-baf4ecb1,近园,民居,清,1668,D:/code/Building/public/building-gallery/building-1361-baf4ecb1.jpg,D:/code/building_images/近园
building-1362-e6f03fa7,杨柳村古建筑群,民居,明,1572,D:/code/Building/public/building-gallery/building-1362-e6f03fa7.jpg,D:/code/building_images/杨柳村古建筑群
building-1363-30099a23,苏州织造署旧址,官府,明,1645,D:/code/Building/public/building-gallery/building-1363-30099a23.jpg,D:/code/building_images/苏州织造署旧址
building-1364-f9163e52,卫道观前潘宅,民居,清,1787,D:/code/Building/public/building-gallery/building-1364-f9163e52.jpg,D:/code/building_images/卫道观前潘宅
building-1365-8a4e1802,杨氏宅第,民居,清,1644,D:/code/Building/public/building-gallery/building-1365-8a4e1802.jpg,D:/code/building_images/杨氏宅第
building-1366-54c32de9,燕园,宫殿,金,1644,D:/code/Building/public/building-gallery/building-1366-54c32de9.jpg,D:/code/building_images/燕园
building-1369-93451a14,耕乐堂,民居,明,1436,D:/code/Building/public/building-gallery/building-1369-93451a14.jpg,D:/code/building_images/耕乐堂
building-1370-9e89bd5f,学政试院,官府,五代十国,1644,D:/code/Building/public/building-gallery/building-1370-9e89bd5f.jpg,D:/code/building_images/学政试院
building-1373-52d8ca13,汪氏盐商住宅,民居,清,1875,D:/code/Building/public/building-gallery/building-1373-52d8ca13.jpg,D:/code/building_images/汪氏盐商住宅
building-1374-682912a8,贾氏盐商住宅,民居,清,1821,D:/code/Building/public/building-gallery/building-1374-682912a8.jpg,D:/code/building_images/贾氏盐商住宅
building-1375-cd236f64,卢氏盐商住宅,民居,清,1897,D:/code/Building/public/building-gallery/building-1375-cd236f64.jpg,D:/code/building_images/卢氏盐商住宅
building-1376-6ecf2797,逸圃,民居,清,1910,D:/code/Building/public/building-gallery/building-1376-6ecf2797.jpg,D:/code/building_images/逸圃
building-139-a7cb0140,泰宁尚书第,官府,明,1621,D:/code/Building/public/building-gallery/building-139-a7cb0140.jpg,D:/code/building_images/泰宁尚书第
building-1392-406fe85b,八卦桥和河西桥,桥梁,宋,1174,D:/code/Building/public/building-gallery/building-1392-406fe85b.jpg,D:/code/building_images/八卦桥和河西桥
building-1394-6fada796,西山桥,桥梁,宋,1265,D:/code/Building/public/building-gallery/building-1394-6fada796.jpg,D:/code/building_images/西山桥
building-1398-2f4d9aa3,金昭牌坊和宪台牌坊,官府,明,1505,D:/code/Building/public/building-gallery/building-1398-2f4d9aa3.jpg,D:/code/building_images/金昭牌坊和宪台牌坊
building-1399-f287b8e4,七家厅,民居,明,1368,D:/code/Building/public/building-gallery/building-1399-f287b8e4.webp,D:/code/building_images/七家厅
building-140-bc45f6a4,丁村民宅,民居,明,1593,D:/code/Building/public/building-gallery/building-140-bc45f6a4.jpg,D:/code/building_images/丁村民宅
building-1404-4bcb6871,寺平村乡土建筑,民居,明,1368,D:/code/Building/public/building-gallery/building-1404-4bcb6871.webp,D:/code/building_images/寺平村乡土建筑
building-1405-cf7e4963,㹧𱮒湖避塘,桥梁,明,1621,D:/code/Building/public/building-gallery/building-1405-cf7e4963.jpg,D:/code/building_images/㹧𱮒湖避塘
building-1408-6781bbc9,河阳村乡土建筑,民居,五代十国,1368,D:/code/Building/public/building-gallery/building-1408-6781bbc9.webp,D:/code/building_images/河阳村乡土建筑
building-1409-91291c8f,潘公桥,桥梁,明,1585,D:/code/Building/public/building-gallery/building-1409-91291c8f.jpg,D:/code/building_images/潘公桥
building-141-49b36f05,潜口民宅,民居,明,1368,D:/code/Building/public/building-gallery/building-141-49b36f05.jpg,D:/code/building_images/潜口民宅
building-1415-dc56801c,余庆堂,民居,明,1368,D:/code/Building/public/building-gallery/building-1415-dc56801c.jpg,D:/code/building_images/余庆堂
building-142-cc253984,东阳卢宅,民居,宋,1421,D:/code/Building/public/building-gallery/building-142-cc253984.jpg,D:/code/building_images/东阳卢宅
building-1420-5f32b749,林宅,民居,清,1862,D:/code/Building/public/building-gallery/building-1420-5f32b749.jpg,D:/code/building_images/林宅
building-1421-fb48fe67,雪溪胡氏大院,民居,清,1832,D:/code/Building/public/building-gallery/building-1421-fb48fe67.jpg,D:/code/building_images/雪溪胡氏大院
building-1422-57c3ad96,陈阁老宅,官府,明,1644,D:/code/Building/public/building-gallery/building-1422-57c3ad96.jpg,D:/code/building_images/陈阁老宅
building-1423-f1fb6662,双林三桥,桥梁,元,1314,D:/code/Building/public/building-gallery/building-1423-f1fb6662.webp,D:/code/building_images/双林三桥
building-1425-b1afe0c1,马上桥花厅,民居,清,1820,D:/code/Building/public/building-gallery/building-1425-b1afe0c1.jpg,D:/code/building_images/马上桥花厅
building-1428-b04403f8,三门源叶氏民居,民居,清,1846,D:/code/Building/public/building-gallery/building-1428-b04403f8.jpg,D:/code/building_images/三门源叶氏民居
building-143-2eb3fec6,祥集弄民宅,民居,明,1465,D:/code/Building/public/building-gallery/building-143-2eb3fec6.jpg,D:/code/building_images/祥集弄民宅
building-1431-922e5527,泰顺土楼,民居,清,1851,D:/code/Building/public/building-gallery/building-1431-922e5527.jpg,D:/code/building_images/泰顺土楼
building-1438-4f07ff78,程大位故居,民居,明,1506,D:/code/Building/public/building-gallery/building-1438-4f07ff78.jpg,D:/code/building_images/程大位故居
building-1439-7c0d2c81,黄村进士第,官府,明,1532,D:/code/Building/public/building-gallery/building-1439-7c0d2c81.jpg,D:/code/building_images/黄村进士第
building-144-a75b45f1,崇礼住宅,民居,清,1875,D:/code/Building/public/building-gallery/building-144-a75b45f1.jpg,D:/code/building_images/崇礼住宅
building-1447-47748621,棠樾古民居,民居,宋,1127,D:/code/Building/public/building-gallery/building-1447-47748621.jpg,D:/code/building_images/棠樾古民居
building-1449-9283476c,上庄古建筑群,民居,明,1368,D:/code/Building/public/building-gallery/building-1449-9283476c.jpg,D:/code/building_images/上庄古建筑群
building-145-e793c525,牟氏庄园,民居,清,1723,D:/code/Building/public/building-gallery/building-145-e793c525.jpg,D:/code/building_images/牟氏庄园
building-1460-1d8279d6,北岸廊桥,桥梁,清,1644,D:/code/Building/public/building-gallery/building-1460-1d8279d6.jpg,D:/code/building_images/北岸廊桥
building-1468-24c1e9a0,宁海桥,桥梁,元,1334,D:/code/Building/public/building-gallery/building-1468-24c1e9a0.webp,D:/code/building_images/宁海桥
building-1476-f379f8a2,大田土堡群,民居,宋,1368,D:/code/Building/public/building-gallery/building-1476-f379f8a2.jpg,D:/code/building_images/大田土堡群
building-148-a9080949,十笏园,民居,清,1885,D:/code/Building/public/building-gallery/building-148-a9080949.jpg,D:/code/building_images/十笏园
building-1482-5e5d78ee,蓝廷珍府第,官府,清,1644,D:/code/Building/public/building-gallery/building-1482-5e5d78ee.jpg,D:/code/building_images/蓝廷珍府第
building-1483-7d88f1f1,九头马民居,民居,清,1796,D:/code/Building/public/building-gallery/building-1483-7d88f1f1.jpg,D:/code/building_images/九头马民居
building-1484-a5041b34,亭店杨氏民居,民居,清,1894,D:/code/Building/public/building-gallery/building-1484-a5041b34.png,D:/code/building_images/亭店杨氏民居
building-1485-bf6ab84e,南安林氏民居,民居,清,1908,D:/code/Building/public/building-gallery/building-1485-bf6ab84e.jpg,D:/code/building_images/南安林氏民居
building-1486-5565af0c,南安中宪第,民居,清,1644,D:/code/Building/public/building-gallery/building-1486-5565af0c.jpg,D:/code/building_images/南安中宪第
building-1488-2cf6b9c8,玉井坊郑氏大厝,民居,清,1644,D:/code/Building/public/building-gallery/building-1488-2cf6b9c8.jpg,D:/code/building_images/玉井坊郑氏大厝
building-149-0cbb91c8,罗布林卡,宫殿,清,1740,D:/code/Building/public/building-gallery/building-149-0cbb91c8.jpg,D:/code/building_images/罗布林卡
building-1492-f2e8dbf4,凤岐吴氏大宅,民居,清,1736,D:/code/Building/public/building-gallery/building-1492-f2e8dbf4.jpg,D:/code/building_images/凤岐吴氏大宅
building-1497-3d6210c2,逢渠桥,桥梁,宋,1098,D:/code/Building/public/building-gallery/building-1497-3d6210c2.webp,D:/code/building_images/逢渠桥
building-150-f7e142d1,何园,民居,清,1862,D:/code/Building/public/building-gallery/building-150-f7e142d1.jpg,D:/code/building_images/何园
building-1500-3574a4d9,万安城墙,官府,宋,1071,D:/code/Building/public/building-gallery/building-1500-3574a4d9.jpg,D:/code/building_images/万安城墙
building-1503-be7fe207,明园,民居,明,1522,D:/code/Building/public/building-gallery/building-1503-be7fe207.jpg,D:/code/building_images/明园
building-151-f09783b9,个园,民居,明,1818,D:/code/Building/public/building-gallery/building-151-f09783b9.jpg,D:/code/building_images/个园
building-1515-c5f68def,太平桥,桥梁,清,1805,D:/code/Building/public/building-gallery/building-1515-c5f68def.jpg,D:/code/building_images/太平桥
building-1516-00cfa30f,羽琌山馆和云亭别墅,民居,清,1863,D:/code/Building/public/building-gallery/building-1516-00cfa30f.jpg,D:/code/building_images/羽琌山馆和云亭别墅
building-1517-b8eb05e3,永镇桥,桥梁,清,1652,D:/code/Building/public/building-gallery/building-1517-b8eb05e3.jpg,D:/code/building_images/永镇桥
building-1518-ef0c07bc,玉带桥,桥梁,清,1644,D:/code/Building/public/building-gallery/building-1518-ef0c07bc.jpg,D:/code/building_images/玉带桥
building-1521-b4e871c5,驿前石屋里民宅,民居,清,1716,D:/code/Building/public/building-gallery/building-1521-b4e871c5.jpg,D:/code/building_images/驿前石屋里民宅
building-1527-849b5c18,东生围,民居,清,1842,D:/code/Building/public/building-gallery/building-1527-849b5c18.jpg,D:/code/building_images/东生围
building-1539-741652b3,平阴永济桥,桥梁,明,1500,D:/code/Building/public/building-gallery/building-1539-741652b3.jpg,D:/code/building_images/平阴永济桥
building-1541-0904ce09,衡王府石坊,宫殿,明,1488,D:/code/Building/public/building-gallery/building-1541-0904ce09.jpg,D:/code/building_images/衡王府石坊
building-1545-160d8586,大汶口古石桥,桥梁,明,1567,D:/code/Building/public/building-gallery/building-1545-160d8586.jpg,D:/code/building_images/大汶口古石桥
building-1578-65a769b0,襄城城墙,官府,东周,-540,D:/code/Building/public/building-gallery/building-1578-65a769b0.jpg,D:/code/building_images/襄城城墙
building-1582-df36e7de,永济桥,桥梁,明,1574,D:/code/Building/public/building-gallery/building-1582-df36e7de.png,D:/code/building_images/永济桥
building-1591-cd172545,寨卜昌村古建筑群,民居,明,1368,D:/code/Building/public/building-gallery/building-1591-cd172545.webp,D:/code/building_images/寨卜昌村古建筑群
building-1595-323ef8ea,密县县衙,官府,隋,616,D:/code/Building/public/building-gallery/building-1595-323ef8ea.jpg,D:/code/building_images/密县县衙
building-1601-484cbfad,邓城叶氏庄园,民居,清,1662,D:/code/Building/public/building-gallery/building-1601-484cbfad.jpg,D:/code/building_images/邓城叶氏庄园
building-1603-c490038c,西蒋村马氏庄园,民居,清,1875,D:/code/Building/public/building-gallery/building-1603-c490038c.jpg,D:/code/building_images/西蒋村马氏庄园
building-1612-35b0ce32,杨家湾老屋,民居,清,1787,D:/code/Building/public/building-gallery/building-1612-35b0ce32.jpg,D:/code/building_images/杨家湾老屋
building-1613-bfae6430,百宝寨岩屋,民居,清,1644,D:/code/Building/public/building-gallery/building-1613-bfae6430.jpg,D:/code/building_images/百宝寨岩屋
building-1615-c7db59e1,大丰仓,官府,清,1881,D:/code/Building/public/building-gallery/building-1615-c7db59e1.jpg,D:/code/building_images/大丰仓
building-1618-efa5f379,沈鸿宾故居,民居,清,1896,D:/code/Building/public/building-gallery/building-1618-efa5f379.jpg,D:/code/building_images/沈鸿宾故居
building-1619-0267e772,王明璠府第,民居,清,1644,D:/code/Building/public/building-gallery/building-1619-0267e772.jpg,D:/code/building_images/王明璠府第
building-1620-049936e7,彭家寨古建筑群,民居,清,1644,D:/code/Building/public/building-gallery/building-1620-049936e7.jpg,D:/code/building_images/彭家寨古建筑群
building-1632-d3194474,龙溪李家大院,民居,明,1498,D:/code/Building/public/building-gallery/building-1632-d3194474.jpg,D:/code/building_images/龙溪李家大院
building-1633-a7d7ea27,涧岩头周家大院古建筑群,民居,明,1550,D:/code/Building/public/building-gallery/building-1633-a7d7ea27.jpg,D:/code/building_images/涧岩头周家大院古建筑群
building-1635-7ee6821c,濂溪故里古建筑群,民居,明,1368,D:/code/Building/public/building-gallery/building-1635-7ee6821c.webp,D:/code/building_images/濂溪故里古建筑群
building-1639-b1014966,龙家大院,民居,宋,1078,D:/code/Building/public/building-gallery/building-1639-b1014966.jpg,D:/code/building_images/龙家大院
building-1645-936fca84,荫家堂,民居,清,1823,D:/code/Building/public/building-gallery/building-1645-936fca84.jpg,D:/code/building_images/荫家堂
building-1655-1232f3d6,兵书阁与文星桥,桥梁,清,1664,D:/code/Building/public/building-gallery/building-1655-1232f3d6.jpg,D:/code/building_images/兵书阁与文星桥
building-1656-b58605d8,广利桥,桥梁,清,1773,D:/code/Building/public/building-gallery/building-1656-b58605d8.jpg,D:/code/building_images/广利桥
building-1659-d42e208e,王船山故居,民居,清,1675,D:/code/Building/public/building-gallery/building-1659-d42e208e.jpg,D:/code/building_images/王船山故居
building-1660-5aee548e,田家大院,民居,宋,1044,D:/code/Building/public/building-gallery/building-1660-5aee548e.webp,D:/code/building_images/田家大院
building-1661-703a0b46,安化风雨桥,桥梁,清,1644,D:/code/Building/public/building-gallery/building-1661-703a0b46.jpg,D:/code/building_images/安化风雨桥
building-1662-bdd60cd9,石堰坪古建筑群,民居,清,1644,D:/code/Building/public/building-gallery/building-1662-bdd60cd9.jpg,D:/code/building_images/石堰坪古建筑群
building-1667-34045081,潮州老城古民居建筑群,民居,明,1368,D:/code/Building/public/building-gallery/building-1667-34045081.jpg,D:/code/building_images/潮州老城古民居建筑群
building-1668-b1aa9620,镇海楼与广州明城墙,官府,明,1380,D:/code/Building/public/building-gallery/building-1668-b1aa9620.jpg,D:/code/building_images/镇海楼与广州明城墙
building-1672-5e964781,清晖园,民居,明,1621,D:/code/Building/public/building-gallery/building-1672-5e964781.jpg,D:/code/building_images/清晖园
building-1673-6b4400ef,长围村围屋,民居,清,1855,D:/code/Building/public/building-gallery/building-1673-6b4400ef.jpg,D:/code/building_images/长围村围屋
building-1677-d4378a3a,永宁州城城墙,官府,明,1477,D:/code/Building/public/building-gallery/building-1677-d4378a3a.jpg,D:/code/building_images/永宁州城城墙
building-1678-580f443e,大芦村古建筑群,民居,明,1522,D:/code/Building/public/building-gallery/building-1678-580f443e.jpg,D:/code/building_images/大芦村古建筑群
building-1679-0c9eca59,富川瑶族风雨桥群,桥梁,明,1573,D:/code/Building/public/building-gallery/building-1679-0c9eca59.png,D:/code/building_images/富川瑶族风雨桥群
building-1682-caa150bc,惠爱桥,桥梁,清,1644,D:/code/Building/public/building-gallery/building-1682-caa150bc.jpg,D:/code/building_images/惠爱桥
building-1705-fc848e35,乡城夯土碉楼,民居,明,1368,D:/code/Building/public/building-gallery/building-1705-fc848e35.jpg,D:/code/building_images/乡城夯土碉楼
building-1714-d119dca5,泸县龙桥群,桥梁,明,1368,D:/code/Building/public/building-gallery/building-1714-d119dca5.jpg,D:/code/building_images/泸县龙桥群
building-1716-ca1720ec,潼川古城墙,官府,明,1522,D:/code/Building/public/building-gallery/building-1716-ca1720ec.jpg,D:/code/building_images/潼川古城墙
building-1727-0cd9113e,宜宾大观楼,官府,明,1522,D:/code/Building/public/building-gallery/building-1727-0cd9113e.jpg,D:/code/building_images/宜宾大观楼
building-1734-375a76e3,筹边楼,官府,唐,830,D:/code/Building/public/building-gallery/building-1734-375a76e3.jpg,D:/code/building_images/筹边楼
building-1738-93c04fa0,寿安陈家大院,民居,清,1736,D:/code/Building/public/building-gallery/building-1738-93c04fa0.jpg,D:/code/building_images/寿安陈家大院
building-1741-0330c126,川北道贡院,官府,清,1653,D:/code/Building/public/building-gallery/building-1741-0330c126.jpg,D:/code/building_images/川北道贡院
building-1747-6c72589f,泸县屈氏庄园,民居,清,1796,D:/code/Building/public/building-gallery/building-1747-6c72589f.jpg,D:/code/building_images/泸县屈氏庄园
building-1750-4c80874b,镇远城墙,官府,明,1389,D:/code/Building/public/building-gallery/building-1750-4c80874b.jpg,D:/code/building_images/镇远城墙
building-1754-2f26f04a,榕江大利村古建筑群,民居,明,1368,D:/code/Building/public/building-gallery/building-1754-2f26f04a.webp,D:/code/building_images/榕江大利村古建筑群
building-1756-801b1e82,岩门长官司城,官府,明,1382,D:/code/Building/public/building-gallery/building-1756-801b1e82.jpg,D:/code/building_images/岩门长官司城
building-1760-b2650192,金勾风雨桥,桥梁,清,1884,D:/code/Building/public/building-gallery/building-1760-b2650192.jpg,D:/code/building_images/金勾风雨桥
building-1773-7376b3bb,侬氏土司衙署,官府,元,1368,D:/code/Building/public/building-gallery/building-1773-7376b3bb.webp,D:/code/building_images/侬氏土司衙署
building-1775-b762fdab,沘江古桥梁群,桥梁,明,1628,D:/code/Building/public/building-gallery/building-1775-b762fdab.jpg,D:/code/building_images/沘江古桥梁群
building-1782-e26fdf4e,星宿桥和丰裕桥,桥梁,明,1614,D:/code/Building/public/building-gallery/building-1782-e26fdf4e.jpg,D:/code/building_images/星宿桥和丰裕桥
building-1784-09e9d297,建水朱家花园,民居,清,1730,D:/code/Building/public/building-gallery/building-1784-09e9d297.jpg,D:/code/building_images/建水朱家花园
building-1790-3f56c200,红河县东门楼及迤萨民居,民居,清,1644,D:/code/Building/public/building-gallery/building-1790-3f56c200.jpg,D:/code/building_images/红河县东门楼及迤萨民居
building-1793-f4cd0fcb,拉让宁巴,民居,唐,1368,D:/code/Building/public/building-gallery/building-1793-f4cd0fcb.jpg,D:/code/building_images/拉让宁巴
building-1797-75aedc10,桑珠颇章,民居,明,1642,D:/code/Building/public/building-gallery/building-1797-75aedc10.jpg,D:/code/building_images/桑珠颇章
building-1799-69ce8629,冲赛康,官府,清,1728,D:/code/Building/public/building-gallery/building-1799-69ce8629.jpg,D:/code/building_images/冲赛康
building-1800-95c5ac7e,拉鲁颇章,民居,清,1780,D:/code/Building/public/building-gallery/building-1800-95c5ac7e.jpg,D:/code/building_images/拉鲁颇章
building-1834-7cd3b9e2,骡帮会馆,官府,清,1644,D:/code/Building/public/building-gallery/building-1834-7cd3b9e2.jpg,D:/code/building_images/骡帮会馆
building-1835-b51e265d,桥上桥,桥梁,清,1660,D:/code/Building/public/building-gallery/building-1835-b51e265d.jpg,D:/code/building_images/桥上桥
building-1837-c09e6c14,毓秀桥,桥梁,清,1702,D:/code/Building/public/building-gallery/building-1837-c09e6c14.jpg,D:/code/building_images/毓秀桥
building-1852-b868caf8,青城古民居,民居,宋,1038,D:/code/Building/public/building-gallery/building-1852-b868caf8.webp,D:/code/building_images/青城古民居
building-1856-b04a684e,酒泉鼓楼,官府,东晋,346,D:/code/Building/public/building-gallery/building-1856-b04a684e.webp,D:/code/building_images/酒泉鼓楼
building-1864-0422355e,保安古屯田寨堡古建筑群,民居,明,1392,D:/code/Building/public/building-gallery/building-1864-0422355e.jpg,D:/code/building_images/保安古屯田寨堡古建筑群
building-1885-84f6991c,惠远钟鼓楼,官府,清,1882,D:/code/Building/public/building-gallery/building-1885-84f6991c.jpg,D:/code/building_images/惠远钟鼓楼
building-1896-25da103e,邢台清风楼,官府,唐,1467,D:/code/Building/public/building-gallery/building-1896-25da103e.jpg,D:/code/building_images/邢台清风楼
building-1904-d6eb0bdc,原平普济桥,桥梁,金,1115,D:/code/Building/public/building-gallery/building-1904-d6eb0bdc.webp,D:/code/building_images/原平普济桥
building-1946-43cbaa74,于成龙故居,民居,清,1617,D:/code/Building/public/building-gallery/building-1946-43cbaa74.jpg,D:/code/building_images/于成龙故居
building-1950-6e20a5d7,曲沃薛家大院,民居,清,1875,D:/code/Building/public/building-gallery/building-1950-6e20a5d7.jpg,D:/code/building_images/曲沃薛家大院
building-1956-addaca5f,永安石桥,桥梁,清,1641,D:/code/Building/public/building-gallery/building-1956-addaca5f.jpg,D:/code/building_images/永安石桥
building-1957-3ab230d2,垂虹断桥,桥梁,宋,1048,D:/code/Building/public/building-gallery/building-1957-3ab230d2.jpg,D:/code/building_images/垂虹断桥
building-1961-109daa2b,南京鼓楼,官府,明,1382,D:/code/Building/public/building-gallery/building-1961-109daa2b.jpg,D:/code/building_images/南京鼓楼
building-1963-1c57566a,常州唐氏民宅,民居,明,1488,D:/code/Building/public/building-gallery/building-1963-1c57566a.jpg,D:/code/building_images/常州唐氏民宅
building-1967-bf25be5a,杭州忠义桥,桥梁,宋,1218,D:/code/Building/public/building-gallery/building-1967-bf25be5a.jpg,D:/code/building_images/杭州忠义桥
building-1970-7a5134c8,南渡广济桥,桥梁,宋,961,D:/code/Building/public/building-gallery/building-1970-7a5134c8.webp,D:/code/building_images/南渡广济桥
building-1974-250aa60e,湖州潮音桥,桥梁,明,1539,D:/code/Building/public/building-gallery/building-1974-250aa60e.jpg,D:/code/building_images/湖州潮音桥
building-1976-dc36d20b,紫薇山民居,民居,明,1368,D:/code/Building/public/building-gallery/building-1976-dc36d20b.webp,D:/code/building_images/紫薇山民居
building-1978-20197b42,赤岸朱宅建筑群,民居,明,1573,D:/code/Building/public/building-gallery/building-1978-20197b42.jpg,D:/code/building_images/赤岸朱宅建筑群
building-1979-8fa6f860,厚吴村古建筑群,民居,宋,1217,D:/code/Building/public/building-gallery/building-1979-8fa6f860.jpg,D:/code/building_images/厚吴村古建筑群
building-1982-1f542786,余姚通济桥,桥梁,宋,1047,D:/code/Building/public/building-gallery/building-1982-1f542786.jpg,D:/code/building_images/余姚通济桥
building-1983-340ba71d,金清大桥,桥梁,清,1775,D:/code/Building/public/building-gallery/building-1983-340ba71d.jpg,D:/code/building_images/金清大桥
building-1985-47c5805f,兰溪通洲桥,桥梁,清,1662,D:/code/Building/public/building-gallery/building-1985-47c5805f.jpg,D:/code/building_images/兰溪通洲桥
building-1986-a00b9370,雅端村古建筑群,民居,清,1736,D:/code/Building/public/building-gallery/building-1986-a00b9370.jpg,D:/code/building_images/雅端村古建筑群
building-1989-b6cb44bf,东阳白坦民宅,民居,清,1796,D:/code/Building/public/building-gallery/building-1989-b6cb44bf.jpg,D:/code/building_images/东阳白坦民宅
building-1994-eb010018,池河太平桥,桥梁,明,1375,D:/code/Building/public/building-gallery/building-1994-eb010018.png,D:/code/building_images/池河太平桥
building-1997-25c05e11,屯溪镇海桥,桥梁,明,1491,D:/code/Building/public/building-gallery/building-1997-25c05e11.jpg,D:/code/building_images/屯溪镇海桥
building-2003-b571cff8,歙县太平桥,桥梁,宋,1234,D:/code/Building/public/building-gallery/building-2003-b571cff8.jpg,D:/code/building_images/歙县太平桥
building-2004-d5d776a1,巴慰祖宅,民居,明,1368,D:/code/Building/public/building-gallery/building-2004-d5d776a1.jpg,D:/code/building_images/巴慰祖宅
building-2009-8ec4bae9,休宁登封桥,桥梁,明,1587,D:/code/Building/public/building-gallery/building-2009-8ec4bae9.jpg,D:/code/building_images/休宁登封桥
building-2010-64bb5a03,休宁同安堂,民居,清,1644,D:/code/Building/public/building-gallery/building-2010-64bb5a03.jpg,D:/code/building_images/休宁同安堂
building-2017-6fbe4c08,建瓯值庆桥,桥梁,明,1488,D:/code/Building/public/building-gallery/building-2017-6fbe4c08.jpg,D:/code/building_images/建瓯值庆桥
building-2018-2c395b12,安溪土楼,民居,明,1372,D:/code/Building/public/building-gallery/building-2018-2c395b12.jpg,D:/code/building_images/安溪土楼
building-2020-2212dd69,,,,,D:/code/Building/public/building-gallery/building-2020-2212dd69.jpg,
building-2022-ee0cab25,泉港土坑村古建筑群,民居,明,1404,D:/code/Building/public/building-gallery/building-2022-ee0cab25.jpg,D:/code/building_images/泉港土坑村古建筑群
building-2023-4e5e104b,坂埔古厝,民居,清,1736,D:/code/Building/public/building-gallery/building-2023-4e5e104b.jpg,D:/code/building_images/坂埔古厝
building-2025-9710ffb4,永泰庄寨建筑群,民居,唐,1644,D:/code/Building/public/building-gallery/building-2025-9710ffb4.jpg,D:/code/building_images/永泰庄寨建筑群
building-2027-aae17098,水美土堡群,民居,清,1847,D:/code/Building/public/building-gallery/building-2027-aae17098.jpg,D:/code/building_images/水美土堡群
building-2032-c48f257c,龙南乌石围,民居,明,1573,D:/code/Building/public/building-gallery/building-2032-c48f257c.jpg,D:/code/building_images/龙南乌石围
building-2036-7972bece,十都王家大屋,民居,清,1769,D:/code/Building/public/building-gallery/building-2036-7972bece.jpg,D:/code/building_images/十都王家大屋
building-2037-35b0c6a2,奎璧联辉民宅,民居,清,1743,D:/code/Building/public/building-gallery/building-2037-35b0c6a2.jpg,D:/code/building_images/奎璧联辉民宅
building-2038-c830fbe0,浮梁县衙,官府,唐,816,D:/code/Building/public/building-gallery/building-2038-c830fbe0.jpg,D:/code/building_images/浮梁县衙
building-2039-9c41d1ca,玉山考棚,官府,清,1792,D:/code/Building/public/building-gallery/building-2039-9c41d1ca.jpg,D:/code/building_images/玉山考棚
building-2043-2742418c,洄村古楼,民居,明,1368,D:/code/Building/public/building-gallery/building-2043-2742418c.jpg,D:/code/building_images/洄村古楼
building-2044-245d811c,王渔洋故居,民居,明,1573,D:/code/Building/public/building-gallery/building-2044-245d811c.jpg,D:/code/building_images/王渔洋故居
building-2045-fb699c13,安阳永和桥,桥梁,宋,960,D:/code/Building/public/building-gallery/building-2045-fb699c13.jpg,D:/code/building_images/安阳永和桥
building-2052-3d990864,汝宁石桥,桥梁,明,1483,D:/code/Building/public/building-gallery/building-2052-3d990864.jpg,D:/code/building_images/汝宁石桥
building-2055-7f233a67,龙泉澧河石桥,桥梁,明,1368,D:/code/Building/public/building-gallery/building-2055-7f233a67.jpg,D:/code/building_images/龙泉澧河石桥
building-2074-ee1f4540,高家花屋,民居,清,1781,D:/code/Building/public/building-gallery/building-2074-ee1f4540.jpg,D:/code/building_images/高家花屋
building-2075-a5b1303e,南边民居,民居,清,1801,D:/code/Building/public/building-gallery/building-2075-a5b1303e.jpg,D:/code/building_images/南边民居
building-2078-62682aea,中田村古建筑群,民居,明,1404,D:/code/Building/public/building-gallery/building-2078-62682aea.jpg,D:/code/building_images/中田村古建筑群
building-2079-93af223e,许家桥将军府,官府,元,1368,D:/code/Building/public/building-gallery/building-2079-93af223e.jpg,D:/code/building_images/许家桥将军府
building-2083-21668f0d,杉木桥胡家大院,民居,清,1644,D:/code/Building/public/building-gallery/building-2083-21668f0d.jpg,D:/code/building_images/杉木桥胡家大院
building-2087-2a140619,澧县多安桥,桥梁,清,1784,D:/code/Building/public/building-gallery/building-2087-2a140619.jpg,D:/code/building_images/澧县多安桥
building-2090-e3f8348d,桃树湾刘氏大屋,民居,清,1849,D:/code/Building/public/building-gallery/building-2090-e3f8348d.jpg,D:/code/building_images/桃树湾刘氏大屋
building-2092-c79e84c4,宝镜何家大院,民居,清,1644,D:/code/Building/public/building-gallery/building-2092-c79e84c4.jpg,D:/code/building_images/宝镜何家大院
building-2097-f3c70e8c,联丰花萼楼,民居,明,1608,D:/code/Building/public/building-gallery/building-2097-f3c70e8c.jpg,D:/code/building_images/联丰花萼楼
building-2102-181afec4,大埔泰安楼,民居,清,1763,D:/code/Building/public/building-gallery/building-2102-181afec4.jpg,D:/code/building_images/大埔泰安楼
building-2104-adc0b9ae,龙门鹤湖围,民居,清,1863,D:/code/Building/public/building-gallery/building-2104-adc0b9ae.png,D:/code/building_images/龙门鹤湖围
building-2105-068484e8,大埔光禄第,民居,清,1908,D:/code/Building/public/building-gallery/building-2105-068484e8.jpg,D:/code/building_images/大埔光禄第
building-2106-1c63aa9c,桂林静江府城墙,官府,唐,618,D:/code/Building/public/building-gallery/building-2106-1c63aa9c.jpg,D:/code/building_images/桂林静江府城墙
building-2109-064de5f3,贺州江氏客家围屋,民居,清,1885,D:/code/Building/public/building-gallery/building-2109-064de5f3.jpg,D:/code/building_images/贺州江氏客家围屋
building-2112-7628244d,琼山侯家大院,民居,清,1875,D:/code/Building/public/building-gallery/building-2112-7628244d.jpg,D:/code/building_images/琼山侯家大院
building-2114-277e7a26,湾底谭氏民居,民居,清,1662,D:/code/Building/public/building-gallery/building-2114-277e7a26.jpg,D:/code/building_images/湾底谭氏民居
building-2125-b2d34417,井研雷氏民居,民居,清,1736,D:/code/Building/public/building-gallery/building-2125-b2d34417.jpg,D:/code/building_images/井研雷氏民居
building-2126-30f721ba,屏山龙氏山庄,民居,清,1644,D:/code/Building/public/building-gallery/building-2126-30f721ba.jpg,D:/code/building_images/屏山龙氏山庄
building-213-33364d3e,,,,,D:/code/Building/public/building-gallery/building-213-33364d3e.jpg,
building-2139-e40353c2,云南提督府旧址,官府,清,1662,D:/code/Building/public/building-gallery/building-2139-e40353c2.jpg,D:/code/building_images/云南提督府旧址
building-2140-9dc10712,叶枝土司衙署,官府,清,1662,D:/code/Building/public/building-gallery/building-2140-9dc10712.jpg,D:/code/building_images/叶枝土司衙署
building-2141-24dc8509,洄澜桥阁,桥梁,清,1736,D:/code/Building/public/building-gallery/building-2141-24dc8509.jpg,D:/code/building_images/洄澜桥阁
building-2145-4f9802b5,海口川字闸,桥梁,清,1836,D:/code/Building/public/building-gallery/building-2145-4f9802b5.jpg,D:/code/building_images/海口川字闸
building-2146-b0a75e77,建水学政考棚,官府,明,1389,D:/code/Building/public/building-gallery/building-2146-b0a75e77.jpg,D:/code/building_images/建水学政考棚
building-2147-f5320f8b,同乐傈僳族民居建筑群,民居,清,1825,D:/code/Building/public/building-gallery/building-2147-f5320f8b.jpg,D:/code/building_images/同乐傈僳族民居建筑群
building-2160-3222ca37,蒲城考院,官府,明,1644,D:/code/Building/public/building-gallery/building-2160-3222ca37.jpg,D:/code/building_images/蒲城考院
building-2161-6ec8c148,米脂常氏庄园,民居,清,1908,D:/code/Building/public/building-gallery/building-2161-6ec8c148.jpg,D:/code/building_images/米脂常氏庄园
building-2169-23a45da3,张掖高总兵宅院,官府,清,1662,D:/code/Building/public/building-gallery/building-2169-23a45da3.png,D:/code/building_images/张掖高总兵宅院
building-217-038b0587,龙脑桥,桥梁,明,1378,D:/code/Building/public/building-gallery/building-217-038b0587.jpg,D:/code/building_images/龙脑桥
building-253-ddc37356,姬氏民居,民居,元,1294,D:/code/Building/public/building-gallery/building-253-ddc37356.jpg,D:/code/building_images/姬氏民居
building-255-cd5e7ad1,绛州大堂,官府,唐,1271,D:/code/Building/public/building-gallery/building-255-cd5e7ad1.jpg,D:/code/building_images/绛州大堂
building-257-b089e376,霍州州署大堂,官府,元,1304,D:/code/Building/public/building-gallery/building-257-b089e376.jpg,D:/code/building_images/霍州州署大堂
building-268-e22e5277,北京鼓楼、钟楼,官府,元,1272,D:/code/Building/public/building-gallery/building-268-e22e5277.webp,D:/code/building_images/北京鼓楼、钟楼
building-274-de211495,万里长城－九门口,桥梁,南北朝,1381,D:/code/Building/public/building-gallery/building-274-de211495.jpg,D:/code/building_images/万里长城－九门口
building-276-9faf8515,诸葛、长乐村民居,民居,宋,1270,D:/code/Building/public/building-gallery/building-276-9faf8515.webp,D:/code/building_images/诸葛、长乐村民居
building-280-22a6b62e,老屋阁及绿绕亭,民居,元,1328,D:/code/Building/public/building-gallery/building-280-22a6b62e.jpg,D:/code/building_images/老屋阁及绿绕亭
building-284-fe9899da,归德府城墙,官府,明,1503,D:/code/Building/public/building-gallery/building-284-fe9899da.jpg,D:/code/building_images/归德府城墙
building-289-015d69bb,许驸马府,民居,宋,1064,D:/code/Building/public/building-gallery/building-289-015d69bb.webp,D:/code/building_images/许驸马府
building-291-9ad593e4,莫土司衙署,官府,明,1582,D:/code/Building/public/building-gallery/building-291-9ad593e4.jpg,D:/code/building_images/莫土司衙署
building-292-1dbab3bc,靖江王府,宫殿,明,1372,D:/code/Building/public/building-gallery/building-292-1dbab3bc.jpg,D:/code/building_images/靖江王府
building-293-e88ce237,丘浚故居,民居,明,1369,D:/code/Building/public/building-gallery/building-293-e88ce237.jpg,D:/code/building_images/丘浚故居
building-308-48aeb999,盂城驿,官府,明,1375,D:/code/Building/public/building-gallery/building-308-48aeb999.jpg,D:/code/building_images/盂城驿
building-309-3e91e0b5,玉海楼,民居,清,1888,D:/code/Building/public/building-gallery/building-309-3e91e0b5.jpg,D:/code/building_images/玉海楼
building-310-efeef229,二宜楼,民居,清,1740,D:/code/Building/public/building-gallery/building-310-efeef229.jpg,D:/code/building_images/二宜楼
building-311-285f7dff,魏氏庄园,民居,清,1865,D:/code/Building/public/building-gallery/building-311-285f7dff.jpg,D:/code/building_images/魏氏庄园
building-312-8fb4db3d,丁氏故宅,民居,清,1736,D:/code/Building/public/building-gallery/building-312-8fb4db3d.jpg,D:/code/building_images/丁氏故宅
building-315-66da0088,内乡县衙,官府,元,1304,D:/code/Building/public/building-gallery/building-315-66da0088.jpg,D:/code/building_images/内乡县衙
building-318-b9ba38bd,满堂围,民居,清,1833,D:/code/Building/public/building-gallery/building-318-b9ba38bd.jpg,D:/code/building_images/满堂围
building-322-5b21f684,夕佳山民居,民居,明,1612,D:/code/Building/public/building-gallery/building-322-5b21f684.jpg,D:/code/building_images/夕佳山民居
building-326-ecaf2389,伊犁将军府,官府,清,1762,D:/code/Building/public/building-gallery/building-326-ecaf2389.jpg,D:/code/building_images/伊犁将军府
building-328-053d4873,可园,民居,清,1850,D:/code/Building/public/building-gallery/building-328-053d4873.jpg,D:/code/building_images/可园
building-329-ae2cd6af,孚王府,宫殿,清,1730,D:/code/Building/public/building-gallery/building-329-ae2cd6af.jpg,D:/code/building_images/孚王府
building-330-2cd68aab,景山,宫殿,金,1179,D:/code/Building/public/building-gallery/building-330-2cd68aab.jpg,D:/code/building_images/景山
building-343-3db7d9db,鸡鸣驿城,官府,辽,1368,D:/code/Building/public/building-gallery/building-343-3db7d9db.webp,D:/code/building_images/鸡鸣驿城
building-345-07d9a055,定州贡院,官府,清,1738,D:/code/Building/public/building-gallery/building-345-07d9a055.jpg,D:/code/building_images/定州贡院
building-353-cd47baae,腰山王氏庄园,民居,清,1647,D:/code/Building/public/building-gallery/building-353-cd47baae.jpg,D:/code/building_images/腰山王氏庄园
building-357-cf320702,大同九龙壁,宫殿,明,1392,D:/code/Building/public/building-gallery/building-357-cf320702.jpg,D:/code/building_images/大同九龙壁
building-367-00e4f84e,边靖楼,官府,明,1374,D:/code/Building/public/building-gallery/building-367-00e4f84e.jpg,D:/code/building_images/边靖楼
building-388-ca4fa292,临晋县衙,官府,元,1297,D:/code/Building/public/building-gallery/building-388-ca4fa292.jpg,D:/code/building_images/临晋县衙
building-394-5b4b28e7,乔家大院,民居,清,1756,D:/code/Building/public/building-gallery/building-394-5b4b28e7.jpg,D:/code/building_images/乔家大院
building-412-81ab8d71,和硕恪靖公主府,官府,清,1697,D:/code/Building/public/building-gallery/building-412-81ab8d71.jpg,D:/code/building_images/和硕恪靖公主府
building-415-2dc4b569,徐霞客故居及晴山堂石刻,民居,明,1368,D:/code/Building/public/building-gallery/building-415-2dc4b569.webp,D:/code/building_images/徐霞客故居及晴山堂石刻
building-416-4a94c720,退思园,民居,清,1885,D:/code/Building/public/building-gallery/building-416-4a94c720.jpg,D:/code/building_images/退思园
building-417-3e404fe4,宝带桥,桥梁,唐,816,D:/code/Building/public/building-gallery/building-417-3e404fe4.webp,D:/code/building_images/宝带桥
building-418-42f4b2a5,耦园,民居,清,1723,D:/code/Building/public/building-gallery/building-418-42f4b2a5.jpg,D:/code/building_images/耦园
building-420-5760592b,水绘园,民居,明,1573,D:/code/Building/public/building-gallery/building-420-5760592b.jpg,D:/code/building_images/水绘园
building-421-f4ca5b7a,古月桥,桥梁,宋,1213,D:/code/Building/public/building-gallery/building-421-f4ca5b7a.jpg,D:/code/building_images/古月桥
building-422-17a46011,黄山八面厅,民居,清,1796,D:/code/Building/public/building-gallery/building-422-17a46011.jpg,D:/code/building_images/黄山八面厅
building-428-72b30885,如龙桥,桥梁,明,1625,D:/code/Building/public/building-gallery/building-428-72b30885.jpg,D:/code/building_images/如龙桥
building-431-d1257a7d,文澜阁,官府,清,1782,D:/code/Building/public/building-gallery/building-431-d1257a7d.jpg,D:/code/building_images/文澜阁
building-433-19fecb1d,八字桥,桥梁,宋,1131,D:/code/Building/public/building-gallery/building-433-19fecb1d.webp,D:/code/building_images/八字桥
building-434-61496edb,吕府,官府,明,1554,D:/code/Building/public/building-gallery/building-434-61496edb.jpg,D:/code/building_images/吕府
building-436-06a6fe1c,台州府城墙,官府,东晋,317,D:/code/Building/public/building-gallery/building-436-06a6fe1c.webp,D:/code/building_images/台州府城墙
building-440-f965b314,绮园,民居,清,1870,D:/code/Building/public/building-gallery/building-440-f965b314.jpg,D:/code/building_images/绮园
building-441-69c041ff,斯氏古民居建筑群,民居,唐,1644,D:/code/Building/public/building-gallery/building-441-69c041ff.jpg,D:/code/building_images/斯氏古民居建筑群
building-449-90f1ec9b,程氏三宅,民居,元,1368,D:/code/Building/public/building-gallery/building-449-90f1ec9b.jpg,D:/code/building_images/程氏三宅
building-452-04561777,宏村古建筑群,民居,宋,1131,D:/code/Building/public/building-gallery/building-452-04561777.webp,D:/code/building_images/宏村古建筑群
building-453-fd623ffd,西递村古建筑群,民居,宋,1086,D:/code/Building/public/building-gallery/building-453-fd623ffd.jpg,D:/code/building_images/西递村古建筑群
building-457-a2ebe754,安贞堡,民居,清,1885,D:/code/Building/public/building-gallery/building-457-a2ebe754.jpg,D:/code/building_images/安贞堡
building-459-34810314,蔡氏古民居建筑群,民居,清,1855,D:/code/Building/public/building-gallery/building-459-34810314.jpg,D:/code/building_images/蔡氏古民居建筑群
building-464-e5ebda75,江东桥,桥梁,宋,1190,D:/code/Building/public/building-gallery/building-464-e5ebda75.jpg,D:/code/building_images/江东桥
building-465-a7a4e296,赵家堡—诒安堡,民居,明,1600,D:/code/Building/public/building-gallery/building-465-a7a4e296.jpg,D:/code/building_images/赵家堡—诒安堡
building-466-6fd7ae49,流坑村古建筑群,民居,五代十国,937,D:/code/Building/public/building-gallery/building-466-6fd7ae49.jpg,D:/code/building_images/流坑村古建筑群
building-467-238a2cf8,关西新围、燕翼围,民居,清,1644,D:/code/Building/public/building-gallery/building-467-238a2cf8.jpg,D:/code/building_images/关西新围、燕翼围
building-469-1c88ae89,临清运河钞关,官府,明,1429,D:/code/Building/public/building-gallery/building-469-1c88ae89.jpg,D:/code/building_images/临清运河钞关
building-472-39b98e5e,康百万庄园,民居,明,1773,D:/code/Building/public/building-gallery/building-472-39b98e5e.jpg,D:/code/building_images/康百万庄园
building-476-83e5719b,小商桥,桥梁,隋,584,D:/code/Building/public/building-gallery/building-476-83e5719b.webp,D:/code/building_images/小商桥
building-477-72e1cd33,南阳知府衙门,官府,元,1271,D:/code/Building/public/building-gallery/building-477-72e1cd33.webp,D:/code/building_images/南阳知府衙门
building-492-7d21fe40,大水井古建筑群,民居,明,1846,D:/code/Building/public/building-gallery/building-492-7d21fe40.jpg,D:/code/building_images/大水井古建筑群
building-494-d8a8ff1c,襄阳王府绿影壁,宫殿,明,1438,D:/code/Building/public/building-gallery/building-494-d8a8ff1c.jpg,D:/code/building_images/襄阳王府绿影壁
building-499-69b600d0,张谷英村古建筑群,民居,明,1371,D:/code/Building/public/building-gallery/building-499-69b600d0.jpg,D:/code/building_images/张谷英村古建筑群
building-500-df6d7875,芋头侗寨古建筑群,民居,明,1368,D:/code/Building/public/building-gallery/building-500-df6d7875.jpg,D:/code/building_images/芋头侗寨古建筑群
building-503-34946f15,东华里古建筑群,民居,清,1736,D:/code/Building/public/building-gallery/building-503-34946f15.jpg,D:/code/building_images/东华里古建筑群
building-507-baee6658,肇庆古城墙,官府,宋,1053,D:/code/Building/public/building-gallery/building-507-baee6658.jpg,D:/code/building_images/肇庆古城墙
building-510-63380124,岜团桥,桥梁,清,1896,D:/code/Building/public/building-gallery/building-510-63380124.jpg,D:/code/building_images/岜团桥
building-53-3f08d9a5,故宫,宫殿,明,1406,D:/code/Building/public/building-gallery/building-53-3f08d9a5.jpg,D:/code/building_images/故宫
building-532-5a894ab3,郎德上寨古建筑群,民居,明,1368,D:/code/Building/public/building-gallery/building-532-5a894ab3.jpg,D:/code/building_images/郎德上寨古建筑群
building-533-4d2c669b,海龙屯,官府,宋,1257,D:/code/Building/public/building-gallery/building-533-4d2c669b.webp,D:/code/building_images/海龙屯
building-534-b81015e2,地坪风雨桥,桥梁,清,1882,D:/code/Building/public/building-gallery/building-534-b81015e2.jpg,D:/code/building_images/地坪风雨桥
building-536-99b6a7b2,喜洲白族古建筑群,民居,明,1368,D:/code/Building/public/building-gallery/building-536-99b6a7b2.jpg,D:/code/building_images/喜洲白族古建筑群
building-539-4a66ccd2,朗色林庄园,民居,明,1368,D:/code/Building/public/building-gallery/building-539-4a66ccd2.webp,D:/code/building_images/朗色林庄园
building-563-d48385b2,胡氏古民居建筑,民居,明,1522,D:/code/Building/public/building-gallery/building-563-d48385b2.jpg,D:/code/building_images/胡氏古民居建筑
building-585-ac00895d,德胜门箭楼,官府,明,1371,D:/code/Building/public/building-gallery/building-585-ac00895d.jpg,D:/code/building_images/德胜门箭楼
building-594-6ce404e4,醇亲王府,宫殿,清,1644,D:/code/Building/public/building-gallery/building-594-6ce404e4.jpg,D:/code/building_images/醇亲王府
building-598-3b21250f,安徽会馆,官府,清,1869,D:/code/Building/public/building-gallery/building-598-3b21250f.jpg,D:/code/building_images/安徽会馆
building-600-090fab20,石家大院,民居,清,1875,D:/code/Building/public/building-gallery/building-600-090fab20.jpg,D:/code/building_images/石家大院
building-617-df36e7de,永济桥,桥梁,明,1574,D:/code/Building/public/building-gallery/building-617-df36e7de.jpg,D:/code/building_images/永济桥
building-624-00f21204,常平仓,官府,明,1368,D:/code/Building/public/building-gallery/building-624-00f21204.webp,D:/code/building_images/常平仓
building-626-a2435427,单桥,桥梁,明,1629,D:/code/Building/public/building-gallery/building-626-a2435427.jpg,D:/code/building_images/单桥
building-627-41835454,弘济桥,桥梁,明,1582,D:/code/Building/public/building-gallery/building-627-41835454.jpg,D:/code/building_images/弘济桥
building-628-53f7d1b3,永年城,官府,唐,619,D:/code/Building/public/building-gallery/building-628-53f7d1b3.jpg,D:/code/building_images/永年城
building-632-1824ac59,伍仁桥,桥梁,明,1599,D:/code/Building/public/building-gallery/building-632-1824ac59.jpg,D:/code/building_images/伍仁桥
building-633-f18d0c32,万全右卫城,官府,明,1393,D:/code/Building/public/building-gallery/building-633-f18d0c32.jpg,D:/code/building_images/万全右卫城
building-65-cdade575,沈阳故宫,宫殿,清,1625,D:/code/Building/public/building-gallery/building-65-cdade575.jpg,D:/code/building_images/沈阳故宫
building-66-12527a46,国子监,官府,隋,581,D:/code/Building/public/building-gallery/building-66-12527a46.webp,D:/code/building_images/国子监
building-73-2e7282cd,杜甫草堂,民居,唐,760,D:/code/Building/public/building-gallery/building-73-2e7282cd.jpg,D:/code/building_images/杜甫草堂
building-736-a6aded0b,柳氏民居,民居,明,1406,D:/code/Building/public/building-gallery/building-736-a6aded0b.jpg,D:/code/building_images/柳氏民居
building-737-e6f8024f,湘峪古堡,民居,明,1614,D:/code/Building/public/building-gallery/building-737-e6f8024f.jpg,D:/code/building_images/湘峪古堡
building-744-91fa9b45,王家大院,民居,明,1573,D:/code/Building/public/building-gallery/building-744-91fa9b45.jpg,D:/code/building_images/王家大院
building-748-80ff1ddb,曹家大院,民居,明,1573,D:/code/Building/public/building-gallery/building-748-80ff1ddb.jpg,D:/code/building_images/曹家大院
building-759-0a1bee03,潞安府衙,官府,隋,583,D:/code/Building/public/building-gallery/building-759-0a1bee03.jpg,D:/code/building_images/潞安府衙
building-76-8c3408bf,避暑山庄,宫殿,清,1703,D:/code/Building/public/building-gallery/building-76-8c3408bf.jpg,D:/code/building_images/避暑山庄
building-760-1c66ab0f,渠家大院,民居,清,1736,D:/code/Building/public/building-gallery/building-760-1c66ab0f.jpg,D:/code/building_images/渠家大院
building-766-f53225b4,师家沟古建筑群,民居,清,1769,D:/code/Building/public/building-gallery/building-766-f53225b4.jpg,D:/code/building_images/师家沟古建筑群
building-774-60ce07c6,绥远城墙和将军衙署,官府,清,1735,D:/code/Building/public/building-gallery/building-774-60ce07c6.jpg,D:/code/building_images/绥远城墙和将军衙署
building-780-c55ae2dc,僧格林沁王府,官府,清,1826,D:/code/Building/public/building-gallery/building-780-c55ae2dc.jpg,D:/code/building_images/僧格林沁王府
building-783-47bf9b05,中前所城,官府,明,1428,D:/code/Building/public/building-gallery/building-783-47bf9b05.jpg,D:/code/building_images/中前所城
building-784-783705d9,广宁城,官府,明,1390,D:/code/Building/public/building-gallery/building-784-783705d9.jpg,D:/code/building_images/广宁城
building-800-a6c39763,太仓石拱桥,桥梁,元,1329,D:/code/Building/public/building-gallery/building-800-a6c39763.webp,D:/code/building_images/太仓石拱桥
building-801-08b0189d,盘门,官府,东周,-514,D:/code/Building/public/building-gallery/building-801-08b0189d.jpg,D:/code/building_images/盘门
building-806-09f2a60c,户部山古建筑群,民居,明,1624,D:/code/Building/public/building-gallery/building-806-09f2a60c.jpg,D:/code/building_images/户部山古建筑群
building-807-551ca29e,瞻园,官府,明,1522,D:/code/Building/public/building-gallery/building-807-551ca29e.jpg,D:/code/building_images/瞻园
building-811-9685b2ae,赵用贤宅,民居,明,1553,D:/code/Building/public/building-gallery/building-811-9685b2ae.jpg,D:/code/building_images/赵用贤宅
building-812-bee4b2d1,张溥宅第,民居,明,1621,D:/code/Building/public/building-gallery/building-812-bee4b2d1.jpg,D:/code/building_images/张溥宅第
building-813-15485f77,东山民居,民居,明,1450,D:/code/Building/public/building-gallery/building-813-15485f77.jpg,D:/code/building_images/东山民居
building-814-a8f3bef1,艺圃,民居,明,1541,D:/code/Building/public/building-gallery/building-814-a8f3bef1.jpg,D:/code/building_images/艺圃
building-816-01398ae3,淮安府衙,官府,明,1370,D:/code/Building/public/building-gallery/building-816-01398ae3.webp,D:/code/building_images/淮安府衙
building-817-effba516,师俭堂,民居,清,1801,D:/code/Building/public/building-gallery/building-817-effba516.jpg,D:/code/building_images/师俭堂
building-819-7746793f,吴氏宅第,民居,清,1888,D:/code/Building/public/building-gallery/building-819-7746793f.jpg,D:/code/building_images/吴氏宅第
building-821-ebd15265,小盘谷,民居,清,1736,D:/code/Building/public/building-gallery/building-821-ebd15265.jpg,D:/code/building_images/小盘谷
building-823-d18436de,甘熙宅第,民居,清,1796,D:/code/Building/public/building-gallery/building-823-d18436de.jpg,D:/code/building_images/甘熙宅第
building-826-16df93d0,新河闸桥群,桥梁,宋,960,D:/code/Building/public/building-gallery/building-826-16df93d0.webp,D:/code/building_images/新河闸桥群
building-828-50ed4412,寿昌桥,桥梁,宋,1265,D:/code/Building/public/building-gallery/building-828-50ed4412.jpg,D:/code/building_images/寿昌桥
building-829-2d8aab52,赤溪五洞桥,桥梁,宋,1267,D:/code/Building/public/building-gallery/building-829-2d8aab52.jpg,D:/code/building_images/赤溪五洞桥
building-833-821bef0c,芝堰村建筑群,民居,宋,1174,D:/code/Building/public/building-gallery/building-833-821bef0c.webp,D:/code/building_images/芝堰村建筑群
building-834-acb15db5,芙蓉村古建筑群,民居,唐,1368,D:/code/Building/public/building-gallery/building-834-acb15db5.jpg,D:/code/building_images/芙蓉村古建筑群
building-836-733a71b7,安城城墙,官府,元,1356,D:/code/Building/public/building-gallery/building-836-733a71b7.jpg,D:/code/building_images/安城城墙
building-840-c7cb23b3,王守仁故居,民居,明,1472,D:/code/Building/public/building-gallery/building-840-c7cb23b3.jpg,D:/code/building_images/王守仁故居
building-841-b27fb9db,青藤书屋,民居,明,1521,D:/code/Building/public/building-gallery/building-841-b27fb9db.jpg,D:/code/building_images/青藤书屋
building-843-698dfb8d,泰顺廊桥,桥梁,唐,1673,D:/code/Building/public/building-gallery/building-843-698dfb8d.jpg,D:/code/building_images/泰顺廊桥
building-844-5c448a50,仕水矴步,桥梁,清,1794,D:/code/Building/public/building-gallery/building-844-5c448a50.jpg,D:/code/building_images/仕水矴步
building-847-d3bd2035,崇仁村建筑群,民居,宋,1041,D:/code/Building/public/building-gallery/building-847-d3bd2035.webp,D:/code/building_images/崇仁村建筑群
building-849-ab0d8321,顺溪古建筑群,民居,清,1736,D:/code/Building/public/building-gallery/building-849-ab0d8321.jpg,D:/code/building_images/顺溪古建筑群
building-850-a819581a,莫氏庄园,民居,清,1897,D:/code/Building/public/building-gallery/building-850-a819581a.jpg,D:/code/building_images/莫氏庄园
building-855-68cff206,南屏村古建筑群,民居,宋,1368,D:/code/Building/public/building-gallery/building-855-68cff206.webp,D:/code/building_images/南屏村古建筑群
building-856-20b87b75,江村古建筑群,民居,隋,605,D:/code/Building/public/building-gallery/building-856-20b87b75.webp,D:/code/building_images/江村古建筑群
building-862-447fef91,世太史第,民居,明,1573,D:/code/Building/public/building-gallery/building-862-447fef91.jpg,D:/code/building_images/世太史第
building-878-882c8e11,闽东北廊桥,桥梁,清,1751,D:/code/Building/public/building-gallery/building-878-882c8e11.jpg,D:/code/building_images/闽东北廊桥
building-889-6102693d,鸣水桥,桥梁,宋,1111,D:/code/Building/public/building-gallery/building-889-6102693d.webp,D:/code/building_images/鸣水桥
building-890-9a376e23,清华彩虹桥,桥梁,宋,1127,D:/code/Building/public/building-gallery/building-890-9a376e23.jpg,D:/code/building_images/清华彩虹桥
building-891-77d72275,袁州谯楼,官府,五代十国,944,D:/code/Building/public/building-gallery/building-891-77d72275.webp,D:/code/building_images/袁州谯楼
building-894-7cde13cf,理坑村民居,民居,明,1368,D:/code/Building/public/building-gallery/building-894-7cde13cf.jpg,D:/code/building_images/理坑村民居
building-898-ed197896,卞桥,桥梁,唐,618,D:/code/Building/public/building-gallery/building-898-ed197896.jpg,D:/code/building_images/卞桥
building-905-29dc5fb9,蒲松龄故宅,民居,清,1640,D:/code/Building/public/building-gallery/building-905-29dc5fb9.jpg,D:/code/building_images/蒲松龄故宅
building-91-0d1583db,皇史宬,官府,明,1534,D:/code/Building/public/building-gallery/building-91-0d1583db.jpg,D:/code/building_images/皇史宬
building-922-bd86830c,叶县县衙,官府,明,1369,D:/code/Building/public/building-gallery/building-922-bd86830c.webp,D:/code/building_images/叶县县衙
building-928-4a7e1668,,,,,D:/code/Building/public/building-gallery/building-928-4a7e1668.jpg,
building-930-856fc36a,望京楼,宫殿,明,1591,D:/code/Building/public/building-gallery/building-930-856fc36a.jpg,D:/code/building_images/望京楼
building-94-f5d605ba,古观象台,官府,明,1442,D:/code/Building/public/building-gallery/building-94-f5d605ba.jpg,D:/code/building_images/古观象台
building-945-b59d38d8,鱼木寨,民居,明,1369,D:/code/Building/public/building-gallery/building-945-b59d38d8.jpg,D:/code/building_images/鱼木寨
building-956-e8e03c9e,高椅村古建筑群,民居,明,1380,D:/code/Building/public/building-gallery/building-956-e8e03c9e.jpg,D:/code/building_images/高椅村古建筑群
building-960-9fac3c64,坪坦风雨桥,桥梁,清,1761,D:/code/Building/public/building-gallery/building-960-9fac3c64.jpg,D:/code/building_images/坪坦风雨桥
building-963-269f3826,凤凰古城堡,官府,清,1644,D:/code/Building/public/building-gallery/building-963-269f3826.jpg,D:/code/building_images/凤凰古城堡
building-970-ead6d571,道韵楼,民居,明,1477,D:/code/Building/public/building-gallery/building-970-ead6d571.jpg,D:/code/building_images/道韵楼
building-99-45207b77,蓬莱水城及蓬莱阁,官府,宋,1061,D:/code/Building/public/building-gallery/building-99-45207b77.jpg,D:/code/building_images/蓬莱水城及蓬莱阁
building-120-b39873c4,观音桥,桥梁,宋,1014,D:/code/Building/public/building-gallery/building-120-b39873c4.png,D:/code/building_images/观音桥
building-275-90e0b516,䌽衣堂,民居,明,1368,D:/code/Building/public/building-gallery/building-275-90e0b516.jpg,D:/code/building_images/䌽衣堂
building-1367-a563cff5,敬业堂,民居,清,1742,D:/code/Building/public/building-gallery/building-1367-a563cff5.jpg,D:/code/building_images/敬业堂
building-1501-bc06a8de,紫阳堤,桥梁,宋,982,D:/code/Building/public/building-gallery/building-1501-bc06a8de.png,D:/code/building_images/紫阳堤
building-1528-2efa2402,金口坝,桥梁,南北朝,514,D:/code/Building/public/building-gallery/building-1528-2efa2402.jpg,D:/code/building_images/金口坝
building-1795-5d0d9d33,邦达仓,民居,清,1368,D:/code/Building/public/building-gallery/building-1795-5d0d9d33.jpg,D:/code/building_images/邦达仓
building-1849-0917f6da,洮州卫城,官府,东汉,1379,D:/code/Building/public/building-gallery/building-1849-0917f6da.jpg,D:/code/building_images/洮州卫城
building-1949-363bcc17,解州同善义仓,官府,清,1880,D:/code/Building/public/building-gallery/building-1949-363bcc17.jpg,D:/code/building_images/解州同善义仓
building-2080-c0548b47,板梁村古建筑群,民居,元,1358,D:/code/Building/public/building-gallery/building-2080-c0548b47.jpg,D:/code/building_images/板梁村古建筑群
building-2152-971241c1,达律王府,宫殿,元,1271,D:/code/Building/public/building-gallery/building-2152-971241c1.jpg,D:/code/building_images/达律王府