dimension,term,building_count,building_ratio,occurrence_count
建筑材料,木材,189,0.460976,189
建筑材料,砖石,101,0.246341,101
建筑材料,石材,79,0.192683,79
建筑结构体系,抬梁式,79,0.192683,79
建筑材料,青砖,70,0.170732,70
建筑结构体系,穿斗式,55,0.134146,55
建筑空间布局,围院结构,45,0.109756,45
建筑空间布局,坐北朝南,44,0.107317,44
营造技艺,榫卯结构,44,0.107317,44
建筑空间布局,中轴对称,43,0.104878,43
建筑结构体系,木构架,35,0.085366,35
建筑材料,生土,33,0.080488,33
营造技艺,木雕,33,0.080488,33
建筑材料,砖,31,0.07561,31
建筑功能,民居,29,0.070732,29
建筑材料,青石,27,0.065854,27
营造技艺,砖雕,25,0.060976,25
建筑结构体系,砖木结构,24,0.058537,24
建筑结构体系,石拱桥,23,0.056098,23
建筑功能,住宅,22,0.053659,22
建筑材料,灰瓦,22,0.053659,22
建筑空间布局,多进院落,22,0.053659,22
营造技艺,石雕,22,0.053659,22
建筑材料,条石,21,0.05122,21
建筑结构体系,硬山顶,21,0.05122,21
建筑功能,祠堂,19,0.046341,19
建筑功能,交通桥梁,18,0.043902,18
建筑功能,宗祠,18,0.043902,18
建筑功能,军事防御,16,0.039024,16
建筑空间布局,三进院落,16,0.039024,16
建筑结构体系,四合院,16,0.039024,16
建筑功能,交通要道,15,0.036585,15
建筑材料,花岗岩,15,0.036585,15
建筑材料,夯土,13,0.031707,13
建筑材料,砖雕,13,0.031707,13
营造技艺,雕花装饰,13,0.031707,13
建筑功能,居住,12,0.029268,12
建筑空间布局,南北走向,12,0.029268,12
营造技艺,拱券砌筑,12,0.029268,12
建筑功能,交通通行,11,0.026829,11
建筑空间布局,中轴线布局,11,0.026829,11
营造技艺,传统木构,11,0.026829,11
营造技艺,彩绘,11,0.026829,11
建筑结构体系,抬梁式木构架,10,0.02439,10
营造技艺,糯米灰浆,10,0.02439,10
营造技艺,雕花门窗,10,0.02439,10
建筑功能,书房,9,0.021951,9
建筑功能,书斋,9,0.021951,9
建筑材料,木构架,9,0.021951,9
建筑材料,汉白玉,9,0.021951,9
建筑材料,石板,9,0.021951,9
建筑空间布局,天井院落,9,0.021951,9
建筑空间布局,院落组合,9,0.021951,9
建筑结构体系,围院结构,9,0.021951,9
建筑结构体系,瓮城,9,0.021951,9
建筑结构体系,重檐歇山顶,9,0.021951,9
营造技艺,浮雕,9,0.021951,9
建筑材料,木雕,8,0.019512,8
建筑材料,石,8,0.019512,8
建筑材料,石砌,8,0.019512,8
建筑材料,石雕,8,0.019512,8
建筑空间布局,中轴对称布局,8,0.019512,8
建筑空间布局,四合院,8,0.019512,8
建筑结构体系,三进院落,8,0.019512,8
建筑结构体系,中轴对称,8,0.019512,8
建筑结构体系,木结构,8,0.019512,8
建筑结构体系,歇山顶,8,0.019512,8
营造技艺,抬梁式,8,0.019512,8
建筑功能,交通桥,7,0.017073,7
建筑功能,博物馆,7,0.017073,7
建筑功能,民俗博物馆,7,0.017073,7
建筑功能,花厅,7,0.017073,7
建筑材料,糯米灰浆,7,0.017073,7
建筑材料,青瓦,7,0.017073,7
建筑空间布局,东西走向,7,0.017073,7
建筑空间布局,依山就势,7,0.017073,7
建筑空间布局,四进院落,7,0.017073,7
建筑空间布局,对称布局,7,0.017073,7
建筑结构体系,穿斗式木构架,7,0.017073,7
营造技艺,传统木作,7,0.017073,7
营造技艺,夯土技术,7,0.017073,7
营造技艺,木构架,7,0.017073,7
建筑功能,家族聚居,6,0.014634,6
建筑功能,故居,6,0.014634,6
建筑功能,粮仓,6,0.014634,6
建筑材料,琉璃瓦,6,0.014634,6
建筑空间布局,坐东朝西,6,0.014634,6
建筑空间布局,坐南朝北,6,0.014634,6
建筑空间布局,天井,6,0.014634,6
建筑空间布局,轴线对称,6,0.014634,6
建筑结构体系,多进院落,6,0.014634,6
建筑结构体系,硬山式,6,0.014634,6
营造技艺,抬梁式构架,6,0.014634,6
建筑功能,厅堂,5,0.012195,5
建筑功能,古民居,5,0.012195,5
建筑功能,府第,5,0.012195,5
建筑功能,祭祀空间,5,0.012195,5
建筑功能,行政办公,5,0.012195,5
建筑功能,衙署,5,0.012195,5
建筑功能,防御功能,5,0.012195,5
建筑材料,木板,5,0.012195,5
建筑材料,楠木,5,0.012195,5
建筑材料,石刻,5,0.012195,5
建筑空间布局,五开间,5,0.012195,5
建筑空间布局,瓮城布局,5,0.012195,5
建筑空间布局,线性布局,5,0.012195,5
建筑空间布局,背山面水,5,0.012195,5
建筑空间布局,院落式布局,5,0.012195,5
建筑结构体系,单孔石拱桥,5,0.012195,5
建筑结构体系,吊脚楼,5,0.012195,5
建筑结构体系,土木结构,5,0.012195,5
建筑结构体系,拱券结构,5,0.012195,5
建筑结构体系,拱桥,5,0.012195,5
建筑结构体系,砖木混合结构,5,0.012195,5
建筑结构体系,角楼,5,0.012195,5
营造技艺,干砌石工,5,0.012195,5
营造技艺,斗拱,5,0.012195,5
营造技艺,浮雕装饰,5,0.012195,5
营造技艺,砖雕工艺,5,0.012195,5
营造技艺,穿斗式,5,0.012195,5
营造技艺,穿斗式构架,5,0.012195,5
建筑功能,书院,4,0.009756,4
建筑功能,交通连接,4,0.009756,4
建筑功能,商铺,4,0.009756,4
建筑功能,客厅,4,0.009756,4
建筑功能,府邸,4,0.009756,4
建筑功能,正厅,4,0.009756,4
建筑功能,王府,4,0.009756,4
建筑功能,私塾,4,0.009756,4
建筑功能,私家园林,4,0.009756,4
建筑功能,花园,4,0.009756,4
建筑功能,藏书楼,4,0.009756,4
建筑功能,跨河通道,4,0.009756,4
建筑材料,三合土,4,0.009756,4
建筑材料,假山石,4,0.009756,4
建筑材料,太湖石,4,0.009756,4
建筑材料,灰塑,4,0.009756,4
建筑材料,砖木结构,4,0.009756,4
建筑材料,黄土,4,0.009756,4
建筑空间布局,三路并列,4,0.009756,4
建筑空间布局,天井布局,4,0.009756,4
建筑空间布局,弧形桥面,4,0.009756,4
建筑空间布局,长方形平面,4,0.009756,4
建筑空间布局,面阔三间,4,0.009756,4
建筑结构体系,分水尖,4,0.009756,4
建筑结构体系,四合院式,4,0.009756,4
建筑结构体系,城墙,4,0.009756,4
建筑结构体系,悬山顶,4,0.009756,4
建筑结构体系,楼阁式,4,0.009756,4
建筑结构体系,石梁桥,4,0.009756,4
建筑结构体系,面阔五间,4,0.009756,4
营造技艺,传统石作,4,0.009756,4
营造技艺,依山就势,4,0.009756,4
营造技艺,天井排水系统,4,0.009756,4
营造技艺,石刻,4,0.009756,4
营造技艺,石拱砌筑,4,0.009756,4
营造技艺,石砌工艺,4,0.009756,4
营造技艺,石砌拱券,4,0.009756,4
营造技艺,透雕,4,0.009756,4
建筑功能,交通通道,3,0.007317,3
建筑功能,仓储,3,0.007317,3
建筑功能,会馆,3,0.007317,3
建筑功能,公共建筑,3,0.007317,3
建筑功能,内宅,3,0.007317,3
建筑功能,办公场所,3,0.007317,3
建筑功能,办公用房,3,0.007317,3
建筑功能,园林,3,0.007317,3
建筑功能,大厅,3,0.007317,3
建筑功能,学校,3,0.007317,3
建筑功能,宗族聚居,3,0.007317,3
建筑功能,库房,3,0.007317,3
建筑功能,当铺,3,0.007317,3
建筑功能,民居建筑,3,0.007317,3
建筑功能,皇家园林,3,0.007317,3
建筑功能,监狱,3,0.007317,3
建筑功能,神龛,3,0.007317,3
建筑功能,科举考场,3,0.007317,3
建筑功能,纪念性建筑,3,0.007317,3
建筑功能,绣楼,3,0.007317,3
建筑功能,行宫,3,0.007317,3
建筑功能,行政中心,3,0.007317,3
建筑功能,防御,3,0.007317,3
建筑功能,防御体系,3,0.007317,3
建筑材料,原木,3,0.007317,3
建筑材料,小青瓦,3,0.007317,3
建筑材料,巨石,3,0.007317,3
建筑材料,布瓦,3,0.007317,3
建筑材料,料石,3,0.007317,3
建筑材料,木,3,0.007317,3
建筑材料,木构,3,0.007317,3
建筑材料,灰筒瓦,3,0.007317,3
建筑材料,白石,3,0.007317,3
建筑材料,石块,3,0.007317,3
建筑材料,石料,3,0.007317,3
建筑材料,石条,3,0.007317,3
建筑材料,石栏板,3,0.007317,3
建筑材料,石碑,3,0.007317,3
建筑材料,红砖,3,0.007317,3
建筑材料,花岗石,3,0.007317,3
建筑材料,青砖灰瓦,3,0.007317,3
建筑材料,黄石,3,0.007317,3
建筑空间布局,三区布局,3,0.007317,3
建筑空间布局,三路院落,3,0.007317,3
建筑空间布局,依山而建,3,0.007317,3
建筑空间布局,单跨布局,3,0.007317,3
建筑空间布局,单跨拱桥,3,0.007317,3
建筑空间布局,厢房对称,3,0.007317,3
建筑空间布局,合院式布局,3,0.007317,3
建筑空间布局,后花园,3,0.007317,3
建筑空间布局,四合院式,3,0.007317,3
建筑空间布局,四门制,3,0.007317,3
建筑空间布局,坐北向南,3,0.007317,3
建筑空间布局,坐西朝东,3,0.007317,3
建筑空间布局,方形平面,3,0.007317,3
建筑空间布局,火巷分隔,3,0.007317,3
建筑空间布局,西宅东园,3,0.007317,3
建筑空间布局,跨河布局,3,0.007317,3
建筑空间布局,院落式,3,0.007317,3
建筑空间布局,面阔七间,3,0.007317,3
建筑空间布局,面阔五间,3,0.007317,3
建筑结构体系,三合院,3,0.007317,3
建筑结构体系,三孔石拱桥,3,0.007317,3
建筑结构体系,五进院落,3,0.007317,3
建筑结构体系,单檐歇山顶,3,0.007317,3
建筑结构体系,单檐硬山顶,3,0.007317,3
建筑结构体系,卷棚顶,3,0.007317,3
建筑结构体系,合院式,3,0.007317,3
建筑结构体系,回廊结构,3,0.007317,3
建筑结构体系,多孔石桥,3,0.007317,3
建筑结构体系,夯土城墙,3,0.007317,3
建筑结构体系,干栏式,3,0.007317,3
建筑结构体系,护城河,3,0.007317,3
建筑结构体系,敌台,3,0.007317,3
建筑结构体系,木拱廊桥,3,0.007317,3
建筑结构体系,梁桥,3,0.007317,3
建筑结构体系,石砌城墙,3,0.007317,3
建筑结构体系,砖石结构,3,0.007317,3
建筑结构体系,碉楼,3,0.007317,3
建筑结构体系,风雨桥,3,0.007317,3
营造技艺,东阳木雕,3,0.007317,3
营造技艺,传统木构架,3,0.007317,3
营造技艺,传统木构营造,3,0.007317,3
营造技艺,假山叠石,3,0.007317,3
营造技艺,台基砌筑,3,0.007317,3
营造技艺,夯土墙,3,0.007317,3
营造技艺,干砌法,3,0.007317,3
营造技艺,石作工艺,3,0.007317,3
营造技艺,石雕工艺,3,0.007317,3
营造技艺,砖雕装饰,3,0.007317,3
营造技艺,雕梁画栋,3,0.007317,3
营造技艺,马头墙砌筑,3,0.007317,3
建筑功能,交通,2,0.004878,2
建筑功能,交通功能,2,0.004878,2
建筑功能,交通枢纽,2,0.004878,2
建筑功能,交通穿行,2,0.004878,2
建筑功能,交通设施,2,0.004878,2
建筑功能,人行桥,2,0.004878,2
建筑功能,仓储功能,2,0.004878,2
建筑功能,休憩空间,2,0.004878,2
建筑功能,休憩设施,2,0.004878,2
建筑功能,住宅园林,2,0.004878,2
建筑功能,佛堂,2,0.004878,2
建筑功能,全国重点文物保护单位,2,0.004878,2
建筑功能,公路桥,2,0.004878,2
建筑功能,军事要冲,2,0.004878,2
建筑功能,厢房,2,0.004878,2
建筑功能,古驿道桥梁,2,0.004878,2
建筑功能,司马第,2,0.004878,2
建筑功能,城门楼,2,0.004878,2
建筑功能,堂楼,2,0.004878,2
建筑功能,墓葬,2,0.004878,2
建筑功能,备弄,2,0.004878,2
建筑功能,大堂,2,0.004878,2
建筑功能,宅第,2,0.004878,2
建筑功能,宅院,2,0.004878,2
建筑功能,官署,2,0.004878,2
建筑功能,官邸,2,0.004878,2
建筑功能,家宅,2,0.004878,2
建筑功能,家族宅第,2,0.004878,2
建筑功能,家祠,2,0.004878,2
建筑功能,尚书第,2,0.004878,2
建筑功能,居住功能,2,0.004878,2
建筑功能,居所,2,0.004878,2
建筑功能,展览馆,2,0.004878,2
建筑功能,廊桥,2,0.004878,2
建筑功能,戏楼,2,0.004878,2
建筑功能,报时,2,0.004878,2
建筑功能,报时建筑,2,0.004878,2
建筑功能,报时设施,2,0.004878,2
建筑功能,政教中心,2,0.004878,2
建筑功能,文庙,2,0.004878,2
建筑功能,文物保护单位,2,0.004878,2
建筑功能,旅游景区,2,0.004878,2
建筑功能,正堂,2,0.004878,2
建筑功能,水利设施,2,0.004878,2
建筑功能,河道跨越,2,0.004878,2
建筑功能,泄洪,2,0.004878,2
建筑功能,泄洪通道,2,0.004878,2
建筑功能,灌溉,2,0.004878,2
建筑功能,照壁,2,0.004878,2
建筑功能,牲畜圈养,2,0.004878,2
建筑功能,破冰防凌,2,0.004878,2
建筑功能,祭祀,2,0.004878,2
建筑功能,祭祖空间,2,0.004878,2
建筑功能,纤道,2,0.004878,2
建筑功能,纪念馆,2,0.004878,2
建筑功能,聚族而居,2,0.004878,2
建筑功能,藏书,2,0.004878,2
建筑功能,藏书阁,2,0.004878,2
建筑功能,藏兵洞,2,0.004878,2
建筑功能,读书楼,2,0.004878,2
建筑功能,谯楼,2,0.004878,2
建筑功能,跨河交通,2,0.004878,2
建筑功能,通行功能,2,0.004878,2
建筑功能,遮风挡雨,2,0.004878,2
建筑功能,钟鼓楼,2,0.004878,2
建筑功能,门厅,2,0.004878,2
建筑功能,门楼,2,0.004878,2
建筑功能,防御性住宅,2,0.004878,2
建筑功能,防御设施,2,0.004878,2
建筑功能,防洪,2,0.004878,2
建筑功能,陈列展示,2,0.004878,2
建筑材料,出砖入石,2,0.004878,2
建筑材料,卵石,2,0.004878,2
建筑材料,土,2,0.004878,2
建筑材料,土坯,2,0.004878,2
建筑材料,城砖,2,0.004878,2
建筑材料,填土,2,0.004878,2
建筑材料,夯土墙,2,0.004878,2
建筑材料,彩绘,2,0.004878,2
建筑材料,彩绘壁画,2,0.004878,2
建筑材料,拱券石,2,0.004878,2
建筑材料,方石,2,0.004878,2
建筑材料,条形方石,2,0.004878,2
建筑材料,武康石,2,0.004878,2
建筑材料,清水墙,2,0.004878,2
建筑材料,湖石,2,0.004878,2
建筑材料,灰瓦屋面,2,0.004878,2
建筑材料,灰砖,2,0.004878,2
建筑材料,片石,2,0.004878,2
建筑材料,石城,2,0.004878,2
建筑材料,石墩,2,0.004878,2
建筑材料,石室,2,0.004878,2
建筑材料,石拱,2,0.004878,2
建筑材料,石柱,2,0.004878,2
建筑材料,石灰岩,2,0.004878,2
建筑材料,石灰砂浆,2,0.004878,2
建筑材料,砖瓦,2,0.004878,2
建筑材料,红砂岩,2,0.004878,2
建筑材料,绿琉璃剪边,2,0.004878,2
建筑材料,茅草,2,0.004878,2
建筑材料,金漆木雕,2,0.004878,2
建筑材料,铁,2,0.004878,2
建筑材料,铁链,2,0.004878,2
建筑材料,铜,2,0.004878,2
建筑材料,铸铁,2,0.004878,2
建筑材料,长方巨石,2,0.004878,2
建筑材料,青石条,2,0.004878,2
建筑材料,鹅卵石,2,0.004878,2
建筑材料,黑琉璃瓦,2,0.004878,2
建筑材料,黛瓦,2,0.004878,2
建筑空间布局,一正两厢,2,0.004878,2
建筑空间布局,三合院,2,0.004878,2
建筑空间布局,三坊一照壁,2,0.004878,2
建筑空间布局,三开间,2,0.004878,2
建筑空间布局,三条轴线,2,0.004878,2
建筑空间布局,三进四合院,2,0.004878,2
建筑空间布局,上堂下堂,2,0.004878,2
建筑空间布局,不对称布局,2,0.004878,2
建筑空间布局,东西横跨,2,0.004878,2
建筑空间布局,九间廊屋,2,0.004878,2
建筑空间布局,五进院落,2,0.004878,2
建筑空间布局,依山临水,2,0.004878,2
建筑空间布局,依山傍水,2,0.004878,2
建筑空间布局,六进院落,2,0.004878,2
建筑空间布局,分散式布局,2,0.004878,2
建筑空间布局,前后五进,2,0.004878,2
建筑空间布局,前堂后寝,2,0.004878,2
建筑空间布局,前宅后园,2,0.004878,2
建筑空间布局,前朝后寝,2,0.004878,2
建筑空间布局,南北轴线,2,0.004878,2
建筑空间布局,厢房,2,0.004878,2
建筑空间布局,双轴线布局,2,0.004878,2
建筑空间布局,合院式,2,0.004878,2
建筑空间布局,吊脚楼群,2,0.004878,2
建筑空间布局,后罩房,2,0.004878,2
建筑空间布局,品字形布局,2,0.004878,2
建筑空间布局,四合五天井,2,0.004878,2
建筑空间布局,四合院格局,2,0.004878,2
建筑空间布局,回廊,2,0.004878,2
建筑空间布局,回廊连接,2,0.004878,2
建筑空间布局,园林式布局,2,0.004878,2
建筑空间布局,围院式布局,2,0.004878,2
建筑空间布局,坐东北朝西南,2,0.004878,2
建筑空间布局,坐西向东,2,0.004878,2
建筑空间布局,多孔连拱,2,0.004878,2
建筑空间布局,多进建筑,2,0.004878,2
建筑空间布局,多进院落布局,2,0.004878,2
建筑空间布局,天井回廊,2,0.004878,2
建筑空间布局,座北朝南,2,0.004878,2
建筑空间布局,引桥结构,2,0.004878,2
建筑空间布局,方形布局,2,0.004878,2
建筑空间布局,桥亭,2,0.004878,2
建筑空间布局,池水为中心,2,0.004878,2
建筑空间布局,火巷,2,0.004878,2
建筑空间布局,照壁,2,0.004878,2
建筑空间布局,矩形平面,2,0.004878,2
建筑空间布局,纵深布局,2,0.004878,2
建筑空间布局,聚落布局,2,0.004878,2
建筑空间布局,角楼,2,0.004878,2
建筑空间布局,轴线对称布局,2,0.004878,2
建筑空间布局,轴线布局,2,0.004878,2
建筑空间布局,轴线序列,2,0.004878,2
建筑空间布局,门楼,2,0.004878,2
建筑空间布局,阶梯式布局,2,0.004878,2
建筑结构体系,一字形布局,2,0.004878,2
建筑结构体系,三孔联拱,2,0.004878,2
建筑结构体系,三路布局,2,0.004878,2
建筑结构体系,三路并列,2,0.004878,2
建筑结构体系,三重檐歇山顶,2,0.004878,2
建筑结构体系,中轴线布局,2,0.004878,2
建筑结构体系,九孔石桥,2,0.004878,2
建筑结构体系,二进院落,2,0.004878,2
建筑结构体系,五孔梁式石桥,2,0.004878,2
建筑结构体系,五架梁,2,0.004878,2
建筑结构体系,仿木结构,2,0.004878,2
建筑结构体系,依山就势,2,0.004878,2
建筑结构体系,六墩七孔,2,0.004878,2
建筑结构体系,内城外城结构,2,0.004878,2
建筑结构体系,减柱造,2,0.004878,2
建筑结构体系,前宅后院,2,0.004878,2
建筑结构体系,卷棚式,2,0.004878,2
建筑结构体系,台基结构,2,0.004878,2
建筑结构体系,四墩五孔,2,0.004878,2
建筑结构体系,四进院落,2,0.004878,2
建筑结构体系,城堡式,2,0.004878,2
建筑结构体系,城墙结构,2,0.004878,2
建筑结构体系,城门,2,0.004878,2
建筑结构体系,天井院落,2,0.004878,2
建筑结构体系,夯土墙,2,0.004878,2
建筑结构体系,对称布局,2,0.004878,2
建筑结构体系,引桥,2,0.004878,2
建筑结构体系,悬山式顶,2,0.004878,2
建筑结构体系,悬臂梁结构,2,0.004878,2
建筑结构体系,攒尖顶,2,0.004878,2
建筑结构体系,敌楼,2,0.004878,2
建筑结构体系,斗拱结构,2,0.004878,2
建筑结构体系,方形土楼,2,0.004878,2
建筑结构体系,月城,2,0.004878,2
建筑结构体系,木梁桥,2,0.004878,2
建筑结构体系,梭形桥墩,2,0.004878,2
建筑结构体系,浮桥,2,0.004878,2
建筑结构体系,涵洞,2,0.004878,2
建筑结构体系,炮台,2,0.004878,2
建筑结构体系,石拱结构,2,0.004878,2
建筑结构体系,砖石木结构,2,0.004878,2
建筑结构体系,碉楼结构,2,0.004878,2
建筑结构体系,纵列式法券,2,0.004878,2
建筑结构体系,联拱石拱桥,2,0.004878,2
建筑结构体系,走马楼,2,0.004878,2
建筑结构体系,进深三间,2,0.004878,2
建筑结构体系,连拱石桥,2,0.004878,2
建筑结构体系,重檐十字歇山顶,2,0.004878,2
建筑结构体系,重檐结构,2,0.004878,2
建筑结构体系,院落式,2,0.004878,2
建筑结构体系,面阔七间,2,0.004878,2
建筑结构体系,飞檐,2,0.004878,2
建筑结构体系,马头墙,2,0.004878,2
建筑结构体系,马面,2,0.004878,2
建筑结构体系,驷马拖车,2,0.004878,2
营造技艺,中西合璧营造法,2,0.004878,2
营造技艺,中轴对称施工,2,0.004878,2
营造技艺,中轴对称营造,2,0.004878,2
营造技艺,仿天一阁,2,0.004878,2
营造技艺,传统修缮,2,0.004878,2
营造技艺,传统合院营造,2,0.004878,2
营造技艺,传统夯筑,2,0.004878,2
营造技艺,传统砌筑,2,0.004878,2
营造技艺,依山就势营造,2,0.004878,2
营造技艺,依山而建,2,0.004878,2
营造技艺,修旧如旧,2,0.004878,2
营造技艺,借景,2,0.004878,2
营造技艺,减柱造,2,0.004878,2
营造技艺,原貌复建,2,0.004878,2
营造技艺,取法自然,2,0.004878,2
营造技艺,叠山理水,2,0.004878,2
营造技艺,吉祥图案雕刻,2,0.004878,2
营造技艺,四合院营造法,2,0.004878,2
营造技艺,圆雕,2,0.004878,2
营造技艺,城垣砌筑,2,0.004878,2
营造技艺,天井院落,2,0.004878,2
营造技艺,天井院落营造,2,0.004878,2
营造技艺,夯土筑城,2,0.004878,2
营造技艺,夯土筑墙,2,0.004878,2
营造技艺,夯筑,2,0.004878,2
营造技艺,官式彩画,2,0.004878,2
营造技艺,官式营造,2,0.004878,2
营造技艺,干栏式营造,2,0.004878,2
营造技艺,平雕,2,0.004878,2
营造技艺,彩画,2,0.004878,2
营造技艺,徽州三雕,2,0.004878,2
营造技艺,收分墙体,2,0.004878,2
营造技艺,斗拱结构,2,0.004878,2
营造技艺,旋子彩画,2,0.004878,2
营造技艺,明代营造法,2,0.004878,2
营造技艺,木构榫卯,2,0.004878,2
营造技艺,木雕工艺,2,0.004878,2
营造技艺,木雕装饰,2,0.004878,2
营造技艺,楼阁营造,2,0.004878,2
营造技艺,江南园林营造,2,0.004878,2
营造技艺,泥塑,2,0.004878,2
营造技艺,石雕装饰,2,0.004878,2
营造技艺,砖券砌筑,2,0.004878,2
营造技艺,砖木结构,2,0.004878,2
营造技艺,砖木结构营造,2,0.004878,2
营造技艺,砖石包砌,2,0.004878,2
营造技艺,砖雕技艺,2,0.004878,2
营造技艺,穿斗式木构架,2,0.004878,2
营造技艺,糯米灰浆砌筑,2,0.004878,2
营造技艺,纵联分节并列砌置法,2,0.004878,2
营造技艺,苏式彩绘,2,0.004878,2
营造技艺,落架维修,2,0.004878,2
营造技艺,起拱技法,2,0.004878,2
营造技艺,防火设计,2,0.004878,2
营造技艺,青砖砌筑,2,0.004878,2
营造技艺,马头墙,2,0.004878,2
建筑功能,一村一屋,1,0.002439,1
建筑功能,三位一体防御,1,0.002439,1
建筑功能,三合院住宅,1,0.002439,1
建筑功能,三堂,1,0.002439,1
建筑功能,三省通衢,1,0.002439,1
建筑功能,上人下畜,1,0.002439,1
建筑功能,下榻场所,1,0.002439,1
建筑功能,中央官学,1,0.002439,1
建筑功能,临时指挥部,1,0.002439,1
建筑功能,主从有序,1,0.002439,1
建筑功能,主厅,1,0.002439,1
建筑功能,义仓,1,0.002439,1
建筑功能,乘凉歇息,1,0.002439,1
建筑功能,习射场所,1,0.002439,1
建筑功能,乡土建筑研究实例,1,0.002439,1
建筑功能,乡土防御建筑,1,0.002439,1
建筑功能,乡试考场,1,0.002439,1
建筑功能,书堂,1,0.002439,1
建筑功能,书屋,1,0.002439,1
建筑功能,书楼,1,0.002439,1
建筑功能,书舍,1,0.002439,1
建筑功能,二堂,1,0.002439,1
建筑功能,五凤楼,1,0.002439,1
建筑功能,五落透后,1,0.002439,1
建筑功能,交通咽喉,1,0.002439,1
建筑功能,交通水利设施,1,0.002439,1
建筑功能,交通节点,1,0.002439,1
建筑功能,交通要津,1,0.002439,1
建筑功能,京畿要道,1,0.002439,1
建筑功能,亭,1,0.002439,1
建筑功能,亭台楼阁复合功能,1,0.002439,1
建筑功能,人文博物馆,1,0.002439,1
建筑功能,人文空间,1,0.002439,1
建筑功能,人畜分居,1,0.002439,1
建筑功能,人畜分道,1,0.002439,1
建筑功能,人车分行桥面,1,0.002439,1
建筑功能,仆役用房,1,0.002439,1
建筑功能,从厝,1,0.002439,1
建筑功能,仓储与生产兼备,1,0.002439,1
建筑功能,仓储建筑,1,0.002439,1
建筑功能,仓储生活区,1,0.002439,1
建筑功能,仓储设施,1,0.002439,1
建筑功能,仓储防御,1,0.002439,1
建筑功能,仓廪,1,0.002439,1
建筑功能,仓房,1,0.002439,1
建筑功能,仪仗庆典场所,1,0.002439,1
建筑功能,休憩场所,1,0.002439,1
建筑功能,休憩聚会空间,1,0.002439,1
建筑功能,休憩遮蔽,1,0.002439,1
建筑功能,休闲娱乐,1,0.002439,1
建筑功能,会客,1,0.002439,1
建筑功能,会客厅,1,0.002439,1
建筑功能,会客楼,1,0.002439,1
建筑功能,住宅楼,1,0.002439,1
建筑功能,佛楼,1,0.002439,1
建筑功能,作坊,1,0.002439,1
建筑功能,侗族立交桥,1,0.002439,1
建筑功能,侨商住宅,1,0.002439,1
建筑功能,信仰场所,1,0.002439,1
建筑功能,停泊船舰,1,0.002439,1
建筑功能,储粮,1,0.002439,1
建筑功能,储粮供水,1,0.002439,1
建筑功能,儒家文化载体,1,0.002439,1
建筑功能,元帅府,1,0.002439,1
建筑功能,先祖圣龛,1,0.002439,1
建筑功能,八厅七井,1,0.002439,1
建筑功能,八防功能,1,0.002439,1
建筑功能,公主府邸,1,0.002439,1
建筑功能,公共交流空间,1,0.002439,1
建筑功能,公共公园,1,0.002439,1
建筑功能,公共展示空间,1,0.002439,1
建筑功能,公共文化空间,1,0.002439,1
建筑功能,公共活动,1,0.002439,1
建筑功能,公厅屋,1,0.002439,1
建筑功能,公租房,1,0.002439,1
建筑功能,公路桥（历史）,1,0.002439,1
建筑功能,关隘防御,1,0.002439,1
建筑功能,内廷,1,0.002439,1
建筑功能,内河运输枢纽,1,0.002439,1
建筑功能,军事司令部旧址,1,0.002439,1
建筑功能,军事大本营,1,0.002439,1
建筑功能,军事屯堡,1,0.002439,1
建筑功能,军事指挥,1,0.002439,1
建筑功能,军事指挥机构,1,0.002439,1
建筑功能,军事机构,1,0.002439,1
建筑功能,军事瞭望,1,0.002439,1
建筑功能,军事要塞,1,0.002439,1
建筑功能,军事辅助功能,1,0.002439,1
建筑功能,军事重镇,1,0.002439,1
建筑功能,军事长官司衙,1,0.002439,1
建筑功能,军事防御体系,1,0.002439,1
建筑功能,军事驻守,1,0.002439,1
建筑功能,军事驻防,1,0.002439,1
建筑功能,军事驻防城,1,0.002439,1
建筑功能,军捕,1,0.002439,1
建筑功能,军政中心,1,0.002439,1
建筑功能,军用师部,1,0.002439,1
建筑功能,农具堆放,1,0.002439,1
建筑功能,减重结构,1,0.002439,1
建筑功能,凭吊场所,1,0.002439,1
建筑功能,刑讯室,1,0.002439,1
建筑功能,创作空间,1,0.002439,1
建筑功能,制高点防御,1,0.002439,1
建筑功能,前厅,1,0.002439,1
建筑功能,前园后宅,1,0.002439,1
建筑功能,前客厅,1,0.002439,1
建筑功能,前衙后邸,1,0.002439,1
建筑功能,办公,1,0.002439,1
建筑功能,办公起居,1,0.002439,1
建筑功能,办公院,1,0.002439,1
建筑功能,功绩表彰,1,0.002439,1
建筑功能,功能分明,1,0.002439,1
建筑功能,医院,1,0.002439,1
建筑功能,千户所驻地,1,0.002439,1
建筑功能,博物院,1,0.002439,1
建筑功能,卧室,1,0.002439,1
建筑功能,卧房,1,0.002439,1
建筑功能,卫城,1,0.002439,1
建筑功能,卫所,1,0.002439,1
建筑功能,卫所城池,1,0.002439,1
建筑功能,卫所遗存,1,0.002439,1
建筑功能,卫队室,1,0.002439,1
建筑功能,危桥限行,1,0.002439,1
建筑功能,厅堂会客,1,0.002439,1
建筑功能,历史价值,1,0.002439,1
建筑功能,历史博物馆,1,0.002439,1
建筑功能,历史古迹,1,0.002439,1
建筑功能,历史地标,1,0.002439,1
建筑功能,历史文化名城,1,0.002439,1
建筑功能,历史文化载体,1,0.002439,1
建筑功能,历史纪念,1,0.002439,1
建筑功能,历史纪念建筑物,1,0.002439,1
建筑功能,历史见证物,1,0.002439,1
建筑功能,历史陈列,1,0.002439,1
建筑功能,厨厩,1,0.002439,1
建筑功能,厨房及佣人生活处,1,0.002439,1
建筑功能,厨院,1,0.002439,1
建筑功能,县城,1,0.002439,1
建筑功能,县政府驻地,1,0.002439,1
建筑功能,县治,1,0.002439,1
建筑功能,县级政权机构,1,0.002439,1
建筑功能,县级行政机构,1,0.002439,1
建筑功能,双人并行通道,1,0.002439,1
建筑功能,双层功能分工,1,0.002439,1
建筑功能,双重功能城墙,1,0.002439,1
建筑功能,古井,1,0.002439,1
建筑功能,古典园林,1,0.002439,1
建筑功能,古建筑,1,0.002439,1
建筑功能,古建筑研究实物,1,0.002439,1
建筑功能,古建筑群,1,0.002439,1
建筑功能,古桥,1,0.002439,1
建筑功能,古桥遗存,1,0.002439,1
建筑功能,古琴艺术馆,1,0.002439,1
建筑功能,古驿道节点,1,0.002439,1
建筑功能,号舍,1,0.002439,1
建筑功能,吊酒房,1,0.002439,1
建筑功能,名园,1,0.002439,1
建筑功能,后包,1,0.002439,1
建筑功能,后厅,1,0.002439,1
建筑功能,后花园,1,0.002439,1
建筑功能,吏舍,1,0.002439,1
建筑功能,听政殿,1,0.002439,1
建筑功能,品官府邸,1,0.002439,1
建筑功能,哲学家宅第,1,0.002439,1
建筑功能,唐卡艺术画廊,1,0.002439,1
建筑功能,商住两用,1,0.002439,1
建筑功能,商住合一,1,0.002439,1
建筑功能,商帮议事,1,0.002439,1
建筑功能,商贸交流,1,0.002439,1
建筑功能,囚房,1,0.002439,1
建筑功能,四代同堂,1,0.002439,1
建筑功能,四库全书贮藏,1,0.002439,1
建筑功能,园居院落,1,0.002439,1
建筑功能,园林区,1,0.002439,1
建筑功能,围楼,1,0.002439,1
建筑功能,国家天文台,1,0.002439,1
建筑功能,国货陈列所,1,0.002439,1
建筑功能,图书馆,1,0.002439,1
建筑功能,图书馆前身,1,0.002439,1
建筑功能,图书馆阅览室,1,0.002439,1
建筑功能,土司城址,1,0.002439,1
建筑功能,土司居所,1,0.002439,1
建筑功能,土司治所,1,0.002439,1
建筑功能,土司衙署,1,0.002439,1
建筑功能,地标建筑,1,0.002439,1
建筑功能,地标性建筑,1,0.002439,1
建筑功能,城堡式建筑,1,0.002439,1
建筑功能,城墙,1,0.002439,1
建筑功能,城市地标,1,0.002439,1
建筑功能,城池守御,1,0.002439,1
建筑功能,城池驻守,1,0.002439,1
建筑功能,城门建制,1,0.002439,1
建筑功能,城门连接桥,1,0.002439,1
建筑功能,城门通道,1,0.002439,1
建筑功能,城门防洪,1,0.002439,1
建筑功能,城防体系,1,0.002439,1
建筑功能,基层防御,1,0.002439,1
建筑功能,堂屋,1,0.002439,1
建筑功能,堡垒性功能,1,0.002439,1
建筑功能,堡寨体系,1,0.002439,1
建筑功能,墓园,1,0.002439,1
建筑功能,士子教育,1,0.002439,1
建筑功能,声学展示,1,0.002439,1
建筑功能,声教楼,1,0.002439,1
建筑功能,复社活动地,1,0.002439,1
建筑功能,夏宫,1,0.002439,1
建筑功能,外朝,1,0.002439,1
建筑功能,多功能集成,1,0.002439,1
建筑功能,多房间布局,1,0.002439,1
建筑功能,多民族历史见证,1,0.002439,1
建筑功能,夜花园,1,0.002439,1
建筑功能,夜间辨识功能,1,0.002439,1
建筑功能,大厝,1,0.002439,1
建筑功能,大夫第,1,0.002439,1
建筑功能,大屋,1,0.002439,1
建筑功能,天井,1,0.002439,1
建筑功能,天井排水系统,1,0.002439,1
建筑功能,天井采光通风,1,0.002439,1
建筑功能,天文台,1,0.002439,1
建筑功能,婚丧礼仪场所,1,0.002439,1
建筑功能,存诚堂,1,0.002439,1
建筑功能,孝亲庆贺,1,0.002439,1
建筑功能,孝子坊,1,0.002439,1
建筑功能,孝子祠,1,0.002439,1
建筑功能,孝道文化空间,1,0.002439,1
建筑功能,学政公署,1,0.002439,1
建筑功能,宅第功能,1,0.002439,1
建筑功能,宅邸,1,0.002439,1
建筑功能,守时,1,0.002439,1
建筑功能,宋代建筑遗存,1,0.002439,1
建筑功能,宗亲纽带,1,0.002439,1
建筑功能,宗教功能,1,0.002439,1
建筑功能,宗教建筑,1,0.002439,1
建筑功能,宗教法事场所,1,0.002439,1
建筑功能,宗教纪念建筑,1,0.002439,1
建筑功能,宗族居住,1,0.002439,1
建筑功能,宗族建筑,1,0.002439,1
建筑功能,宗族礼制建筑,1,0.002439,1
建筑功能,宗族空间,1,0.002439,1
建筑功能,宗法制度载体,1,0.002439,1
建筑功能,宗法礼制空间,1,0.002439,1
建筑功能,宗祠功能,1,0.002439,1
建筑功能,官办粮仓,1,0.002439,1
建筑功能,官厅,1,0.002439,1
建筑功能,官员功德坊,1,0.002439,1
建筑功能,官员居所,1,0.002439,1
建筑功能,官学场所,1,0.002439,1
建筑功能,官宅,1,0.002439,1
建筑功能,官宦宅第,1,0.002439,1
建筑功能,官式宅院,1,0.002439,1
建筑功能,官署办公场所,1,0.002439,1
建筑功能,定更设施,1,0.002439,1
建筑功能,宝俭庐,1,0.002439,1
建筑功能,实用与艺术结合,1,0.002439,1
建筑功能,审案空间,1,0.002439,1
建筑功能,客家围屋,1,0.002439,1
建筑功能,客家文化展示空间,1,0.002439,1
建筑功能,客家民宅,1,0.002439,1
建筑功能,客座,1,0.002439,1
建筑功能,客房,1,0.002439,1
建筑功能,宣唱名次建筑,1,0.002439,1
建筑功能,宫殿,1,0.002439,1
建筑功能,宴乐空间,1,0.002439,1
建筑功能,宴客,1,0.002439,1
建筑功能,宴席之地,1,0.002439,1
建筑功能,家族宅邸,1,0.002439,1
建筑功能,家族居住,1,0.002439,1
建筑功能,家族祭祀,1,0.002439,1
建筑功能,宿舍,1,0.002439,1
建筑功能,寝宫,1,0.002439,1
建筑功能,寨墙寨门,1,0.002439,1
建筑功能,寺庙,1,0.002439,1
建筑功能,封闭式院落,1,0.002439,1
建筑功能,射孔,1,0.002439,1
建筑功能,将军府邸,1,0.002439,1
建筑功能,将军第,1,0.002439,1
建筑功能,小学,1,0.002439,1
建筑功能,小社会化空间,1,0.002439,1
建筑功能,尚书府邸,1,0.002439,1
建筑功能,居住与商用混合,1,0.002439,1
建筑功能,居住为主,1,0.002439,1
建筑功能,居住分房,1,0.002439,1
建筑功能,居住区,1,0.002439,1
建筑功能,居住空间,1,0.002439,1
建筑功能,居住防御,1,0.002439,1
建筑功能,居住防御一体,1,0.002439,1
建筑功能,居室,1,0.002439,1
建筑功能,居防合一,1,0.002439,1
建筑功能,屏风,1,0.002439,1
建筑功能,展览空间,1,0.002439,1
建筑功能,屯田驻守,1,0.002439,1
建筑功能,屯边要塞,1,0.002439,1
建筑功能,山口通道,1,0.002439,1
建筑功能,山城,1,0.002439,1
建筑功能,州城,1,0.002439,1
建筑功能,州治所,1,0.002439,1
建筑功能,州署正堂,1,0.002439,1
建筑功能,布政使衙署,1,0.002439,1
建筑功能,帅正堂,1,0.002439,1
建筑功能,平抑粮价,1,0.002439,1
建筑功能,广场,1,0.002439,1
建筑功能,府库,1,0.002439,1
建筑功能,府治,1,0.002439,1
建筑功能,府衙,1,0.002439,1
建筑功能,府邸宅园,1,0.002439,1
建筑功能,府际桥梁,1,0.002439,1
建筑功能,庭院,1,0.002439,1
建筑功能,庭院居住空间,1,0.002439,1
建筑功能,庭院生活,1,0.002439,1
建筑功能,廊亭,1,0.002439,1
建筑功能,当铺院,1,0.002439,1
建筑功能,彰显地位,1,0.002439,1
建筑功能,影视取景,1,0.002439,1
建筑功能,待客,1,0.002439,1
建筑功能,御书楼,1,0.002439,1
建筑功能,御敌,1,0.002439,1
建筑功能,御用门道,1,0.002439,1
建筑功能,御苑,1,0.002439,1
建筑功能,御道桥梁,1,0.002439,1
建筑功能,德行规管,1,0.002439,1
建筑功能,徽商住宅,1,0.002439,1
建筑功能,思补斋,1,0.002439,1
建筑功能,恋春阁,1,0.002439,1
建筑功能,戏楼演出,1,0.002439,1
建筑功能,手工作坊,1,0.002439,1
建筑功能,执事住所,1,0.002439,1
建筑功能,抗洪防攻,1,0.002439,1
建筑功能,抗震,1,0.002439,1
建筑功能,护田,1,0.002439,1
建筑功能,报时中心,1,0.002439,1
建筑功能,拱卫京师,1,0.002439,1
建筑功能,指挥作战,1,0.002439,1
建筑功能,指挥使司,1,0.002439,1
建筑功能,授时,1,0.002439,1
建筑功能,排水系统,1,0.002439,1
建筑功能,接官厅,1,0.002439,1
建筑功能,接见外使,1,0.002439,1
建筑功能,操练水师,1,0.002439,1
建筑功能,支祠,1,0.002439,1
建筑功能,政务活动场所,1,0.002439,1
建筑功能,政务警示建筑,1,0.002439,1
建筑功能,政权机构遗存,1,0.002439,1
建筑功能,政治中心,1,0.002439,1
建筑功能,政治活动,1,0.002439,1
建筑功能,故居博物馆,1,0.002439,1
建筑功能,敕建牌坊,1,0.002439,1
建筑功能,教学空间,1,0.002439,1
建筑功能,教育展示场所,1,0.002439,1
建筑功能,教育空间,1,0.002439,1
建筑功能,教诲室,1,0.002439,1
建筑功能,文化收藏,1,0.002439,1
建筑功能,文化教育,1,0.002439,1
建筑功能,文化研究中心,1,0.002439,1
建筑功能,文化研究实物,1,0.002439,1
建筑功能,文化载体,1,0.002439,1
建筑功能,文化通道,1,0.002439,1
建筑功能,文化遗产保护,1,0.002439,1
建筑功能,文场,1,0.002439,1
建筑功能,文教功能,1,0.002439,1
建筑功能,文物展厅,1,0.002439,1
建筑功能,文物展示,1,0.002439,1
建筑功能,文物遗存,1,0.002439,1
建筑功能,旅居接待,1,0.002439,1
建筑功能,旅游景点,1,0.002439,1
建筑功能,旅游观光步行桥,1,0.002439,1
建筑功能,旗政办公区,1,0.002439,1
建筑功能,日常生活起居,1,0.002439,1
建筑功能,晋商文化博物馆,1,0.002439,1
建筑功能,晒谷场,1,0.002439,1
建筑功能,景点兼饭店,1,0.002439,1
建筑功能,景观构筑,1,0.002439,1
建筑功能,景观桥,1,0.002439,1
建筑功能,景观点缀,1,0.002439,1
建筑功能,景观装饰,1,0.002439,1
建筑功能,暖阁,1,0.002439,1
建筑功能,望楼,1,0.002439,1
建筑功能,望河楼,1,0.002439,1
建筑功能,机房,1,0.002439,1
建筑功能,村落聚居,1,0.002439,1
建筑功能,村落节点,1,0.002439,1
建筑功能,村落连通,1,0.002439,1
建筑功能,村落通道,1,0.002439,1
建筑功能,染坊,1,0.002439,1
建筑功能,校园环境,1,0.002439,1
建筑功能,校舍,1,0.002439,1
建筑功能,桥亭,1,0.002439,1
建筑功能,桥头楼阁,1,0.002439,1
建筑功能,桥庙,1,0.002439,1
建筑功能,桥梁,1,0.002439,1
建筑功能,桥梁演变实物资料,1,0.002439,1
建筑功能,桥梁防护,1,0.002439,1
建筑功能,桥身保护,1,0.002439,1
建筑功能,桥里桥,1,0.002439,1
建筑功能,楼上厅,1,0.002439,1
建筑功能,楼式四合院,1,0.002439,1
建筑功能,榜眼府,1,0.002439,1
建筑功能,榷税机构,1,0.002439,1
建筑功能,横屋,1,0.002439,1
建筑功能,横跨桥,1,0.002439,1
建筑功能,正房,1,0.002439,1
建筑功能,步行桥,1,0.002439,1
建筑功能,步行通道,1,0.002439,1
建筑功能,民俗展示空间,1,0.002439,1
建筑功能,民俗研究载体,1,0.002439,1
建筑功能,民宅,1,0.002439,1
建筑功能,民居建筑群,1,0.002439,1
建筑功能,民居集大成者,1,0.002439,1
建筑功能,民用桥梁,1,0.002439,1
建筑功能,民间艺术研究对象,1,0.002439,1
建筑功能,水井,1,0.002439,1
建筑功能,水井供水,1,0.002439,1
建筑功能,水位标识,1,0.002439,1
建筑功能,水军基地,1,0.002439,1
建筑功能,水利工程,1,0.002439,1
建筑功能,水利排蓄,1,0.002439,1
建筑功能,水榭,1,0.002439,1
建筑功能,水闸,1,0.002439,1
建筑功能,水闸调控,1,0.002439,1
建筑功能,江南城镇民宅,1,0.002439,1
建筑功能,治经室,1,0.002439,1
建筑功能,泄水腹拱,1,0.002439,1
建筑功能,测时,1,0.002439,1
建筑功能,济民便民,1,0.002439,1
建筑功能,济运,1,0.002439,1
建筑功能,海港集市,1,0.002439,1
建筑功能,海运通道,1,0.002439,1
建筑功能,海防要塞,1,0.002439,1
建筑功能,消防,1,0.002439,1
建筑功能,涉侨建筑,1,0.002439,1
建筑功能,涉台文物,1,0.002439,1
建筑功能,清代官宅,1,0.002439,1
建筑功能,清代官邸,1,0.002439,1
建筑功能,清代民居,1,0.002439,1
建筑功能,渔舟通道,1,0.002439,1
建筑功能,港口石堤,1,0.002439,1
建筑功能,游览,1,0.002439,1
建筑功能,漕运税收衙署,1,0.002439,1
建筑功能,火巷,1,0.002439,1
建筑功能,点将台,1,0.002439,1
建筑功能,烟火堂,1,0.002439,1
建筑功能,爱国主义教育基地,1,0.002439,1
建筑功能,爱莲堂,1,0.002439,1
建筑功能,牌坊,1,0.002439,1
建筑功能,牢房,1,0.002439,1
建筑功能,狱神庙,1,0.002439,1
建筑功能,王府住宅,1,0.002439,1
建筑功能,王府前导空间,1,0.002439,1
建筑功能,王府遗存,1,0.002439,1
建筑功能,珠三角风格,1,0.002439,1
建筑功能,理学居所,1,0.002439,1
建筑功能,理政,1,0.002439,1
建筑功能,理政场所,1,0.002439,1
建筑功能,理政殿,1,0.002439,1
建筑功能,生活保障区,1,0.002439,1
建筑功能,生活功能,1,0.002439,1
建筑功能,生活区,1,0.002439,1
建筑功能,生活设施配套,1,0.002439,1
建筑功能,生活起居,1,0.002439,1
建筑功能,生活防御复合功能,1,0.002439,1
建筑功能,界桥,1,0.002439,1
建筑功能,留学生接待,1,0.002439,1
建筑功能,畜养,1,0.002439,1
建筑功能,疗养院,1,0.002439,1
建筑功能,登基大典场所,1,0.002439,1
建筑功能,登山通道,1,0.002439,1
建筑功能,皇家档案馆,1,0.002439,1
建筑功能,盐商住宅,1,0.002439,1
建筑功能,盐商园林,1,0.002439,1
建筑功能,监狱工厂,1,0.002439,1
建筑功能,看花楼,1,0.002439,1
建筑功能,瞭望,1,0.002439,1
建筑功能,知县宅,1,0.002439,1
建筑功能,知府眷属院,1,0.002439,1
建筑功能,知府衙门,1,0.002439,1
建筑功能,石室金匮,1,0.002439,1
建筑功能,石栏护桥,1,0.002439,1
建筑功能,石牌坊,1,0.002439,1
建筑功能,碑亭,1,0.002439,1
建筑功能,碑楼,1,0.002439,1
建筑功能,磨砚山房,1,0.002439,1
建筑功能,礼仪祭祀场所,1,0.002439,1
建筑功能,礼制通道,1,0.002439,1
建筑功能,礼政区,1,0.002439,1
建筑功能,社区办公,1,0.002439,1
建筑功能,社区卫生服务站,1,0.002439,1
建筑功能,祖先堂,1,0.002439,1
建筑功能,祖堂,1,0.002439,1
建筑功能,祖屋,1,0.002439,1
建筑功能,神坛,1,0.002439,1
建筑功能,神殿,1,0.002439,1
建筑功能,祠堂功能,1,0.002439,1
建筑功能,祠居合一,1,0.002439,1
建筑功能,祭祀与居住复合功能,1,0.002439,1
建筑功能,祭祀区,1,0.002439,1
建筑功能,祭祀厅堂,1,0.002439,1
建筑功能,祭祖楼,1,0.002439,1
建筑功能,私人住宅园林,1,0.002439,1
建筑功能,私人码头,1,0.002439,1
建筑功能,私宅,1,0.002439,1
建筑功能,私家宅第,1,0.002439,1
建筑功能,私府,1,0.002439,1
建筑功能,科举博物馆,1,0.002439,1
建筑功能,科举唱榜场所,1,0.002439,1
建筑功能,科举文化建筑,1,0.002439,1
建筑功能,科举考核,1,0.002439,1
建筑功能,科举试院,1,0.002439,1
建筑功能,科学价值,1,0.002439,1
建筑功能,签押房,1,0.002439,1
建筑功能,箭孔,1,0.002439,1
建筑功能,箭窗防御,1,0.002439,1
建筑功能,米行,1,0.002439,1
建筑功能,粮库,1,0.002439,1
建筑功能,红色文化遗址,1,0.002439,1
建筑功能,纤道桥,1,0.002439,1
建筑功能,纪念建筑,1,0.002439,1
建筑功能,纪念性桥梁,1,0.002439,1
建筑功能,纪念祠,1,0.002439,1
建筑功能,织造衙门,1,0.002439,1
建筑功能,经堂,1,0.002439,1
建筑功能,经堂空间,1,0.002439,1
建筑功能,经济枢纽,1,0.002439,1
建筑功能,绞刑室,1,0.002439,1
建筑功能,美人靠,1,0.002439,1
建筑功能,翰林宅,1,0.002439,1
建筑功能,老宅,1,0.002439,1
建筑功能,考场,1,0.002439,1
建筑功能,考官办公居住,1,0.002439,1
建筑功能,考生应试场所,1,0.002439,1
建筑功能,考院,1,0.002439,1
建筑功能,耕读空间,1,0.002439,1
建筑功能,聚会场所,1,0.002439,1
建筑功能,聚居,1,0.002439,1
建筑功能,聚居村落,1,0.002439,1
建筑功能,自救仓储,1,0.002439,1
建筑功能,自给自足综合体,1,0.002439,1
建筑功能,艺术价值,1,0.002439,1
建筑功能,艺术馆,1,0.002439,1
建筑功能,花桥,1,0.002439,1
建筑功能,苏维埃政权驻地,1,0.002439,1
建筑功能,苗疆古城,1,0.002439,1
建筑功能,茶亭,1,0.002439,1
建筑功能,茶厅,1,0.002439,1
建筑功能,茶庄旧址,1,0.002439,1
建筑功能,药店,1,0.002439,1
建筑功能,药铺,1,0.002439,1
建筑功能,营房,1,0.002439,1
建筑功能,蓄水,1,0.002439,1
建筑功能,虚受堂,1,0.002439,1
建筑功能,行人歇息,1,0.002439,1
建筑功能,行政办公场所,1,0.002439,1
建筑功能,行政区,1,0.002439,1
建筑功能,行政司法中心,1,0.002439,1
建筑功能,行政驻地,1,0.002439,1
建筑功能,行舟背纤通道,1,0.002439,1
建筑功能,衍庆堂,1,0.002439,1
建筑功能,衙署主堂,1,0.002439,1
建筑功能,衙署建筑,1,0.002439,1
建筑功能,装饰性临街建筑,1,0.002439,1
建筑功能,西花园,1,0.002439,1
建筑功能,观景亭桥,1,0.002439,1
建筑功能,观景楼,1,0.002439,1
建筑功能,观览风景,1,0.002439,1
建筑功能,议事厅,1,0.002439,1
建筑功能,读书,1,0.002439,1
建筑功能,谒陵通道,1,0.002439,1
建筑功能,谷仓,1,0.002439,1
建筑功能,豪门宅第,1,0.002439,1
建筑功能,贡院,1,0.002439,1
建筑功能,贮藏间,1,0.002439,1
建筑功能,赈灾仓储,1,0.002439,1
建筑功能,赈灾仓库,1,0.002439,1
建筑功能,赣派建筑,1,0.002439,1
建筑功能,起居室,1,0.002439,1
建筑功能,跨江桥,1,0.002439,1
建筑功能,跨河桥,1,0.002439,1
建筑功能,跨河桥梁,1,0.002439,1
建筑功能,跨河连接,1,0.002439,1
建筑功能,跨河连街,1,0.002439,1
建筑功能,跨溪通行,1,0.002439,1
建筑功能,跨越障碍,1,0.002439,1
建筑功能,路亭,1,0.002439,1
建筑功能,车行便桥,1,0.002439,1
建筑功能,车行桥,1,0.002439,1
建筑功能,轩馆,1,0.002439,1
建筑功能,轿厅,1,0.002439,1
建筑功能,边务督署,1,0.002439,1
建筑功能,边疆驻防将军府,1,0.002439,1
建筑功能,边防防御,1,0.002439,1
建筑功能,过街亭,1,0.002439,1
建筑功能,迎宾,1,0.002439,1
建筑功能,运河附属设施,1,0.002439,1
建筑功能,近现代文物,1,0.002439,1
建筑功能,还读楼,1,0.002439,1
建筑功能,进士及第纪念坊,1,0.002439,1
建筑功能,进士府第,1,0.002439,1
建筑功能,连接两岸,1,0.002439,1
建筑功能,通济交通,1,0.002439,1
建筑功能,通航孔,1,0.002439,1
建筑功能,通行,1,0.002439,1
建筑功能,通行桥梁,1,0.002439,1
建筑功能,道教宫观,1,0.002439,1
建筑功能,遮风避雨,1,0.002439,1
建筑功能,避难功能,1,0.002439,1
建筑功能,避风浪,1,0.002439,1
建筑功能,避风雨,1,0.002439,1
建筑功能,酒店功能,1,0.002439,1
建筑功能,采光通风,1,0.002439,1
建筑功能,金库,1,0.002439,1
建筑功能,钞关,1,0.002439,1
建筑功能,钟楼,1,0.002439,1
建筑功能,钦天监外署,1,0.002439,1
建筑功能,钱庄,1,0.002439,1
建筑功能,镇城设施,1,0.002439,1
建筑功能,长城防御体系,1,0.002439,1
建筑功能,长工房,1,0.002439,1
建筑功能,门户桥梁,1,0.002439,1
建筑功能,闸桥合一,1,0.002439,1
建筑功能,闺房,1,0.002439,1
建筑功能,阅军楼,1,0.002439,1
建筑功能,防卫,1,0.002439,1
建筑功能,防御为主,1,0.002439,1
建筑功能,防御城堡,1,0.002439,1
建筑功能,防御堡垒,1,0.002439,1
建筑功能,防御外侵,1,0.002439,1
建筑功能,防御建筑,1,0.002439,1
建筑功能,防御性,1,0.002439,1
建筑功能,防御性居城,1,0.002439,1
建筑功能,防御性民居,1,0.002439,1
建筑功能,防御碉楼,1,0.002439,1
建筑功能,防御聚居,1,0.002439,1
建筑功能,防水,1,0.002439,1
建筑功能,防洪功能,1,0.002439,1
建筑功能,防洪堤,1,0.002439,1
建筑功能,防洪踏步,1,0.002439,1
建筑功能,防滑加固,1,0.002439,1
建筑功能,防火,1,0.002439,1
建筑功能,防火攻,1,0.002439,1
建筑功能,防火设施,1,0.002439,1
建筑功能,防盗,1,0.002439,1
建筑功能,附属用房,1,0.002439,1
建筑功能,院试场所,1,0.002439,1
建筑功能,集会,1,0.002439,1
建筑功能,集会娱乐,1,0.002439,1
建筑功能,集会议事,1,0.002439,1
建筑功能,集居防卫,1,0.002439,1
建筑功能,革命遗址,1,0.002439,1
建筑功能,颇章,1,0.002439,1
建筑功能,风土习俗实证,1,0.002439,1
建筑功能,风水构筑物,1,0.002439,1
建筑功能,风雨廊桥,1,0.002439,1
建筑功能,风雨桥,1,0.002439,1
建筑功能,飞来椅,1,0.002439,1
建筑功能,马厩,1,0.002439,1
建筑功能,马神庙,1,0.002439,1
建筑功能,驻藏大臣衙门,1,0.002439,1
建筑功能,驿丞宅,1,0.002439,1
建筑功能,驿卒舍,1,0.002439,1
建筑功能,驿城,1,0.002439,1
建筑功能,驿站,1,0.002439,1
建筑功能,驿站桥梁,1,0.002439,1
建筑功能,驿路桥,1,0.002439,1
建筑功能,鱼池蓄水,1,0.002439,1
建筑功能,鸳鸯厅,1,0.002439,1
建筑功能,黑神殿,1,0.002439,1
建筑材料,一钉石一横石相间垒砌,1,0.002439,1
建筑材料,上等木料,1,0.002439,1
建筑材料,乔木,1,0.002439,1
建筑材料,仰天石,1,0.002439,1
建筑材料,仿宋建材,1,0.002439,1
建筑材料,仿木结构,1,0.002439,1
建筑材料,余木,1,0.002439,1
建筑材料,内石外砖,1,0.002439,1
建筑材料,包砖,1,0.002439,1
建筑材料,压舱石,1,0.002439,1
建筑材料,原砖,1,0.002439,1
建筑材料,原色材料,1,0.002439,1
建筑材料,双色石材,1,0.002439,1
建筑材料,古朴木材,1,0.002439,1
建筑材料,古柏,1,0.002439,1
建筑材料,古树名木,1,0.002439,1
建筑材料,古砖,1,0.002439,1
建筑材料,圆木,1,0.002439,1
建筑材料,土城,1,0.002439,1
建筑材料,土城墙,1,0.002439,1
建筑材料,土墙,1,0.002439,1
建筑材料,土布瓦砖,1,0.002439,1
建筑材料,土木,1,0.002439,1
建筑材料,块石包砌,1,0.002439,1
建筑材料,坤甸木,1,0.002439,1
建筑材料,基条石,1,0.002439,1
建筑材料,壁画材料,1,0.002439,1
建筑材料,大块石板,1,0.002439,1
建筑材料,大型石块,1,0.002439,1
建筑材料,大红立柱,1,0.002439,1
建筑材料,大青石,1,0.002439,1
建筑材料,大青砖,1,0.002439,1
建筑材料,奇石,1,0.002439,1
建筑材料,孔雀蓝琉璃瓦,1,0.002439,1
建筑材料,宝瓶火焰珠攒尖顶,1,0.002439,1
建筑材料,小瓦,1,0.002439,1
建筑材料,山石,1,0.002439,1
建筑材料,岩石,1,0.002439,1
建筑材料,嵌瓷,1,0.002439,1
建筑材料,巨型木门,1,0.002439,1
建筑材料,廊屋,1,0.002439,1
建筑材料,弧形条石,1,0.002439,1
建筑材料,彩塑屋脊,1,0.002439,1
建筑材料,彩画颜料,1,0.002439,1
建筑材料,彩绘材料,1,0.002439,1
建筑材料,彩绘颜料,1,0.002439,1
建筑材料,彩色围栏,1,0.002439,1
建筑材料,扁钢条,1,0.002439,1
建筑材料,手工烧制砖瓦,1,0.002439,1
建筑材料,扎口板,1,0.002439,1
建筑材料,护拱石,1,0.002439,1
建筑材料,拱石,1,0.002439,1
建筑材料,方体望柱,1,0.002439,1
建筑材料,方形石柱,1,0.002439,1
建筑材料,方石柱,1,0.002439,1
建筑材料,方砖,1,0.002439,1
建筑材料,明式砖,1,0.002439,1
建筑材料,曲桥,1,0.002439,1
建筑材料,望柱,1,0.002439,1
建筑材料,望柱石,1,0.002439,1
建筑材料,木制蟠龙,1,0.002439,1
建筑材料,木拱结构,1,0.002439,1
建筑材料,木条,1,0.002439,1
建筑材料,木构廊屋,1,0.002439,1
建筑材料,木枋,1,0.002439,1
建筑材料,木桩,1,0.002439,1
建筑材料,木梁,1,0.002439,1
建筑材料,木瓦,1,0.002439,1
建筑材料,木石结构,1,0.002439,1
建筑材料,木雕材料,1,0.002439,1
建筑材料,本地石材,1,0.002439,1
建筑材料,朱红涂料,1,0.002439,1
建筑材料,朱红砖,1,0.002439,1
建筑材料,杉木,1,0.002439,1
建筑材料,杉木条,1,0.002439,1
建筑材料,杉条木,1,0.002439,1
建筑材料,条石包砌,1,0.002439,1
建筑材料,松木,1,0.002439,1
建筑材料,柯木,1,0.002439,1
建筑材料,柱头,1,0.002439,1
建筑材料,柳木桩,1,0.002439,1
建筑材料,桐油,1,0.002439,1
建筑材料,桐油灰浆,1,0.002439,1
建筑材料,桐油石灰,1,0.002439,1
建筑材料,桥面板,1,0.002439,1
建筑材料,桥面石板,1,0.002439,1
建筑材料,樟木,1,0.002439,1
建筑材料,横锁石,1,0.002439,1
建筑材料,毛石混凝土,1,0.002439,1
建筑材料,河石,1,0.002439,1
建筑材料,泉州红砖,1,0.002439,1
建筑材料,泥塑材料,1,0.002439,1
建筑材料,浮雕石材,1,0.002439,1
建筑材料,深色油漆,1,0.002439,1
建筑材料,混凝土,1,0.002439,1
建筑材料,渣土,1,0.002439,1
建筑材料,溪卵石,1,0.002439,1
建筑材料,火山凝灰岩,1,0.002439,1
建筑材料,火烧瓦,1,0.002439,1
建筑材料,灰色琉璃瓦,1,0.002439,1
建筑材料,灰雕,1,0.002439,1
建筑材料,灵寿绿,1,0.002439,1
建筑材料,玻璃筒瓦,1,0.002439,1
建筑材料,琉璃,1,0.002439,1
建筑材料,琉璃吻兽,1,0.002439,1
建筑材料,琉璃构件,1,0.002439,1
建筑材料,瓦,1,0.002439,1
建筑材料,瓦木,1,0.002439,1
建筑材料,瓦顶,1,0.002439,1
建筑材料,瓷板,1,0.002439,1
建筑材料,甘南木料,1,0.002439,1
建筑材料,白墙,1,0.002439,1
建筑材料,白皮松,1,0.002439,1
建筑材料,白石灰,1,0.002439,1
建筑材料,白色墙面,1,0.002439,1
建筑材料,白色花岗岩,1,0.002439,1
建筑材料,矩形石,1,0.002439,1
建筑材料,石作,1,0.002439,1
建筑材料,石券,1,0.002439,1
建筑材料,石头,1,0.002439,1
建筑材料,石头城墙,1,0.002439,1
建筑材料,石子巷,1,0.002439,1
建筑材料,石屏山石,1,0.002439,1
建筑材料,石望柱,1,0.002439,1
建筑材料,石材墙体,1,0.002439,1
建筑材料,石条砌筑,1,0.002439,1
建筑材料,石构,1,0.002439,1
建筑材料,石栏,1,0.002439,1
建筑材料,石桥,1,0.002439,1
建筑材料,石梁,1,0.002439,1
建筑材料,石梯,1,0.002439,1
建筑材料,石湾鳌鱼花脊,1,0.002439,1
建筑材料,石灰掺糯米浆,1,0.002439,1
建筑材料,石灰石,1,0.002439,1
建筑材料,石灰砖,1,0.002439,1
建筑材料,石牌坊,1,0.002439,1
建筑材料,石狮,1,0.002439,1
建筑材料,石甃,1,0.002439,1
建筑材料,石砌护栏,1,0.002439,1
建筑材料,石砌拱券,1,0.002439,1
建筑材料,石笋,1,0.002439,1
建筑材料,石舫,1,0.002439,1
建筑材料,石质,1,0.002439,1
建筑材料,石质柱础,1,0.002439,1
建筑材料,石质栏板,1,0.002439,1
建筑材料,石鼓,1,0.002439,1
建筑材料,砂岩,1,0.002439,1
建筑材料,砂石柱,1,0.002439,1
建筑材料,砖木混合结构,1,0.002439,1
建筑材料,砖石砌筑,1,0.002439,1
建筑材料,砖砌围墙,1,0.002439,1
建筑材料,砾石,1,0.002439,1
建筑材料,硬山顶,1,0.002439,1
建筑材料,碑刻石材,1,0.002439,1
建筑材料,碑石,1,0.002439,1
建筑材料,磨光石砌,1,0.002439,1
建筑材料,磨砖,1,0.002439,1
建筑材料,磨砖对缝,1,0.002439,1
建筑材料,窑洞式墙体,1,0.002439,1
建筑材料,竹丝板门,1,0.002439,1
建筑材料,竹钉,1,0.002439,1
建筑材料,粉墙,1,0.002439,1
建筑材料,粗凿石材,1,0.002439,1
建筑材料,粘土,1,0.002439,1
建筑材料,糯米石灰浆,1,0.002439,1
建筑材料,糯米粉汤,1,0.002439,1
建筑材料,糯米粉调细瓷灰,1,0.002439,1
建筑材料,素面覆盆式柱础,1,0.002439,1
建筑材料,紫藤,1,0.002439,1
建筑材料,红壤,1,0.002439,1
建筑材料,红木,1,0.002439,1
建筑材料,红柱,1,0.002439,1
建筑材料,红漆圆柱,1,0.002439,1
建筑材料,红石,1,0.002439,1
建筑材料,红砂石,1,0.002439,1
建筑材料,红米石,1,0.002439,1
建筑材料,红糖糯米灰浆,1,0.002439,1
建筑材料,红色粉砂岩,1,0.002439,1
建筑材料,绿剪边黄琉璃瓦,1,0.002439,1
建筑材料,绿泥片岩,1,0.002439,1
建筑材料,绿琉璃,1,0.002439,1
建筑材料,绿琉璃瓦,1,0.002439,1
建筑材料,绿矾,1,0.002439,1
建筑材料,考究木材,1,0.002439,1
建筑材料,自然材,1,0.002439,1
建筑材料,花岗岩条石,1,0.002439,1
建筑材料,花梨木,1,0.002439,1
建筑材料,莲瓣望柱,1,0.002439,1
建筑材料,莲花托石,1,0.002439,1
建筑材料,菠萝蜜木,1,0.002439,1
建筑材料,薄砖,1,0.002439,1
建筑材料,藤绳,1,0.002439,1
建筑材料,覆盆式莲花柱础,1,0.002439,1
建筑材料,规则石块,1,0.002439,1
建筑材料,賀州白,1,0.002439,1
建筑材料,贝玛草,1,0.002439,1
建筑材料,进口水泥花砖,1,0.002439,1
建筑材料,透雕龙首,1,0.002439,1
建筑材料,重晶石,1,0.002439,1
建筑材料,金丝楠木,1,0.002439,1
建筑材料,钢筋水泥,1,0.002439,1
建筑材料,铁件,1,0.002439,1
建筑材料,铁榫,1,0.002439,1
建筑材料,铁皮,1,0.002439,1
建筑材料,铁腰铁,1,0.002439,1
建筑材料,铁艺,1,0.002439,1
建筑材料,铁铸,1,0.002439,1
建筑材料,铜合金,1,0.002439,1
建筑材料,铭文砖,1,0.002439,1
建筑材料,镂空木雕花板,1,0.002439,1
建筑材料,长方块石,1,0.002439,1
建筑材料,长条石,1,0.002439,1
建筑材料,长条青石,1,0.002439,1
建筑材料,阿嘎土,1,0.002439,1
建筑材料,陕西石料,1,0.002439,1
建筑材料,陶制宝瓶,1,0.002439,1
建筑材料,雉堞,1,0.002439,1
建筑材料,雕刻木构件,1,0.002439,1
建筑材料,雕砖,1,0.002439,1
建筑材料,青光岩石,1,0.002439,1
建筑材料,青灰色调材料,1,0.002439,1
建筑材料,青砖墙体,1,0.002439,1
建筑材料,青筒灰瓦,1,0.002439,1
建筑材料,青筒瓦,1,0.002439,1
建筑材料,青色泥灰质角砾岩,1,0.002439,1
建筑材料,青花瓷片,1,0.002439,1
建筑材料,须弥座,1,0.002439,1
建筑材料,须弥座石栏板,1,0.002439,1
建筑材料,马头墙,1,0.002439,1
建筑材料,麻石,1,0.002439,1
建筑材料,黄土杂石混筑,1,0.002439,1
建筑材料,黄土碎石,1,0.002439,1
建筑材料,黄棱木,1,0.002439,1
建筑材料,黄椽木,1,0.002439,1
建筑材料,黄泥,1,0.002439,1
建筑材料,黄琉璃瓦,1,0.002439,1
建筑材料,黄琉璃筒瓦,1,0.002439,1
建筑材料,黄釉,1,0.002439,1
建筑材料,黑瓦,1,0.002439,1
建筑材料,黑色盘龙脊宝顶,1,0.002439,1
建筑空间布局,22楹廊屋,1,0.002439,1
建筑空间布局,33孔桥,1,0.002439,1
建筑空间布局,5间3进,1,0.002439,1
建筑空间布局,π字形布局,1,0.002439,1
建筑空间布局,一大天井附四小天井,1,0.002439,1
建筑空间布局,一字形延伸,1,0.002439,1
建筑空间布局,一字形排列,1,0.002439,1
建筑空间布局,一溪二坑,1,0.002439,1
建筑空间布局,一脊两堂,1,0.002439,1
建筑空间布局,一进三间,1,0.002439,1
建筑空间布局,一进二院,1,0.002439,1
建筑空间布局,一进院落,1,0.002439,1
建筑空间布局,一进（一落）,1,0.002439,1
建筑空间布局,丁字形布局,1,0.002439,1
建筑空间布局,七天井四院落,1,0.002439,1
建筑空间布局,七孔联拱,1,0.002439,1
建筑空间布局,七星八斗,1,0.002439,1
建筑空间布局,七进五门楼,1,0.002439,1
建筑空间布局,三券门,1,0.002439,1
建筑空间布局,三厅二井,1,0.002439,1
建筑空间布局,三合院扩建,1,0.002439,1
建筑空间布局,三围单元组合,1,0.002439,1
建筑空间布局,三堂四横一外围,1,0.002439,1
建筑空间布局,三堂并列,1,0.002439,1
建筑空间布局,三堂序列,1,0.002439,1
建筑空间布局,三堡并置,1,0.002439,1
建筑空间布局,三孔对称布局,1,0.002439,1
建筑空间布局,三孔布局,1,0.002439,1
建筑空间布局,三宫六院,1,0.002439,1
建筑空间布局,三层布局,1,0.002439,1
建筑空间布局,三层柱网结构,1,0.002439,1
建筑空间布局,三层桥面构造,1,0.002439,1
建筑空间布局,三层楼阁,1,0.002439,1
建筑空间布局,三层重檐歇山顶楼阁,1,0.002439,1
建筑空间布局,三山夹两水,1,0.002439,1
建筑空间布局,三座桥楼,1,0.002439,1
建筑空间布局,三座院落,1,0.002439,1
建筑空间布局,三开间两进,1,0.002439,1
建筑空间布局,三方一照壁,1,0.002439,1
建筑空间布局,三桥序列,1,0.002439,1
建筑空间布局,三段式布局,1,0.002439,1
建筑空间布局,三段式横向布局,1,0.002439,1
建筑空间布局,三江口位置,1,0.002439,1
建筑空间布局,三环同心布局,1,0.002439,1
建筑空间布局,三神龛布局,1,0.002439,1
建筑空间布局,三纵列院落,1,0.002439,1
建筑空间布局,三组六院,1,0.002439,1
建筑空间布局,三组四进,1,0.002439,1
建筑空间布局,三股河道分跨,1,0.002439,1
建筑空间布局,三街九巷,1,0.002439,1
建筑空间布局,三跨布局,1,0.002439,1
建筑空间布局,三路三进,1,0.002439,1
建筑空间布局,三路分区,1,0.002439,1
建筑空间布局,三路多进,1,0.002439,1
建筑空间布局,三路布局,1,0.002439,1
建筑空间布局,三路建筑,1,0.002439,1
建筑空间布局,三路格局,1,0.002439,1
建筑空间布局,三路轴线对称,1,0.002439,1
建筑空间布局,三轴并联,1,0.002439,1
建筑空间布局,三轴线布局,1,0.002439,1
建筑空间布局,三进一穿堂,1,0.002439,1
建筑空间布局,三进三环围,1,0.002439,1
建筑空间布局,三进两厅,1,0.002439,1
建筑空间布局,三进两院一川堂,1,0.002439,1
建筑空间布局,三进五开间,1,0.002439,1
建筑空间布局,三进四厢,1,0.002439,1
建筑空间布局,三进堂楼院,1,0.002439,1
建筑空间布局,三进天井布局,1,0.002439,1
建筑空间布局,三进布局,1,0.002439,1
建筑空间布局,三进式布局,1,0.002439,1
建筑空间布局,三进间,1,0.002439,1
建筑空间布局,三都堂中心布局,1,0.002439,1
建筑空间布局,三重规制布局,1,0.002439,1
建筑空间布局,三重门院,1,0.002439,1
建筑空间布局,三门布局,1,0.002439,1
建筑空间布局,三门设瓮城,1,0.002439,1
建筑空间布局,三间面阔,1,0.002439,1
建筑空间布局,三阁楼布局,1,0.002439,1
建筑空间布局,三面环水一面依陆,1,0.002439,1
建筑空间布局,上下两层,1,0.002439,1
建筑空间布局,上下桥垂直对应,1,0.002439,1
建筑空间布局,上楼马道,1,0.002439,1
建筑空间布局,上院,1,0.002439,1
建筑空间布局,上院下院,1,0.002439,1
建筑空间布局,下院,1,0.002439,1
建筑空间布局,不规则城池轮廓,1,0.002439,1
建筑空间布局,不规则矩形平面,1,0.002439,1
建筑空间布局,不规则长方形,1,0.002439,1
建筑空间布局,东侧副线,1,0.002439,1
建筑空间布局,东北至西南走向,1,0.002439,1
建筑空间布局,东园西宅,1,0.002439,1
建筑空间布局,东大院,1,0.002439,1
建筑空间布局,东宅西园,1,0.002439,1
建筑空间布局,东庄园,1,0.002439,1
建筑空间布局,东西两块,1,0.002439,1
建筑空间布局,东西两轴,1,0.002439,1
建筑空间布局,东西主干道,1,0.002439,1
建筑空间布局,东西侧屋,1,0.002439,1
建筑空间布局,东西分部,1,0.002439,1
建筑空间布局,东西分隔,1,0.002439,1
建筑空间布局,东西南北对称布局,1,0.002439,1
建筑空间布局,东西厢房,1,0.002439,1
建筑空间布局,东西向跨河,1,0.002439,1
建筑空间布局,东西对偶,1,0.002439,1
建筑空间布局,东西对称,1,0.002439,1
建筑空间布局,东西走向桥体,1,0.002439,1
建筑空间布局,东西跨院,1,0.002439,1
建筑空间布局,东西配殿,1,0.002439,1
建筑空间布局,东路-中路-西路三段式,1,0.002439,1
建筑空间布局,东部工厂区,1,0.002439,1
建筑空间布局,东院西院分置,1,0.002439,1
建筑空间布局,东高西低,1,0.002439,1
建筑空间布局,两列并排,1,0.002439,1
建筑空间布局,两厢,1,0.002439,1
建筑空间布局,两坡顶,1,0.002439,1
建筑空间布局,两坡顶廊屋,1,0.002439,1
建筑空间布局,两层楼阁,1,0.002439,1
建筑空间布局,两山两水格局,1,0.002439,1
建筑空间布局,两排号舍,1,0.002439,1
建筑空间布局,两端宽中间窄,1,0.002439,1
建筑空间布局,两进四合院,1,0.002439,1
建筑空间布局,两面一体,1,0.002439,1
建筑空间布局,两面环水,1,0.002439,1
建筑空间布局,严谨对称,1,0.002439,1
建筑空间布局,严谨对称布局,1,0.002439,1
建筑空间布局,中孔最大,1,0.002439,1
建筑空间布局,中孔最大两侧递减,1,0.002439,1
建筑空间布局,中心偏东布局,1,0.002439,1
建筑空间布局,中心古井,1,0.002439,1
建筑空间布局,中心对称布局,1,0.002439,1
建筑空间布局,中心广场,1,0.002439,1
建筑空间布局,中心望楼布局,1,0.002439,1
建筑空间布局,中心辐射式,1,0.002439,1
建筑空间布局,中有大池,1,0.002439,1
建筑空间布局,中段突出,1,0.002439,1
建筑空间布局,中路轴线,1,0.002439,1
建筑空间布局,中轴主园,1,0.002439,1
建筑空间布局,中轴对称格局,1,0.002439,1
建筑空间布局,中轴序列,1,0.002439,1
建筑空间布局,中轴式布局,1,0.002439,1
建筑空间布局,中轴石梁架设,1,0.002439,1
建筑空间布局,中轴线对称布局,1,0.002439,1
建筑空间布局,中轴线起点,1,0.002439,1
建筑空间布局,中部立柱隔间,1,0.002439,1
建筑空间布局,中院,1,0.002439,1
建筑空间布局,临水布局,1,0.002439,1
建筑空间布局,临江段城墙,1,0.002439,1
建筑空间布局,临河街市,1,0.002439,1
建筑空间布局,临河设防,1,0.002439,1
建筑空间布局,临街商铺,1,0.002439,1
建筑空间布局,临街设置,1,0.002439,1
建筑空间布局,临街门面房,1,0.002439,1
建筑空间布局,临街面河,1,0.002439,1
建筑空间布局,丹墀前出,1,0.002439,1
建筑空间布局,主体建筑与偏房组合,1,0.002439,1
建筑空间布局,主体建筑群分区,1,0.002439,1
建筑空间布局,主体院落,1,0.002439,1
建筑空间布局,主副仓布局,1,0.002439,1
建筑空间布局,主副拱组合,1,0.002439,1
建筑空间布局,主台,1,0.002439,1
建筑空间布局,主园与小庭院,1,0.002439,1
建筑空间布局,主宅居中,1,0.002439,1
建筑空间布局,主屋与偏厅组合,1,0.002439,1
建筑空间布局,主桥-引桥布局,1,0.002439,1
建筑空间布局,主桥-引桥组合,1,0.002439,1
建筑空间布局,主楼对厅布局,1,0.002439,1
建筑空间布局,主次分明空间,1,0.002439,1
建筑空间布局,主跨突出,1,0.002439,1
建筑空间布局,主路布局,1,0.002439,1
建筑空间布局,主轴线第三进,1,0.002439,1
建筑空间布局,主道贯穿东西,1,0.002439,1
建筑空间布局,主附楼布局,1,0.002439,1
建筑空间布局,九井十八厅,1,0.002439,1
建筑空间布局,九十九间,1,0.002439,1
建筑空间布局,九厅十八井,1,0.002439,1
建筑空间布局,九孔对称布局,1,0.002439,1
建筑空间布局,九宫八卦阵,1,0.002439,1
建筑空间布局,九曲桥,1,0.002439,1
建筑空间布局,九进建筑,1,0.002439,1
建筑空间布局,书斋,1,0.002439,1
建筑空间布局,书楼,1,0.002439,1
建筑空间布局,二厅四房,1,0.002439,1
建筑空间布局,二柱冲天式石牌坊,1,0.002439,1
建筑空间布局,二横主干道,1,0.002439,1
建筑空间布局,二进台门,1,0.002439,1
建筑空间布局,二进大院,1,0.002439,1
建筑空间布局,二进正厅,1,0.002439,1
建筑空间布局,五云门,1,0.002439,1
建筑空间布局,五列布局,1,0.002439,1
建筑空间布局,五孔布局,1,0.002439,1
建筑空间布局,五层密檐鼓楼楼冠,1,0.002439,1
建筑空间布局,五横一纵路网,1,0.002439,1
建筑空间布局,五洞闸门布局,1,0.002439,1
建筑空间布局,五福堂,1,0.002439,1
建筑空间布局,五路六进,1,0.002439,1
建筑空间布局,五进四合院,1,0.002439,1
建筑空间布局,五进格局,1,0.002439,1
建筑空间布局,五通庙中心布局,1,0.002439,1
建筑空间布局,五重四进,1,0.002439,1
建筑空间布局,五门制度,1,0.002439,1
建筑空间布局,五门照,1,0.002439,1
建筑空间布局,五间六耳五间厅,1,0.002439,1
建筑空间布局,五间阔,1,0.002439,1
建筑空间布局,亭,1,0.002439,1
建筑空间布局,亭台楼阁,1,0.002439,1
建筑空间布局,人字形山墙,1,0.002439,1
建筑空间布局,从厝,1,0.002439,1
建筑空间布局,仓墙合一,1,0.002439,1
建筑空间布局,仪门,1,0.002439,1
建筑空间布局,仿天一阁布局,1,0.002439,1
建筑空间布局,仿汴京格局,1,0.002439,1
建筑空间布局,传统村落布局,1,0.002439,1
建筑空间布局,住宅-庭院-花园序列,1,0.002439,1
建筑空间布局,住宅为主体,1,0.002439,1
建筑空间布局,住宅园林分置,1,0.002439,1
建筑空间布局,住宅密集,1,0.002439,1
建筑空间布局,佛龛设置,1,0.002439,1
建筑空间布局,依地形布桥,1,0.002439,1
建筑空间布局,依山傍水布局,1,0.002439,1
建筑空间布局,依山就势布局,1,0.002439,1
建筑空间布局,依山层叠,1,0.002439,1
建筑空间布局,依险设防,1,0.002439,1
建筑空间布局,倒座,1,0.002439,1
建筑空间布局,偏正套院,1,0.002439,1
建筑空间布局,八卦布局,1,0.002439,1
建筑空间布局,八字形布局,1,0.002439,1
建筑空间布局,八字门楼,1,0.002439,1
建筑空间布局,八巷道,1,0.002439,1
建筑空间布局,八旗帐殿布局,1,0.002439,1
建筑空间布局,八角亭,1,0.002439,1
建筑空间布局,八角攒尖顶桥亭,1,0.002439,1
建筑空间布局,公共活动广场,1,0.002439,1
建筑空间布局,六亭五廊,1,0.002439,1
建筑空间布局,六梁并列,1,0.002439,1
建筑空间布局,六门布局,1,0.002439,1
建筑空间布局,关城组合,1,0.002439,1
建筑空间布局,内园紧凑,1,0.002439,1
建筑空间布局,内城外城,1,0.002439,1
建筑空间布局,内城外城布局,1,0.002439,1
建筑空间布局,内外两重,1,0.002439,1
建筑空间布局,内港围合,1,0.002439,1
建筑空间布局,内院通道式,1,0.002439,1
建筑空间布局,军区院落遗址,1,0.002439,1
建筑空间布局,分区功能布局,1,0.002439,1
建筑空间布局,分区布局,1,0.002439,1
建筑空间布局,分层功能布局,1,0.002439,1
建筑空间布局,分散布局,1,0.002439,1
建筑空间布局,分隔墙垣,1,0.002439,1
建筑空间布局,制高点布局,1,0.002439,1
建筑空间布局,券门通巷,1,0.002439,1
建筑空间布局,前低后高,1,0.002439,1
建筑空间布局,前低后高格局,1,0.002439,1
建筑空间布局,前厅后寝,1,0.002439,1
建筑空间布局,前后两园,1,0.002439,1
建筑空间布局,前后两室,1,0.002439,1
建筑空间布局,前后两所,1,0.002439,1
建筑空间布局,前后两进,1,0.002439,1
建筑空间布局,前后二院,1,0.002439,1
建筑空间布局,前后六进,1,0.002439,1
建筑空间布局,前后厢房,1,0.002439,1
建筑空间布局,前后城结构,1,0.002439,1
建筑空间布局,前园后宅,1,0.002439,1
建筑空间布局,前宅后院,1,0.002439,1
建筑空间布局,前府后园,1,0.002439,1
建筑空间布局,前庭藏书厅,1,0.002439,1
建筑空间布局,前抱厦三间,1,0.002439,1
建筑空间布局,前方后圆,1,0.002439,1
建筑空间布局,前楼后厦,1,0.002439,1
建筑空间布局,前院后场,1,0.002439,1
建筑空间布局,前院考场,1,0.002439,1
建筑空间布局,功能分区布局,1,0.002439,1
建筑空间布局,功能分区明确,1,0.002439,1
建筑空间布局,北中南三组群,1,0.002439,1
建筑空间布局,北斗七星状布局,1,0.002439,1
建筑空间布局,北方园林,1,0.002439,1
建筑空间布局,北方城堡与四合院融合布局,1,0.002439,1
建筑空间布局,十一开间,1,0.002439,1
建筑空间布局,十一拱九墩两台,1,0.002439,1
建筑空间布局,十三院落,1,0.002439,1
建筑空间布局,十二院落,1,0.002439,1
建筑空间布局,十五小院,1,0.002439,1
建筑空间布局,十八梭船廿四洲,1,0.002439,1
建筑空间布局,十字券门洞,1,0.002439,1
建筑空间布局,十字型门洞,1,0.002439,1
建筑空间布局,十字形券洞,1,0.002439,1
建筑空间布局,十字形通道,1,0.002439,1
建筑空间布局,十字穿心拱洞,1,0.002439,1
建筑空间布局,十字街,1,0.002439,1
建筑空间布局,十字街布局,1,0.002439,1
建筑空间布局,十字街心,1,0.002439,1
建筑空间布局,十字门洞,1,0.002439,1
建筑空间布局,十柱九门石阙,1,0.002439,1
建筑空间布局,半圆形瓮城,1,0.002439,1
建筑空间布局,半山半川格局,1,0.002439,1
建筑空间布局,半月形池塘,1,0.002439,1
建筑空间布局,单主拱双小拱,1,0.002439,1
建筑空间布局,单体建筑式样,1,0.002439,1
建筑空间布局,单入口通达,1,0.002439,1
建筑空间布局,单孔拱券,1,0.002439,1
建筑空间布局,单孔拱形布局,1,0.002439,1
建筑空间布局,单孔跨河,1,0.002439,1
建筑空间布局,单孔跨河布局,1,0.002439,1
建筑空间布局,单檐屋顶,1,0.002439,1
建筑空间布局,单间布局,1,0.002439,1
建筑空间布局,南北两区,1,0.002439,1
建筑空间布局,南北主干道,1,0.002439,1
建筑空间布局,南北厢房,1,0.002439,1
建筑空间布局,南北向S形布局,1,0.002439,1
建筑空间布局,南北向布局,1,0.002439,1
建筑空间布局,南北穿厅,1,0.002439,1
建筑空间布局,南北轴线布局,1,0.002439,1
建筑空间布局,南北长东西窄,1,0.002439,1
建筑空间布局,南向坡地,1,0.002439,1
建筑空间布局,南园北堂格局,1,0.002439,1
建筑空间布局,南宽北窄,1,0.002439,1
建筑空间布局,南门外,1,0.002439,1
建筑空间布局,南高北低,1,0.002439,1
建筑空间布局,卧牛城,1,0.002439,1
建筑空间布局,厅堂布局,1,0.002439,1
建筑空间布局,厅堂廊室错落布局,1,0.002439,1
建筑空间布局,厅堂轩院,1,0.002439,1
建筑空间布局,历史环境保存较好,1,0.002439,1
建筑空间布局,厢房对称布局,1,0.002439,1
建筑空间布局,参差错落,1,0.002439,1
建筑空间布局,双侧望柱,1,0.002439,1
建筑空间布局,双四合院,1,0.002439,1
建筑空间布局,双层廊分划,1,0.002439,1
建筑空间布局,双层廊道,1,0.002439,1
建筑空间布局,双层楼阁,1,0.002439,1
建筑空间布局,双护厝,1,0.002439,1
建筑空间布局,双环结构,1,0.002439,1
建筑空间布局,双院落布局,1,0.002439,1
建筑空间布局,变截面拱,1,0.002439,1
建筑空间布局,口字形四合院,1,0.002439,1
建筑空间布局,口字形平面,1,0.002439,1
建筑空间布局,古建筑群集中,1,0.002439,1
建筑空间布局,古街布局,1,0.002439,1
建筑空间布局,古驿道串联,1,0.002439,1
建筑空间布局,台基式,1,0.002439,1
建筑空间布局,台基楼身组合,1,0.002439,1
建筑空间布局,台门组合,1,0.002439,1
建筑空间布局,台阶式布局,1,0.002439,1
建筑空间布局,台阶式引桥,1,0.002439,1
建筑空间布局,号舍布局,1,0.002439,1
建筑空间布局,合院组合,1,0.002439,1
建筑空间布局,后包,1,0.002439,1
建筑空间布局,后房,1,0.002439,1
建筑空间布局,后移布局,1,0.002439,1
建筑空间布局,后罩屋,1,0.002439,1
建筑空间布局,后罩楼庭院,1,0.002439,1
建筑空间布局,后花园布局,1,0.002439,1
建筑空间布局,吕府十三厅,1,0.002439,1
建筑空间布局,吞水兽,1,0.002439,1
建筑空间布局,品字书屋,1,0.002439,1
建筑空间布局,品字状歇山小顶,1,0.002439,1
建筑空间布局,唐氏八宅,1,0.002439,1
建筑空间布局,囍字形布局,1,0.002439,1
建筑空间布局,四卫分驻,1,0.002439,1
建筑空间布局,四合仓院,1,0.002439,1
建筑空间布局,四合院布局,1,0.002439,1
建筑空间布局,四合院式布局,1,0.002439,1
建筑空间布局,四合院群,1,0.002439,1
建筑空间布局,四合院落,1,0.002439,1
建筑空间布局,四向通街,1,0.002439,1
建筑空间布局,四向通达,1,0.002439,1
建筑空间布局,四堂四横,1,0.002439,1
建筑空间布局,四孔桥,1,0.002439,1
建筑空间布局,四小拱伏设,1,0.002439,1
建筑空间布局,四房三门格局,1,0.002439,1
建筑空间布局,四方碉楼,1,0.002439,1
建筑空间布局,四柱三门牌楼,1,0.002439,1
建筑空间布局,四柱三间排架,1,0.002439,1
建筑空间布局,四横一围,1,0.002439,1
建筑空间布局,四横五纵,1,0.002439,1
建筑空间布局,四正两厢,1,0.002439,1
建筑空间布局,四牌楼,1,0.002439,1
建筑空间布局,四纵五横,1,0.002439,1
建筑空间布局,四组毗邻建筑群,1,0.002439,1
建筑空间布局,四至六进,1,0.002439,1
建筑空间布局,四角攒尖亭,1,0.002439,1
建筑空间布局,四角设门,1,0.002439,1
建筑空间布局,四路堂院,1,0.002439,1
建筑空间布局,四进五开间,1,0.002439,1
建筑空间布局,四进四合院,1,0.002439,1
建筑空间布局,四进式布局,1,0.002439,1
建筑空间布局,四门八开,1,0.002439,1
建筑空间布局,四门布局,1,0.002439,1
建筑空间布局,四门格局,1,0.002439,1
建筑空间布局,四门直角瓮城,1,0.002439,1
建筑空间布局,四门通衢,1,0.002439,1
建筑空间布局,四院贯通,1,0.002439,1
建筑空间布局,四面券门,1,0.002439,1
建筑空间布局,四面围廊,1,0.002439,1
建筑空间布局,四面悬匾布局,1,0.002439,1
建筑空间布局,回字形布局,1,0.002439,1
建筑空间布局,回廊围合,1,0.002439,1
建筑空间布局,回廊式,1,0.002439,1
建筑空间布局,因山就势,1,0.002439,1
建筑空间布局,园林住宅分置,1,0.002439,1
建筑空间布局,园林化布局,1,0.002439,1
建筑空间布局,围合式布局,1,0.002439,1
建筑空间布局,围合式广场,1,0.002439,1
建筑空间布局,围合紧凑,1,0.002439,1
建筑空间布局,围姊地,1,0.002439,1
建筑空间布局,围屋布局,1,0.002439,1
建筑空间布局,围山布局,1,0.002439,1
建筑空间布局,围石墙布局,1,0.002439,1
建筑空间布局,围院布局,1,0.002439,1
建筑空间布局,国子监街,1,0.002439,1
建筑空间布局,国道桥梁选址,1,0.002439,1
建筑空间布局,圆形天井,1,0.002439,1
建筑空间布局,地下通道连接,1,0.002439,1
建筑空间布局,地袱,1,0.002439,1
建筑空间布局,坎上坎下布局,1,0.002439,1
建筑空间布局,坐北朝南格局,1,0.002439,1
建筑空间布局,坐南向北,1,0.002439,1
建筑空间布局,坐向各异,1,0.002439,1
建筑空间布局,坐西北向东南,1,0.002439,1
建筑空间布局,坐西南朝东北,1,0.002439,1
建筑空间布局,坐西向东朝向,1,0.002439,1
建筑空间布局,坡地布局,1,0.002439,1
建筑空间布局,垂直单元布局,1,0.002439,1
建筑空间布局,垣墉围合,1,0.002439,1
建筑空间布局,城中城,1,0.002439,1
建筑空间布局,城楼-箭楼对置,1,0.002439,1
建筑空间布局,城湖格局,1,0.002439,1
建筑空间布局,城门城墙,1,0.002439,1
建筑空间布局,城门对位布局,1,0.002439,1
建筑空间布局,城门间布局,1,0.002439,1
建筑空间布局,堂屋,1,0.002439,1
建筑空间布局,备弄,1,0.002439,1
建筑空间布局,备弄分界,1,0.002439,1
建筑空间布局,复合功能布局,1,0.002439,1
建筑空间布局,复廊通全园,1,0.002439,1
建筑空间布局,复道廊连通,1,0.002439,1
建筑空间布局,外朝内廷,1,0.002439,1
建筑空间布局,多区并置,1,0.002439,1
建筑空间布局,多厅多井,1,0.002439,1
建筑空间布局,多向引桥,1,0.002439,1
建筑空间布局,多园组合,1,0.002439,1
建筑空间布局,多堂合院,1,0.002439,1
建筑空间布局,多墩梁式布局,1,0.002439,1
建筑空间布局,多天井,1,0.002439,1
建筑空间布局,多孔对称布局,1,0.002439,1
建筑空间布局,多孔桥布局,1,0.002439,1
建筑空间布局,多孔连拱布局,1,0.002439,1
建筑空间布局,多局分设,1,0.002439,1
建筑空间布局,多座大厝组合,1,0.002439,1
建筑空间布局,多点聚落,1,0.002439,1
建筑空间布局,多组院落群,1,0.002439,1
建筑空间布局,多路院落,1,0.002439,1
建筑空间布局,多轴线布局,1,0.002439,1
建筑空间布局,多进庭院,1,0.002439,1
建筑空间布局,多重军事设施布局,1,0.002439,1
建筑空间布局,多门系统,1,0.002439,1
建筑空间布局,多间院落,1,0.002439,1
建筑空间布局,多院并联,1,0.002439,1
建筑空间布局,多院组合,1,0.002439,1
建筑空间布局,多院落,1,0.002439,1
建筑空间布局,多院落组合,1,0.002439,1
建筑空间布局,大厅,1,0.002439,1
建筑空间布局,大型院落群,1,0.002439,1
建筑空间布局,大字形布局,1,0.002439,1
建筑空间布局,大开间,1,0.002439,1
建筑空间布局,大街轴线,1,0.002439,1
建筑空间布局,天井式,1,0.002439,1
建筑空间布局,天井花园,1,0.002439,1
建筑空间布局,天井院落式,1,0.002439,1
建筑空间布局,天井院落群,1,0.002439,1
建筑空间布局,天人合一,1,0.002439,1
建筑空间布局,天池布局,1,0.002439,1
建筑空间布局,太极格局,1,0.002439,1
建筑空间布局,夹弄,1,0.002439,1
建筑空间布局,夹道,1,0.002439,1
建筑空间布局,套院式布局,1,0.002439,1
建筑空间布局,女墙围护,1,0.002439,1
建筑空间布局,子城-外城结构,1,0.002439,1
建筑空间布局,子母双城,1,0.002439,1
建筑空间布局,孝义祠,1,0.002439,1
建筑空间布局,宅院组合,1,0.002439,1
建筑空间布局,宗支建筑群,1,0.002439,1
建筑空间布局,宗族分治格局,1,0.002439,1
建筑空间布局,宗祠,1,0.002439,1
建筑空间布局,官厅群布局,1,0.002439,1
建筑空间布局,官帽形制,1,0.002439,1
建筑空间布局,宫殿区与苑景区,1,0.002439,1
建筑空间布局,宫高殿低,1,0.002439,1
建筑空间布局,对称回廊,1,0.002439,1
建筑空间布局,对称墩位布置,1,0.002439,1
建筑空间布局,对称敞肩布局,1,0.002439,1
建筑空间布局,对称方亭布局,1,0.002439,1
建筑空间布局,对称望柱布局,1,0.002439,1
建筑空间布局,对称栏板,1,0.002439,1
建筑空间布局,对称栏板布局,1,0.002439,1
建筑空间布局,对称栏板望柱,1,0.002439,1
建筑空间布局,对称桥孔,1,0.002439,1
建筑空间布局,对称石狮排列,1,0.002439,1
建筑空间布局,对称递减跨径,1,0.002439,1
建筑空间布局,对称雕饰布局,1,0.002439,1
建筑空间布局,寿字形布局,1,0.002439,1
建筑空间布局,封闭式院落,1,0.002439,1
建筑空间布局,小中见大,1,0.002439,1
建筑空间布局,小巷连接,1,0.002439,1
建筑空间布局,小广场前置,1,0.002439,1
建筑空间布局,小庭园辅景,1,0.002439,1
建筑空间布局,层叠上坡,1,0.002439,1
建筑空间布局,层层递升,1,0.002439,1
建筑空间布局,居山不居坝,1,0.002439,1
建筑空间布局,居楼布局,1,0.002439,1
建筑空间布局,屋宇连栋,1,0.002439,1
建筑空间布局,山主池辅,1,0.002439,1
建筑空间布局,山响草堂为中心,1,0.002439,1
建筑空间布局,山地台地布局,1,0.002439,1
建筑空间布局,山地城址,1,0.002439,1
建筑空间布局,山地聚落,1,0.002439,1
建筑空间布局,山坡集中式,1,0.002439,1
建筑空间布局,山城一体,1,0.002439,1
建筑空间布局,山峦区,1,0.002439,1
建筑空间布局,山水桥榭,1,0.002439,1
建筑空间布局,山水点景,1,0.002439,1
建筑空间布局,山麓依附,1,0.002439,1
建筑空间布局,岩屋群布局,1,0.002439,1
建筑空间布局,岭南建筑风格,1,0.002439,1
建筑空间布局,峡谷崖口布局,1,0.002439,1
建筑空间布局,川字形布局,1,0.002439,1
建筑空间布局,州署居中,1,0.002439,1
建筑空间布局,工字形格局,1,0.002439,1
建筑空间布局,左右两阁并立,1,0.002439,1
建筑空间布局,左右配阁,1,0.002439,1
建筑空间布局,左居室右书房,1,0.002439,1
建筑空间布局,左文右武,1,0.002439,1
建筑空间布局,巷道幽深,1,0.002439,1
建筑空间布局,巷道网络,1,0.002439,1
建筑空间布局,巷道连通,1,0.002439,1
建筑空间布局,巷院兼通结构,1,0.002439,1
建筑空间布局,布局大方合理,1,0.002439,1
建筑空间布局,布局精巧,1,0.002439,1
建筑空间布局,带楼阁布局,1,0.002439,1
建筑空间布局,干枝式布局,1,0.002439,1
建筑空间布局,平原区,1,0.002439,1
建筑空间布局,平座,1,0.002439,1
建筑空间布局,平行运河布局,1,0.002439,1
建筑空间布局,平顶可上人屋面,1,0.002439,1
建筑空间布局,并列式布局,1,0.002439,1
建筑空间布局,庄园式布局,1,0.002439,1
建筑空间布局,庑廊连接,1,0.002439,1
建筑空间布局,底层架空,1,0.002439,1
建筑空间布局,庙宇对称配置,1,0.002439,1
建筑空间布局,府卫隔河,1,0.002439,1
建筑空间布局,府第式布局,1,0.002439,1
建筑空间布局,座南朝北,1,0.002439,1
建筑空间布局,庭院一体,1,0.002439,1
建筑空间布局,庭院布局,1,0.002439,1
建筑空间布局,庭院楼阁布局,1,0.002439,1
建筑空间布局,庭院组合,1,0.002439,1
建筑空间布局,廊屋二十一间,1,0.002439,1
建筑空间布局,廊屋亭阁一体,1,0.002439,1
建筑空间布局,廊屋式布局,1,0.002439,1
建筑空间布局,廊屋式平面,1,0.002439,1
建筑空间布局,廊庑式通廊,1,0.002439,1
建筑空间布局,廊式四合院,1,0.002439,1
建筑空间布局,廊柱环绕,1,0.002439,1
建筑空间布局,廊桥博物园,1,0.002439,1
建筑空间布局,廊桥文化园,1,0.002439,1
建筑空间布局,廊桥连接,1,0.002439,1
建筑空间布局,廊道,1,0.002439,1
建筑空间布局,廊道式,1,0.002439,1
建筑空间布局,廊道式布局,1,0.002439,1
建筑空间布局,廊道连接,1,0.002439,1
建筑空间布局,建筑-水池-山林,1,0.002439,1
建筑空间布局,开敞空间,1,0.002439,1
建筑空间布局,引桥,1,0.002439,1
建筑空间布局,引桥-桥墩-廊屋复合布局,1,0.002439,1
建筑空间布局,引桥对称布局,1,0.002439,1
建筑空间布局,引桥小屋,1,0.002439,1
建筑空间布局,引桥衔接,1,0.002439,1
建筑空间布局,弧形堤体,1,0.002439,1
建筑空间布局,弧形桥身,1,0.002439,1
建筑空间布局,影壁起点,1,0.002439,1
建筑空间布局,影壁辕门,1,0.002439,1
建筑空间布局,戏台院,1,0.002439,1
建筑空间布局,戏楼,1,0.002439,1
建筑空间布局,成贤街,1,0.002439,1
建筑空间布局,户户相通,1,0.002439,1
建筑空间布局,房间密集布局,1,0.002439,1
建筑空间布局,护厝布局,1,0.002439,1
建筑空间布局,护城壕,1,0.002439,1
建筑空间布局,护城河引水,1,0.002439,1
建筑空间布局,护城河环绕,1,0.002439,1
建筑空间布局,抱鼓石配置,1,0.002439,1
建筑空间布局,拱轴线布局,1,0.002439,1
建筑空间布局,拱门四向设制,1,0.002439,1
建筑空间布局,推槽式圆门分隔,1,0.002439,1
建筑空间布局,攒尖顶中阁,1,0.002439,1
建筑空间布局,敞开式正立面,1,0.002439,1
建筑空间布局,散点布局,1,0.002439,1
建筑空间布局,方型土堡,1,0.002439,1
建筑空间布局,方形台基,1,0.002439,1
建筑空间布局,方形墓制,1,0.002439,1
建筑空间布局,方正规矩布局,1,0.002439,1
建筑空间布局,无固定朝向,1,0.002439,1
建筑空间布局,明清古建筑群,1,0.002439,1
建筑空间布局,明远楼,1,0.002439,1
建筑空间布局,星斗布局,1,0.002439,1
建筑空间布局,晋元楼,1,0.002439,1
建筑空间布局,暗道连接,1,0.002439,1
建筑空间布局,曲尺形,1,0.002439,1
建筑空间布局,曲尺隙地造园,1,0.002439,1
建筑空间布局,曲廊小桥串联,1,0.002439,1
建筑空间布局,曲折回环,1,0.002439,1
建筑空间布局,曲折桥身,1,0.002439,1
建筑空间布局,曲折迂回布局,1,0.002439,1
建筑空间布局,月台高起,1,0.002439,1
建筑空间布局,月城,1,0.002439,1
建筑空间布局,月墙侧门,1,0.002439,1
建筑空间布局,月沼中心布局,1,0.002439,1
建筑空间布局,有机系统,1,0.002439,1
建筑空间布局,望柱,1,0.002439,1
建筑空间布局,望柱栏板式,1,0.002439,1
建筑空间布局,木板遮挡,1,0.002439,1
建筑空间布局,村中街、街中村,1,0.002439,1
建筑空间布局,村落形态完整,1,0.002439,1
建筑空间布局,村落环山,1,0.002439,1
建筑空间布局,来青阁连接,1,0.002439,1
建筑空间布局,枕山环水,1,0.002439,1
建筑空间布局,枕山环水面屏,1,0.002439,1
建筑空间布局,栏杆院,1,0.002439,1
建筑空间布局,栏板望柱序列,1,0.002439,1
建筑空间布局,栏柱序列,1,0.002439,1
建筑空间布局,格局完整,1,0.002439,1
建筑空间布局,桃形平面,1,0.002439,1
建筑空间布局,框门相通,1,0.002439,1
建筑空间布局,桥上廊道,1,0.002439,1
建筑空间布局,桥亭布局,1,0.002439,1
建筑空间布局,桥亭结合,1,0.002439,1
建筑空间布局,桥亭间隔布局,1,0.002439,1
建筑空间布局,桥从门前进，船自家中过,1,0.002439,1
建筑空间布局,桥侧佛塔,1,0.002439,1
建筑空间布局,桥台锚碇系统,1,0.002439,1
建筑空间布局,桥头雕饰,1,0.002439,1
建筑空间布局,桥廊休息空间,1,0.002439,1
建筑空间布局,桥心设亭,1,0.002439,1
建筑空间布局,桥端立碑,1,0.002439,1
建筑空间布局,桥门额题,1,0.002439,1
建筑空间布局,桥面台阶与车马道结合,1,0.002439,1
建筑空间布局,桥面收分式,1,0.002439,1
建筑空间布局,桥面梯形平面,1,0.002439,1
建筑空间布局,梅花状布局,1,0.002439,1
建筑空间布局,棋盘式格局,1,0.002439,1
建筑空间布局,棋盘式街巷,1,0.002439,1
建筑空间布局,棋盘格布局,1,0.002439,1
建筑空间布局,椭圆寨顶,1,0.002439,1
建筑空间布局,楼式四合院,1,0.002439,1
建筑空间布局,楼阁院落组合,1,0.002439,1
建筑空间布局,榭楼,1,0.002439,1
建筑空间布局,横向布局,1,0.002439,1
建筑空间布局,横屋布局,1,0.002439,1
建筑空间布局,横屋排列,1,0.002439,1
建筑空间布局,横跨横江,1,0.002439,1
建筑空间布局,横跨溪流,1,0.002439,1
建筑空间布局,横跨道路,1,0.002439,1
建筑空间布局,横跨韩江,1,0.002439,1
建筑空间布局,横连十一屋,1,0.002439,1
建筑空间布局,横长方形平面,1,0.002439,1
建筑空间布局,歇山式屋顶,1,0.002439,1
建筑空间布局,歇山顶布局,1,0.002439,1
建筑空间布局,歇山顶桥亭,1,0.002439,1
建筑空间布局,歇山顶端阁,1,0.002439,1
建筑空间布局,正交布局,1,0.002439,1
建筑空间布局,正偏布局,1,0.002439,1
建筑空间布局,正厅,1,0.002439,1
建筑空间布局,正房厢房布局,1,0.002439,1
建筑空间布局,正殿配殿布局,1,0.002439,1
建筑空间布局,正院侧院,1,0.002439,1
建筑空间布局,殿宇移建,1,0.002439,1
建筑空间布局,民居格局,1,0.002439,1
建筑空间布局,水中长堤,1,0.002439,1
建筑空间布局,水井布局,1,0.002439,1
建筑空间布局,水塘,1,0.002439,1
建筑空间布局,水庭中心布局,1,0.002439,1
建筑空间布局,水街巷,1,0.002439,1
建筑空间布局,江南山水园林,1,0.002439,1
建筑空间布局,江南庭院式布局,1,0.002439,1
建筑空间布局,江南民居布局,1,0.002439,1
建筑空间布局,池中一岛,1,0.002439,1
建筑空间布局,池亭布局,1,0.002439,1
建筑空间布局,池周环建,1,0.002439,1
建筑空间布局,池塘布局,1,0.002439,1
建筑空间布局,池心布局,1,0.002439,1
建筑空间布局,池畔建筑,1,0.002439,1
建筑空间布局,池阁相映格局,1,0.002439,1
建筑空间布局,沿江布局,1,0.002439,1
建筑空间布局,沿河布局,1,0.002439,1
建筑空间布局,湖上建筑,1,0.002439,1
建筑空间布局,湖心亭布局,1,0.002439,1
建筑空间布局,湖泊区,1,0.002439,1
建筑空间布局,溪流适配形制,1,0.002439,1
建筑空间布局,溪谷依势布局,1,0.002439,1
建筑空间布局,潭影轩,1,0.002439,1
建筑空间布局,烽火台,1,0.002439,1
建筑空间布局,烽火台配置,1,0.002439,1
建筑空间布局,照壁对置,1,0.002439,1
建筑空间布局,燕翅墙,1,0.002439,1
建筑空间布局,牌坊入口,1,0.002439,1
建筑空间布局,牌坊布局,1,0.002439,1
建筑空间布局,牛形布局,1,0.002439,1
建筑空间布局,独立连通,1,0.002439,1
建筑空间布局,狱房居南,1,0.002439,1
建筑空间布局,王城,1,0.002439,1
建筑空间布局,环城街道,1,0.002439,1
建筑空间布局,环山抱水,1,0.002439,1
建筑空间布局,环形小街,1,0.002439,1
建筑空间布局,环抱式布局,1,0.002439,1
建筑空间布局,琼北民居布局,1,0.002439,1
建筑空间布局,瓮城,1,0.002439,1
建筑空间布局,甬道,1,0.002439,1
建筑空间布局,由内向外分布,1,0.002439,1
建筑空间布局,画舫式布局,1,0.002439,1
建筑空间布局,疏密均匀,1,0.002439,1
建筑空间布局,监狱分院,1,0.002439,1
建筑空间布局,矩形城池,1,0.002439,1
建筑空间布局,石上村落,1,0.002439,1
建筑空间布局,石劵拱门,1,0.002439,1
建筑空间布局,石埕,1,0.002439,1
建筑空间布局,石板路网,1,0.002439,1
建筑空间布局,石栏杆与石狮柱,1,0.002439,1
建筑空间布局,石栏板与望柱组合,1,0.002439,1
建筑空间布局,石桥连接,1,0.002439,1
建筑空间布局,石梯通厅,1,0.002439,1
建筑空间布局,石牌坊,1,0.002439,1
建筑空间布局,石象生,1,0.002439,1
建筑空间布局,石阶坡道,1,0.002439,1
建筑空间布局,石阶连接平台,1,0.002439,1
建筑空间布局,碑记附属布局,1,0.002439,1
建筑空间布局,礼耕堂布局,1,0.002439,1
建筑空间布局,神道,1,0.002439,1
建筑空间布局,神龛布局,1,0.002439,1
建筑空间布局,祠堂花园配置,1,0.002439,1
建筑空间布局,禾坪,1,0.002439,1
建筑空间布局,私家园林,1,0.002439,1
建筑空间布局,穿心院,1,0.002439,1
建筑空间布局,窄巷纵横,1,0.002439,1
建筑空间布局,窄幅长桥,1,0.002439,1
建筑空间布局,窄桥面,1,0.002439,1
建筑空间布局,竖井式聚财型四合院,1,0.002439,1
建筑空间布局,笔直无曲,1,0.002439,1
建筑空间布局,等截面拱,1,0.002439,1
建筑空间布局,等距分布,1,0.002439,1
建筑空间布局,等距齿列,1,0.002439,1
建筑空间布局,紧凑布局,1,0.002439,1
建筑空间布局,红墙围合,1,0.002439,1
建筑空间布局,纵三横四,1,0.002439,1
建筑空间布局,纵四进横十一排,1,0.002439,1
建筑空间布局,纵深两进,1,0.002439,1
建筑空间布局,纵轴布局,1,0.002439,1
建筑空间布局,纵轴横轴布局,1,0.002439,1
建筑空间布局,纵轴线布局,1,0.002439,1
建筑空间布局,线性延展,1,0.002439,1
建筑空间布局,线性排列,1,0.002439,1
建筑空间布局,线性桥道,1,0.002439,1
建筑空间布局,线性桥面,1,0.002439,1
建筑空间布局,线性通道,1,0.002439,1
建筑空间布局,组合紧凑,1,0.002439,1
建筑空间布局,组团式布局,1,0.002439,1
建筑空间布局,结构严谨,1,0.002439,1
建筑空间布局,绕廊,1,0.002439,1
建筑空间布局,统楼院,1,0.002439,1
建筑空间布局,绮园十景,1,0.002439,1
建筑空间布局,翼角起翘廊亭,1,0.002439,1
建筑空间布局,考棚对列,1,0.002439,1
建筑空间布局,联体保护,1,0.002439,1
建筑空间布局,联结东西两岸,1,0.002439,1
建筑空间布局,聚秀湖布局,1,0.002439,1
建筑空间布局,聚落形态,1,0.002439,1
建筑空间布局,背山面沟,1,0.002439,1
建筑空间布局,自然融合,1,0.002439,1
建筑空间布局,致和塘沿线,1,0.002439,1
建筑空间布局,船形布局,1,0.002439,1
建筑空间布局,花桥跨溪,1,0.002439,1
建筑空间布局,莲池对称,1,0.002439,1
建筑空间布局,萨岁台分布,1,0.002439,1
建筑空间布局,虎牙,1,0.002439,1
建筑空间布局,虚实相生,1,0.002439,1
建筑空间布局,蜈蚣须护翼,1,0.002439,1
建筑空间布局,街巷布局,1,0.002439,1
建筑空间布局,街巷沿溪而设,1,0.002439,1
建筑空间布局,街桥一体,1,0.002439,1
建筑空间布局,街穿天井,1,0.002439,1
建筑空间布局,衙署区,1,0.002439,1
建筑空间布局,袖珍园林,1,0.002439,1
建筑空间布局,西侧副线,1,0.002439,1
建筑空间布局,西北—东南向布局,1,0.002439,1
建筑空间布局,西北—东南走向,1,0.002439,1
建筑空间布局,西北登台,1,0.002439,1
建筑空间布局,西南入口布局,1,0.002439,1
建筑空间布局,西南角附属房,1,0.002439,1
建筑空间布局,西大院,1,0.002439,1
建筑空间布局,西庄园,1,0.002439,1
建筑空间布局,西门外,1,0.002439,1
建筑空间布局,观天台,1,0.002439,1
建筑空间布局,观澜门,1,0.002439,1
建筑空间布局,观象台与四合院组合,1,0.002439,1
建筑空间布局,规制完备,1,0.002439,1
建筑空间布局,规整划一,1,0.002439,1
建筑空间布局,规整街巷,1,0.002439,1
建筑空间布局,贴金雕花门窗,1,0.002439,1
建筑空间布局,贺家大院,1,0.002439,1
建筑空间布局,走马吊楼,1,0.002439,1
建筑空间布局,走马堂楼,1,0.002439,1
建筑空间布局,跨水设桥,1,0.002439,1
建筑空间布局,跨水道布局,1,0.002439,1
建筑空间布局,跨河桥位,1,0.002439,1
建筑空间布局,跨河线性布局,1,0.002439,1
建筑空间布局,跨河轴线,1,0.002439,1
建筑空间布局,跨涧而建,1,0.002439,1
建筑空间布局,跨院布局,1,0.002439,1
建筑空间布局,路灯系统,1,0.002439,1
建筑空间布局,路网密集,1,0.002439,1
建筑空间布局,轴线对景,1,0.002439,1
建筑空间布局,轴线式墓道,1,0.002439,1
建筑空间布局,轴线排列,1,0.002439,1
建筑空间布局,辅助用房环绕,1,0.002439,1
建筑空间布局,过庭院,1,0.002439,1
建筑空间布局,近正方形平面,1,0.002439,1
建筑空间布局,进深三间,1,0.002439,1
建筑空间布局,进深五间,1,0.002439,1
建筑空间布局,进深八椽,1,0.002439,1
建筑空间布局,进深六椽,1,0.002439,1
建筑空间布局,连廊交通系统,1,0.002439,1
建筑空间布局,迥廊环绕,1,0.002439,1
建筑空间布局,逐级升高布局,1,0.002439,1
建筑空间布局,逐级抬升布局,1,0.002439,1
建筑空间布局,通廊房布局,1,0.002439,1
建筑空间布局,通透式布局,1,0.002439,1
建筑空间布局,鄂东南民居格局,1,0.002439,1
建筑空间布局,配殿对置,1,0.002439,1
建筑空间布局,重檐歇山顶门楼,1,0.002439,1
建筑空间布局,金柱支撑,1,0.002439,1
建筑空间布局,钟鼓楼对峙,1,0.002439,1
建筑空间布局,错落有致,1,0.002439,1
建筑空间布局,镇外桥,1,0.002439,1
建筑空间布局,长廊叠梁式屋架,1,0.002439,1
建筑空间布局,长廊式布局,1,0.002439,1
建筑空间布局,长廊曲桥,1,0.002439,1
建筑空间布局,长方形城制,1,0.002439,1
建筑空间布局,长方形布局,1,0.002439,1
建筑空间布局,长桥布局,1,0.002439,1
建筑空间布局,长甬道,1,0.002439,1
建筑空间布局,门厅-享堂-后寝序列,1,0.002439,1
建筑空间布局,门厅-轿厅-大厅-瑞云楼序列,1,0.002439,1
建筑空间布局,门楼—门屋—享堂—寝楼序列,1,0.002439,1
建筑空间布局,门楼东向,1,0.002439,1
建筑空间布局,门楼组团聚居,1,0.002439,1
建筑空间布局,门狮装饰,1,0.002439,1
建筑空间布局,闭合区域,1,0.002439,1
建筑空间布局,闸桥连岛,1,0.002439,1
建筑空间布局,附属建筑,1,0.002439,1
建筑空间布局,附属建筑群,1,0.002439,1
建筑空间布局,附属院落群,1,0.002439,1
建筑空间布局,院前,1,0.002439,1
建筑空间布局,院舍建筑,1,0.002439,1
建筑空间布局,院落,1,0.002439,1
建筑空间布局,院落串联,1,0.002439,1
建筑空间布局,院落分隔,1,0.002439,1
建筑空间布局,院落布局,1,0.002439,1
建筑空间布局,院落并列联排,1,0.002439,1
建筑空间布局,院落序列,1,0.002439,1
建筑空间布局,院落联通,1,0.002439,1
建筑空间布局,院落贯通,1,0.002439,1
建筑空间布局,院落连体,1,0.002439,1
建筑空间布局,随形就势,1,0.002439,1
建筑空间布局,隔墙分域,1,0.002439,1
建筑空间布局,集中分布,1,0.002439,1
建筑空间布局,集中式布局,1,0.002439,1
建筑空间布局,集中式院落,1,0.002439,1
建筑空间布局,集中成片,1,0.002439,1
建筑空间布局,露天梯道,1,0.002439,1
建筑空间布局,面东布局,1,0.002439,1
建筑空间布局,面阔五/七间,1,0.002439,1
建筑空间布局,面阔五间进深三间,1,0.002439,1
建筑空间布局,面阔进深递减,1,0.002439,1
建筑空间布局,顺地势布局,1,0.002439,1
建筑空间布局,风水布局,1,0.002439,1
建筑空间布局,风洞窗,1,0.002439,1
建筑空间布局,风雨桥,1,0.002439,1
建筑空间布局,飞阁三座,1,0.002439,1
建筑空间布局,马道登台,1,0.002439,1
建筑空间布局,骑楼,1,0.002439,1
建筑空间布局,高低错落,1,0.002439,1
建筑空间布局,高墙深院,1,0.002439,1
建筑空间布局,高门台,1,0.002439,1
建筑空间布局,鹅卵石铺地,1,0.002439,1
建筑空间布局,鼓楼中心布局,1,0.002439,1
建筑空间布局,鼓楼居中,1,0.002439,1
建筑结构体系,一体式布局,1,0.002439,1
建筑结构体系,一字形城墙,1,0.002439,1
建筑结构体系,一脊两堂,1,0.002439,1
建筑结构体系,一进三重,1,0.002439,1
建筑结构体系,一进三间,1,0.002439,1
建筑结构体系,一进院落,1,0.002439,1
建筑结构体系,七孔不等跨石拱桥,1,0.002439,1
建筑结构体系,七孔连拱石桥,1,0.002439,1
建筑结构体系,七檩结构,1,0.002439,1
建筑结构体系,七间主厅,1,0.002439,1
建筑结构体系,七间五间制,1,0.002439,1
建筑结构体系,三乐堂,1,0.002439,1
建筑结构体系,三厅式,1,0.002439,1
建筑结构体系,三叉形布局,1,0.002439,1
建筑结构体系,三合土墓圹,1,0.002439,1
建筑结构体系,三合院式,1,0.002439,1
建筑结构体系,三坊一照壁,1,0.002439,1
建筑结构体系,三堂四横,1,0.002439,1
建筑结构体系,三堂四横一围,1,0.002439,1
建筑结构体系,三墩两孔,1,0.002439,1
建筑结构体系,三孔两墩,1,0.002439,1
建筑结构体系,三孔二墩二台,1,0.002439,1
建筑结构体系,三孔平梁石桥,1,0.002439,1
建筑结构体系,三孔拱券,1,0.002439,1
建筑结构体系,三孔石拱,1,0.002439,1
建筑结构体系,三孔薄墩薄拱实腹石拱桥,1,0.002439,1
建筑结构体系,三层三重檐歇山顶,1,0.002439,1
建筑结构体系,三层木构塔形,1,0.002439,1
建筑结构体系,三层木构架,1,0.002439,1
建筑结构体系,三层楼房,1,0.002439,1
建筑结构体系,三层结构,1,0.002439,1
建筑结构体系,三开间,1,0.002439,1
建筑结构体系,三折边,1,0.002439,1
建筑结构体系,三拱廊桥,1,0.002439,1
建筑结构体系,三斗三拱,1,0.002439,1
建筑结构体系,三明两暗合院,1,0.002439,1
建筑结构体系,三柱式,1,0.002439,1
建筑结构体系,三段式布局,1,0.002439,1
建筑结构体系,三环楼层,1,0.002439,1
建筑结构体系,三路并联布局,1,0.002439,1
建筑结构体系,三进两院,1,0.002439,1
建筑结构体系,三进两院过道厅,1,0.002439,1
建筑结构体系,三进二明堂,1,0.002439,1
建筑结构体系,三进五开间,1,0.002439,1
建筑结构体系,三进围屋,1,0.002439,1
建筑结构体系,三进式正屋,1,0.002439,1
建筑结构体系,三重檐,1,0.002439,1
建筑结构体系,三重檐歇山式,1,0.002439,1
建筑结构体系,三间厢房,1,0.002439,1
建筑结构体系,三阳关,1,0.002439,1
建筑结构体系,不对称拱桥,1,0.002439,1
建筑结构体系,两两呼应,1,0.002439,1
建筑结构体系,两孔三亭,1,0.002439,1
建筑结构体系,两层楼房,1,0.002439,1
建筑结构体系,两层阁楼,1,0.002439,1
建筑结构体系,中轴对称格局,1,0.002439,1
建筑结构体系,主楼配阁结构,1,0.002439,1
建筑结构体系,主次轴线,1,0.002439,1
建筑结构体系,主院与跨院组合,1,0.002439,1
建筑结构体系,九墩联孔,1,0.002439,1
建筑结构体系,九孔不等跨连续坦拱桥,1,0.002439,1
建筑结构体系,九孔半圆形拱,1,0.002439,1
建筑结构体系,九梁十八柱七十二条脊,1,0.002439,1
建筑结构体系,九椽屋,1,0.002439,1
建筑结构体系,九檩,1,0.002439,1
建筑结构体系,二台一墩,1,0.002439,1
建筑结构体系,二层三檐,1,0.002439,1
建筑结构体系,二层楼阁,1,0.002439,1
建筑结构体系,二层楼阁式,1,0.002439,1
建筑结构体系,二进四合院,1,0.002439,1
建筑结构体系,二龙驮桥,1,0.002439,1
建筑结构体系,五孔实腹联拱式,1,0.002439,1
建筑结构体系,五孔拱,1,0.002439,1
建筑结构体系,五孔拱券,1,0.002439,1
建筑结构体系,五孔拱桥,1,0.002439,1
建筑结构体系,五孔石拱桥,1,0.002439,1
建筑结构体系,五孔闸坝,1,0.002439,1
建筑结构体系,五山封火墙,1,0.002439,1
建筑结构体系,五开间,1,0.002439,1
建筑结构体系,五开间正房,1,0.002439,1
建筑结构体系,五折边,1,0.002439,1
建筑结构体系,五架穿斗式,1,0.002439,1
建筑结构体系,五路六院,1,0.002439,1
建筑结构体系,五边形拱,1,0.002439,1
建筑结构体系,五进四合院,1,0.002439,1
建筑结构体系,五重四进,1,0.002439,1
建筑结构体系,五间大门,1,0.002439,1
建筑结构体系,井字形天花,1,0.002439,1
建筑结构体系,井干式,1,0.002439,1
建筑结构体系,亭台殿阁组合,1,0.002439,1
建筑结构体系,亮梯子,1,0.002439,1
建筑结构体系,人字梁架,1,0.002439,1
建筑结构体系,人工开凿结构,1,0.002439,1
建筑结构体系,仓墙合一,1,0.002439,1
建筑结构体系,仪门,1,0.002439,1
建筑结构体系,仿天一阁式,1,0.002439,1
建筑结构体系,仿拱形结构,1,0.002439,1
建筑结构体系,伸臂叠梁,1,0.002439,1
建筑结构体系,伸臂桥,1,0.002439,1
建筑结构体系,伸臂梁式,1,0.002439,1
建筑结构体系,伸臂梁结构,1,0.002439,1
建筑结构体系,侗家四合楼院,1,0.002439,1
建筑结构体系,依山就势布局,1,0.002439,1
建筑结构体系,依山而建,1,0.002439,1
建筑结构体系,傣汉融合结构,1,0.002439,1
建筑结构体系,全木结构,1,0.002439,1
建筑结构体系,全砖结构,1,0.002439,1
建筑结构体系,八卦形平面,1,0.002439,1
建筑结构体系,八字形拱架,1,0.002439,1
建筑结构体系,八字斜撑,1,0.002439,1
建筑结构体系,八椽进深,1,0.002439,1
建筑结构体系,六墩五孔,1,0.002439,1
建筑结构体系,六开间,1,0.002439,1
建筑结构体系,六柱三楼式,1,0.002439,1
建筑结构体系,六椽三柱,1,0.002439,1
建筑结构体系,六椽栿对乳栿,1,0.002439,1
建筑结构体系,关隘体系,1,0.002439,1
建筑结构体系,兵房,1,0.002439,1
建筑结构体系,内外双城结构,1,0.002439,1
建筑结构体系,内外城结构,1,0.002439,1
建筑结构体系,分心三柱,1,0.002439,1
建筑结构体系,分水尖桥墩,1,0.002439,1
建筑结构体系,分节并列砌筑,1,0.002439,1
建筑结构体系,前低后高布局,1,0.002439,1
建筑结构体系,前出廊结构,1,0.002439,1
建筑结构体系,前后廊,1,0.002439,1
建筑结构体系,前宅后园,1,0.002439,1
建筑结构体系,前庭后寝,1,0.002439,1
建筑结构体系,前疏后密结构,1,0.002439,1
建筑结构体系,剪刀撑,1,0.002439,1
建筑结构体系,副墩加固,1,0.002439,1
建筑结构体系,包砖墙体,1,0.002439,1
建筑结构体系,包砖夯土结构,1,0.002439,1
建筑结构体系,北方硬山式,1,0.002439,1
建筑结构体系,十一孔拱桥,1,0.002439,1
建筑结构体系,十八梭船廿四洲,1,0.002439,1
建筑结构体系,十字交叉筒券通道,1,0.002439,1
建筑结构体系,十字形拱券,1,0.002439,1
建筑结构体系,半四角攒尖顶,1,0.002439,1
建筑结构体系,半圆形拱券,1,0.002439,1
建筑结构体系,半圆形驼峰式,1,0.002439,1
建筑结构体系,半圆拱,1,0.002439,1
建筑结构体系,半圆框形拱,1,0.002439,1
建筑结构体系,单体四合院,1,0.002439,1
建筑结构体系,单元式围楼,1,0.002439,1
建筑结构体系,单圆拱,1,0.002439,1
建筑结构体系,单孔伸臂梁式,1,0.002439,1
建筑结构体系,单孔平梁石桥,1,0.002439,1
建筑结构体系,单孔拱券,1,0.002439,1
建筑结构体系,单孔拱桥,1,0.002439,1
建筑结构体系,单孔敞肩弧形坦拱,1,0.002439,1
建筑结构体系,单孔木拱,1,0.002439,1
建筑结构体系,单孔石拱,1,0.002439,1
建筑结构体系,单孔跨度,1,0.002439,1
建筑结构体系,单拱折边形石拱桥,1,0.002439,1
建筑结构体系,单拱敞肩,1,0.002439,1
建筑结构体系,单拱桥,1,0.002439,1
建筑结构体系,单檐,1,0.002439,1
建筑结构体系,单檐悬山顶,1,0.002439,1
建筑结构体系,单檐攒尖,1,0.002439,1
建筑结构体系,单檐硬山,1,0.002439,1
建筑结构体系,单檐硬山式,1,0.002439,1
建筑结构体系,单间加擎檐柱式,1,0.002439,1
建筑结构体系,单面坡,1,0.002439,1
建筑结构体系,单面靠岸纤道,1,0.002439,1
建筑结构体系,卫城体系,1,0.002439,1
建筑结构体系,卷杀,1,0.002439,1
建筑结构体系,卷棚,1,0.002439,1
建筑结构体系,卷棚式屋顶,1,0.002439,1
建筑结构体系,厚拱厚墩,1,0.002439,1
建筑结构体系,厢房结构,1,0.002439,1
建筑结构体系,双孔石拱,1,0.002439,1
建筑结构体系,双层折廊,1,0.002439,1
建筑结构体系,双层木桥,1,0.002439,1
建筑结构体系,双层牢房楼,1,0.002439,1
建筑结构体系,双扇铁皮木质大门,1,0.002439,1
建筑结构体系,双护厝,1,0.002439,1
建筑结构体系,双敞肩式,1,0.002439,1
建筑结构体系,双环圆形土楼,1,0.002439,1
建筑结构体系,双重城垣,1,0.002439,1
建筑结构体系,双重石拱桥,1,0.002439,1
建筑结构体系,双面临水纤道,1,0.002439,1
建筑结构体系,变截面圆弧尖拱,1,0.002439,1
建筑结构体系,叠涩悬挑,1,0.002439,1
建筑结构体系,台基,1,0.002439,1
建筑结构体系,台门体系,1,0.002439,1
建筑结构体系,合院式布局,1,0.002439,1
建筑结构体系,合院式结构,1,0.002439,1
建筑结构体系,吊桥,1,0.002439,1
建筑结构体系,后罩楼,1,0.002439,1
建筑结构体系,品字形布局,1,0.002439,1
建筑结构体系,哥特式门楼,1,0.002439,1
建筑结构体系,四合五天井,1,0.002439,1
建筑结构体系,四合院式布局,1,0.002439,1
建筑结构体系,四合院组群,1,0.002439,1
建筑结构体系,四层木构,1,0.002439,1
建筑结构体系,四柱,1,0.002439,1
建筑结构体系,四柱三楼牌坊式,1,0.002439,1
建筑结构体系,四柱三间式,1,0.002439,1
建筑结构体系,四柱五楼,1,0.002439,1
建筑结构体系,四椽栿,1,0.002439,1
建筑结构体系,四椽袱,1,0.002439,1
建筑结构体系,四檐歇山顶,1,0.002439,1
建筑结构体系,四点金,1,0.002439,1
建筑结构体系,四角瑞兽装饰,1,0.002439,1
建筑结构体系,四进厅堂,1,0.002439,1
建筑结构体系,四进式正屋,1,0.002439,1
建筑结构体系,四重檐十字脊,1,0.002439,1
建筑结构体系,四门对称,1,0.002439,1
建筑结构体系,回廊式,1,0.002439,1
建筑结构体系,回廊连接,1,0.002439,1
建筑结构体系,回形三层,1,0.002439,1
建筑结构体系,围城,1,0.002439,1
建筑结构体系,围屋,1,0.002439,1
建筑结构体系,围廊,1,0.002439,1
建筑结构体系,围廊式,1,0.002439,1
建筑结构体系,围楼,1,0.002439,1
建筑结构体系,围楼结构,1,0.002439,1
建筑结构体系,圆弧形拱,1,0.002439,1
建筑结构体系,圆形土楼,1,0.002439,1
建筑结构体系,圆拱石桥,1,0.002439,1
建筑结构体系,土坯墙,1,0.002439,1
建筑结构体系,土城墙,1,0.002439,1
建筑结构体系,土堡结构,1,0.002439,1
建筑结构体系,土家古堡,1,0.002439,1
建筑结构体系,土山结构,1,0.002439,1
建筑结构体系,土木混合结构,1,0.002439,1
建筑结构体系,土木石结构,1,0.002439,1
建筑结构体系,土木砖石结构,1,0.002439,1
建筑结构体系,土石结构,1,0.002439,1
建筑结构体系,均衡布局,1,0.002439,1
建筑结构体系,坐北朝南,1,0.002439,1
建筑结构体系,坐南朝北,1,0.002439,1
建筑结构体系,坦拱敞肩石桥,1,0.002439,1
建筑结构体系,垂直单元结构,1,0.002439,1
建筑结构体系,垛口墙,1,0.002439,1
建筑结构体系,垛口结构,1,0.002439,1
建筑结构体系,城中城,1,0.002439,1
建筑结构体系,城台,1,0.002439,1
建筑结构体系,城堡式住宅,1,0.002439,1
建筑结构体系,城堡式建筑群,1,0.002439,1
建筑结构体系,城堡式结构,1,0.002439,1
建筑结构体系,城堡式高台,1,0.002439,1
建筑结构体系,城楼,1,0.002439,1
建筑结构体系,城砖包砌,1,0.002439,1
建筑结构体系,城门楼,1,0.002439,1
建筑结构体系,城阙状台座,1,0.002439,1
建筑结构体系,堂楼,1,0.002439,1
建筑结构体系,堂楼结构,1,0.002439,1
建筑结构体系,堆拨,1,0.002439,1
建筑结构体系,堡垒式建筑,1,0.002439,1
建筑结构体系,堡垒式结构,1,0.002439,1
建筑结构体系,墙垛结构,1,0.002439,1
建筑结构体系,墩台结构,1,0.002439,1
建筑结构体系,墩梁式,1,0.002439,1
建筑结构体系,壁体,1,0.002439,1
建筑结构体系,壁座壁身壁顶三段式,1,0.002439,1
建筑结构体系,壁顶,1,0.002439,1
建筑结构体系,复合型结构,1,0.002439,1
建筑结构体系,复廊,1,0.002439,1
建筑结构体系,复檐五层,1,0.002439,1
建筑结构体系,复道廊,1,0.002439,1
建筑结构体系,外包条石,1,0.002439,1
建筑结构体系,外庭院内天井,1,0.002439,1
建筑结构体系,外檐柱,1,0.002439,1
建筑结构体系,多孔不等跨,1,0.002439,1
建筑结构体系,多孔厚墩联拱桥,1,0.002439,1
建筑结构体系,多孔拱券,1,0.002439,1
建筑结构体系,多孔拱桥,1,0.002439,1
建筑结构体系,多孔闸桥,1,0.002439,1
建筑结构体系,多层结构,1,0.002439,1
建筑结构体系,多进厅堂,1,0.002439,1
建筑结构体系,多重围墙,1,0.002439,1
建筑结构体系,多重院落,1,0.002439,1
建筑结构体系,大出厦,1,0.002439,1
建筑结构体系,大木架结构,1,0.002439,1
建筑结构体系,大额式结构,1,0.002439,1
建筑结构体系,天井单元,1,0.002439,1
建筑结构体系,天井式四合院,1,0.002439,1
建筑结构体系,天井式院落,1,0.002439,1
建筑结构体系,天井采光结构,1,0.002439,1
建筑结构体系,夯土筑城,1,0.002439,1
建筑结构体系,夯土结构,1,0.002439,1
建筑结构体系,头门,1,0.002439,1
建筑结构体系,夹层结构,1,0.002439,1
建筑结构体系,套院式,1,0.002439,1
建筑结构体系,女儿墙,1,0.002439,1
建筑结构体系,如意斗拱,1,0.002439,1
建筑结构体系,宅园合一,1,0.002439,1
建筑结构体系,宋法式做法,1,0.002439,1
建筑结构体系,完璧楼,1,0.002439,1
建筑结构体系,宗族建筑群,1,0.002439,1
建筑结构体系,官式城垣,1,0.002439,1
建筑结构体系,官式建筑,1,0.002439,1
建筑结构体系,官式牌坊,1,0.002439,1
建筑结构体系,实体塘堤,1,0.002439,1
建筑结构体系,实体纤道,1,0.002439,1
建筑结构体系,实心炮楼,1,0.002439,1
建筑结构体系,实腹圆弧拱,1,0.002439,1
建筑结构体系,实腹式石拱,1,0.002439,1
建筑结构体系,宫殿式,1,0.002439,1
建筑结构体系,宽走廊,1,0.002439,1
建筑结构体系,寨墙,1,0.002439,1
建筑结构体系,寨楼,1,0.002439,1
建筑结构体系,寨门,1,0.002439,1
建筑结构体系,封火墙,1,0.002439,1
建筑结构体系,封火墙建筑,1,0.002439,1
建筑结构体系,封火山墙,1,0.002439,1
建筑结构体系,封闭式布局,1,0.002439,1
建筑结构体系,封闭式防御结构,1,0.002439,1
建筑结构体系,小青瓦顶,1,0.002439,1
建筑结构体系,尖孔拱,1,0.002439,1
建筑结构体系,尖拱石桥,1,0.002439,1
建筑结构体系,居住堂屋,1,0.002439,1
建筑结构体系,屋连屋结构,1,0.002439,1
建筑结构体系,展厅结构,1,0.002439,1
建筑结构体系,山响草堂,1,0.002439,1
建筑结构体系,山地石构,1,0.002439,1
建筑结构体系,岩洞结构,1,0.002439,1
建筑结构体系,川堂结构,1,0.002439,1
建筑结构体系,工字格局,1,0.002439,1
建筑结构体系,巨石桥面,1,0.002439,1
建筑结构体系,干枝式结构,1,0.002439,1
建筑结构体系,平坐层,1,0.002439,1
建筑结构体系,平屋顶,1,0.002439,1
建筑结构体系,平梁,1,0.002439,1
建筑结构体系,并列券敞肩式,1,0.002439,1
建筑结构体系,并列砌筑拱券,1,0.002439,1
建筑结构体系,庑殿顶,1,0.002439,1
建筑结构体系,府卫双城,1,0.002439,1
建筑结构体系,府邸,1,0.002439,1
建筑结构体系,廊屋,1,0.002439,1
建筑结构体系,廊屋亭阁一体,1,0.002439,1
建筑结构体系,廊屋结构,1,0.002439,1
建筑结构体系,廊式四合院,1,0.002439,1
建筑结构体系,廊桥,1,0.002439,1
建筑结构体系,廊桥结构,1,0.002439,1
建筑结构体系,开敞通透布局,1,0.002439,1
建筑结构体系,弧形马面,1,0.002439,1
建筑结构体系,彻上明造,1,0.002439,1
建筑结构体系,彻上露明造,1,0.002439,1
建筑结构体系,徽派建筑,1,0.002439,1
建筑结构体系,徽派木构架,1,0.002439,1
建筑结构体系,悬山垂花门,1,0.002439,1
建筑结构体系,悬山式,1,0.002439,1
建筑结构体系,悬山式屋顶,1,0.002439,1
建筑结构体系,悬索结构,1,0.002439,1
建筑结构体系,悬臂结构,1,0.002439,1
建筑结构体系,房廊,1,0.002439,1
建筑结构体系,承重墙体系,1,0.002439,1
建筑结构体系,折边拱,1,0.002439,1
建筑结构体系,护厝,1,0.002439,1
建筑结构体系,护城池,1,0.002439,1
建筑结构体系,抬梁式结构,1,0.002439,1
建筑结构体系,抱厦,1,0.002439,1
建筑结构体系,拱券式无梁结构,1,0.002439,1
建筑结构体系,拱券窑洞式,1,0.002439,1
建筑结构体系,拱形桥面,1,0.002439,1
建筑结构体系,拱桥结构,1,0.002439,1
建筑结构体系,拱洞桥,1,0.002439,1
建筑结构体系,插铁串联桥墩,1,0.002439,1
建筑结构体系,收分墙体,1,0.002439,1
建筑结构体系,敞肩拱,1,0.002439,1
建筑结构体系,斗拱,1,0.002439,1
建筑结构体系,斗拱木质结构,1,0.002439,1
建筑结构体系,斗门,1,0.002439,1
建筑结构体系,斜拉桥,1,0.002439,1
建筑结构体系,方围,1,0.002439,1
建筑结构体系,方形城制,1,0.002439,1
建筑结构体系,无梁式券洞,1,0.002439,1
建筑结构体系,无梁殿,1,0.002439,1
建筑结构体系,无梁结构,1,0.002439,1
建筑结构体系,无横向联系构造,1,0.002439,1
建筑结构体系,明五暗四六厢窑,1,0.002439,1
建筑结构体系,晋南民居风格,1,0.002439,1
建筑结构体系,曲尺形布局,1,0.002439,1
建筑结构体系,月梁,1,0.002439,1
建筑结构体系,望楼,1,0.002439,1
建筑结构体系,木制结构,1,0.002439,1
建筑结构体系,木构廊桥,1,0.002439,1
建筑结构体系,木构架体系,1,0.002439,1
建筑结构体系,木构桥梁,1,0.002439,1
建筑结构体系,木构梁架,1,0.002439,1
建筑结构体系,木构楼阁,1,0.002439,1
建筑结构体系,木柱结构,1,0.002439,1
建筑结构体系,木桩基础,1,0.002439,1
建筑结构体系,木石结构,1,0.002439,1
建筑结构体系,木阁门楼,1,0.002439,1
建筑结构体系,条石寨墙,1,0.002439,1
建筑结构体系,条石折边单拱桥,1,0.002439,1
建筑结构体系,条石砌筑,1,0.002439,1
建筑结构体系,来青阁,1,0.002439,1
建筑结构体系,枪眼望孔,1,0.002439,1
建筑结构体系,柱承重结构,1,0.002439,1
建筑结构体系,桁架梁桥,1,0.002439,1
建筑结构体系,框架结构,1,0.002439,1
建筑结构体系,桥上桥结构,1,0.002439,1
建筑结构体系,桥墩台,1,0.002439,1
建筑结构体系,桥墩结构,1,0.002439,1
建筑结构体系,桥头堡结构,1,0.002439,1
建筑结构体系,桥梁雏形,1,0.002439,1
建筑结构体系,梁式桥,1,0.002439,1
建筑结构体系,梁式闸桥,1,0.002439,1
建筑结构体系,梁架结构,1,0.002439,1
建筑结构体系,梁桥结构,1,0.002439,1
建筑结构体系,梭形迎水墩,1,0.002439,1
建筑结构体系,梯形城墙,1,0.002439,1
建筑结构体系,梯形断面城墙,1,0.002439,1
建筑结构体系,梯形桥墩,1,0.002439,1
建筑结构体系,森厦式,1,0.002439,1
建筑结构体系,椭圆形平面,1,0.002439,1
建筑结构体系,楼中有屋,1,0.002439,1
建筑结构体系,楼廊,1,0.002439,1
建筑结构体系,楼式,1,0.002439,1
建筑结构体系,楼房与寨墙结合,1,0.002439,1
建筑结构体系,楼榭亭台,1,0.002439,1
建筑结构体系,榫卯结构,1,0.002439,1
建筑结构体系,横向交错砌筑,1,0.002439,1
建筑结构体系,横屋,1,0.002439,1
建筑结构体系,横梁穿插,1,0.002439,1
建筑结构体系,横纵轴线布局,1,0.002439,1
建筑结构体系,歇山半亭,1,0.002439,1
建筑结构体系,歇山博脊挑角,1,0.002439,1
建筑结构体系,歇山式顶,1,0.002439,1
建筑结构体系,步廊木栏杆,1,0.002439,1
建筑结构体系,毛石混凝土桥墩,1,0.002439,1
建筑结构体系,民居建筑,1,0.002439,1
建筑结构体系,民居风格,1,0.002439,1
建筑结构体系,水门,1,0.002439,1
建筑结构体系,水陆城门,1,0.002439,1
建筑结构体系,汉式寺庙,1,0.002439,1
建筑结构体系,汉式衙署结构,1,0.002439,1
建筑结构体系,汉式金顶,1,0.002439,1
建筑结构体系,汉藏结合式,1,0.002439,1
建筑结构体系,江南私家园林结构,1,0.002439,1
建筑结构体系,浮梁结合结构,1,0.002439,1
建筑结构体系,混合式木构架,1,0.002439,1
建筑结构体系,清代仿明建筑,1,0.002439,1
建筑结构体系,清代式样,1,0.002439,1
建筑结构体系,清代木构架,1,0.002439,1
建筑结构体系,濠堑,1,0.002439,1
建筑结构体系,爬山廊,1,0.002439,1
建筑结构体系,片石垒砌桥墩,1,0.002439,1
建筑结构体系,牌坊,1,0.002439,1
建筑结构体系,环城马道,1,0.002439,1
建筑结构体系,环山围河,1,0.002439,1
建筑结构体系,环形炮楼,1,0.002439,1
建筑结构体系,瓮城防御体系,1,0.002439,1
建筑结构体系,用材规整,1,0.002439,1
建筑结构体系,画舫式,1,0.002439,1
建筑结构体系,盔顶,1,0.002439,1
建筑结构体系,瞭望孔,1,0.002439,1
建筑结构体系,矩形平面,1,0.002439,1
建筑结构体系,石伸臂梁式结构,1,0.002439,1
建筑结构体系,石墙贝玛草顶,1,0.002439,1
建筑结构体系,石墩木桥,1,0.002439,1
建筑结构体系,石墩木梁悬臂式廊桥,1,0.002439,1
建筑结构体系,石墩梁桥,1,0.002439,1
建筑结构体系,石墩石梁桥,1,0.002439,1
建筑结构体系,石室墓圹,1,0.002439,1
建筑结构体系,石拱木构,1,0.002439,1
建筑结构体系,石方楼,1,0.002439,1
建筑结构体系,石木混合结构,1,0.002439,1
建筑结构体系,石木结构,1,0.002439,1
建筑结构体系,石板平铺结构,1,0.002439,1
建筑结构体系,石板梁桥,1,0.002439,1
建筑结构体系,石构建筑,1,0.002439,1
建筑结构体系,石构架,1,0.002439,1
建筑结构体系,石桥,1,0.002439,1
建筑结构体系,石砌单孔拱桥,1,0.002439,1
建筑结构体系,石砌堤坝,1,0.002439,1
建筑结构体系,石砌拱,1,0.002439,1
建筑结构体系,石砌拱券结构,1,0.002439,1
建筑结构体系,石砌结构,1,0.002439,1
建筑结构体系,石质梁桥,1,0.002439,1
建筑结构体系,石路亭,1,0.002439,1
建筑结构体系,石雕斗拱,1,0.002439,1
建筑结构体系,砖券拱形,1,0.002439,1
建筑结构体系,砖台木架结构,1,0.002439,1
建筑结构体系,砖城,1,0.002439,1
建筑结构体系,砖城墙,1,0.002439,1
建筑结构体系,砖房结构,1,0.002439,1
建筑结构体系,砖拱桥,1,0.002439,1
建筑结构体系,砖木仿石结构,1,0.002439,1
建筑结构体系,砖木石结构,1,0.002439,1
建筑结构体系,砖瓦结构,1,0.002439,1
建筑结构体系,砖石城台,1,0.002439,1
建筑结构体系,砖石拱结构,1,0.002439,1
建筑结构体系,砖石照壁,1,0.002439,1
建筑结构体系,砖石高墙,1,0.002439,1
建筑结构体系,砖砌台基,1,0.002439,1
建筑结构体系,砖砌城台,1,0.002439,1
建筑结构体系,硬山屋顶,1,0.002439,1
建筑结构体系,硬山搁檩式,1,0.002439,1
建筑结构体系,祠堂建筑,1,0.002439,1
建筑结构体系,祠居合一,1,0.002439,1
建筑结构体系,穿堂式,1,0.002439,1
建筑结构体系,穿堂院落,1,0.002439,1
建筑结构体系,穿插梁,1,0.002439,1
建筑结构体系,穿斗式混合结构,1,0.002439,1
建筑结构体系,穿斗式结构,1,0.002439,1
建筑结构体系,穿斗抬梁混合式,1,0.002439,1
建筑结构体系,窑洞,1,0.002439,1
建筑结构体系,窑洞加前廊,1,0.002439,1
建筑结构体系,窑洞结构,1,0.002439,1
建筑结构体系,窑洞院落,1,0.002439,1
建筑结构体系,立柱承重结构,1,0.002439,1
建筑结构体系,竖井式四合院,1,0.002439,1
建筑结构体系,等腰三角形桥墩,1,0.002439,1
建筑结构体系,简支石梁,1,0.002439,1
建筑结构体系,简板布瓦顶,1,0.002439,1
建筑结构体系,红石砌筑,1,0.002439,1
建筑结构体系,纯木结构,1,0.002439,1
建筑结构体系,纵向单券并列,1,0.002439,1
建筑结构体系,纵向并列砌筑,1,0.002439,1
建筑结构体系,纵联分节并列砌置,1,0.002439,1
建筑结构体系,纵联分节并列结构,1,0.002439,1
建筑结构体系,纵联式券拱,1,0.002439,1
建筑结构体系,纵联式拱碹,1,0.002439,1
建筑结构体系,纵联砌筑,1,0.002439,1
建筑结构体系,组群式楼房,1,0.002439,1
建筑结构体系,结构简练,1,0.002439,1
建筑结构体系,结构轻巧,1,0.002439,1
建筑结构体系,翼楼结构,1,0.002439,1
建筑结构体系,联拱式石拱桥,1,0.002439,1
建筑结构体系,联拱石桥,1,0.002439,1
建筑结构体系,联拱结构,1,0.002439,1
建筑结构体系,腰檐平座,1,0.002439,1
建筑结构体系,腰铁加固,1,0.002439,1
建筑结构体系,自然洞穴改建,1,0.002439,1
建筑结构体系,船形墩,1,0.002439,1
建筑结构体系,花园,1,0.002439,1
建筑结构体系,草顶,1,0.002439,1
建筑结构体系,菱花格扇门窗,1,0.002439,1
建筑结构体系,落地式,1,0.002439,1
建筑结构体系,薄墩石拱桥,1,0.002439,1
建筑结构体系,薄墩薄拱,1,0.002439,1
建筑结构体系,藏式三层楼房,1,0.002439,1
建筑结构体系,藏式四合院,1,0.002439,1
建筑结构体系,藏式寺庙,1,0.002439,1
建筑结构体系,藏式建筑,1,0.002439,1
建筑结构体系,藏式木石结构,1,0.002439,1
建筑结构体系,藏式柱头支撑结构,1,0.002439,1
建筑结构体系,蜂窝城,1,0.002439,1
建筑结构体系,西宅东园,1,0.002439,1
建筑结构体系,角墩,1,0.002439,1
建筑结构体系,谯楼,1,0.002439,1
建筑结构体系,贯通式院落,1,0.002439,1
建筑结构体系,赣派民居,1,0.002439,1
建筑结构体系,走马堂楼,1,0.002439,1
建筑结构体系,跑马楼,1,0.002439,1
建筑结构体系,跑马道,1,0.002439,1
建筑结构体系,跨河城桥,1,0.002439,1
建筑结构体系,跨空枋,1,0.002439,1
建筑结构体系,轻巧灵活结构,1,0.002439,1
建筑结构体系,边台,1,0.002439,1
建筑结构体系,过街楼,1,0.002439,1
建筑结构体系,进深九间,1,0.002439,1
建筑结构体系,进深六椽,1,0.002439,1
建筑结构体系,连幢布局,1,0.002439,1
建筑结构体系,连拱结构,1,0.002439,1
建筑结构体系,迥栏转角,1,0.002439,1
建筑结构体系,迭梁穿斗式,1,0.002439,1
建筑结构体系,通天柱,1,0.002439,1
建筑结构体系,通柱做法,1,0.002439,1
建筑结构体系,通檐用三柱,1,0.002439,1
建筑结构体系,通高柱,1,0.002439,1
建筑结构体系,重力式墩台,1,0.002439,1
建筑结构体系,重楼连接,1,0.002439,1
建筑结构体系,重檐八角亭式,1,0.002439,1
建筑结构体系,重檐四落水,1,0.002439,1
建筑结构体系,重檐四面坡,1,0.002439,1
建筑结构体系,重檐庑殿顶,1,0.002439,1
建筑结构体系,重檐攒尖顶,1,0.002439,1
建筑结构体系,重檐楼阁,1,0.002439,1
建筑结构体系,重檐歇山式,1,0.002439,1
建筑结构体系,重檐盝顶,1,0.002439,1
建筑结构体系,重檐硬山,1,0.002439,1
建筑结构体系,重门楼,1,0.002439,1
建筑结构体系,金壞屋,1,0.002439,1
建筑结构体系,金柱,1,0.002439,1
建筑结构体系,金柱承重,1,0.002439,1
建筑结构体系,金柱支撑,1,0.002439,1
建筑结构体系,铁索桥,1,0.002439,1
建筑结构体系,铁网监视结构,1,0.002439,1
建筑结构体系,铁链承重体系,1,0.002439,1
建筑结构体系,银安殿制,1,0.002439,1
建筑结构体系,银铤状平面,1,0.002439,1
建筑结构体系,错缝砌筑,1,0.002439,1
建筑结构体系,长方体状楼体,1,0.002439,1
建筑结构体系,长方形平面,1,0.002439,1
建筑结构体系,长方形结构,1,0.002439,1
建筑结构体系,门楼,1,0.002439,1
建筑结构体系,防御性城墙,1,0.002439,1
建筑结构体系,防御设施,1,0.002439,1
建筑结构体系,防波堤,1,0.002439,1
建筑结构体系,防火墙,1,0.002439,1
建筑结构体系,阴阳瓦,1,0.002439,1
建筑结构体系,阶梯式结构,1,0.002439,1
建筑结构体系,附拱,1,0.002439,1
建筑结构体系,陡拱,1,0.002439,1
建筑结构体系,陡拱式,1,0.002439,1
建筑结构体系,院落式结构,1,0.002439,1
建筑结构体系,青石墙基,1,0.002439,1
建筑结构体系,青石砌筑,1,0.002439,1
建筑结构体系,青砖墙,1,0.002439,1
建筑结构体系,青砖瓦房,1,0.002439,1
建筑结构体系,青砖立柱,1,0.002439,1
建筑结构体系,须弥座,1,0.002439,1
建筑结构体系,须弥座台基,1,0.002439,1
建筑结构体系,风火墙,1,0.002439,1
建筑结构体系,飞椽,1,0.002439,1
建筑结构体系,飞檐翘角,1,0.002439,1
建筑结构体系,马号,1,0.002439,1
建筑结构体系,马头山墙,1,0.002439,1
建筑结构体系,马道,1,0.002439,1
建筑结构体系,高低齿状结构,1,0.002439,1
建筑结构体系,高台建筑,1,0.002439,1
建筑结构体系,高台楼阁式,1,0.002439,1
建筑结构体系,高墙厚壁,1,0.002439,1
建筑结构体系,高墙围合,1,0.002439,1
建筑结构体系,高层防御塔式结构,1,0.002439,1
建筑结构体系,鹅卵石垒砌桥墩,1,0.002439,1
建筑结构体系,黄土夯筑,1,0.002439,1
建筑结构体系,鼓楼,1,0.002439,1
营造技艺,T型枋构,1,0.002439,1
营造技艺,一丁一顺砌法,1,0.002439,1
营造技艺,一隔,1,0.002439,1
营造技艺,丁头栱,1,0.002439,1
营造技艺,三出五进砌法,1,0.002439,1
营造技艺,三合土包边,1,0.002439,1
营造技艺,三合土夯筑,1,0.002439,1
营造技艺,三山夹两池,1,0.002439,1
营造技艺,三彩如意斗拱,1,0.002439,1
营造技艺,三路分合,1,0.002439,1
营造技艺,三踩出单昂,1,0.002439,1
营造技艺,三踩单翘斗拱,1,0.002439,1
营造技艺,三重檐歇山式屋顶,1,0.002439,1
营造技艺,专家指导修复,1,0.002439,1
营造技艺,中式传统装饰,1,0.002439,1
营造技艺,中西合璧营造,1,0.002439,1
营造技艺,中西合璧装饰,1,0.002439,1
营造技艺,串楼建造,1,0.002439,1
营造技艺,临水布局,1,0.002439,1
营造技艺,之字形台阶,1,0.002439,1
营造技艺,九五之尊布局,1,0.002439,1
营造技艺,九踩斗拱,1,0.002439,1
营造技艺,九进厅堂营造,1,0.002439,1
营造技艺,乳钉纹饰,1,0.002439,1
营造技艺,云头挑梓,1,0.002439,1
营造技艺,云纹海水纹装饰,1,0.002439,1
营造技艺,五踩重昂,1,0.002439,1
营造技艺,五踩重昂斗拱,1,0.002439,1
营造技艺,五踩重翘,1,0.002439,1
营造技艺,五铺作双下昂,1,0.002439,1
营造技艺,井字形摞叠,1,0.002439,1
营造技艺,亭宇增建,1,0.002439,1
营造技艺,亭廊结合,1,0.002439,1
营造技艺,人字梁架,1,0.002439,1
营造技艺,人工开凿,1,0.002439,1
营造技艺,仓城合构,1,0.002439,1
营造技艺,仿古青砖墁道,1,0.002439,1
营造技艺,仿宁波道台衙门,1,0.002439,1
营造技艺,仿斗拱出挑,1,0.002439,1
营造技艺,仿木构作,1,0.002439,1
营造技艺,仿木牌楼式,1,0.002439,1
营造技艺,仿汴京营造法,1,0.002439,1
营造技艺,传统修复,1,0.002439,1
营造技艺,传统修复技艺,1,0.002439,1
营造技艺,传统匠作体系,1,0.002439,1
营造技艺,传统园林造景,1,0.002439,1
营造技艺,传统城池建造技艺,1,0.002439,1
营造技艺,传统官式营造,1,0.002439,1
营造技艺,传统工艺结合现代技术,1,0.002439,1
营造技艺,传统木构架技艺,1,0.002439,1
营造技艺,传统榫卯,1,0.002439,1
营造技艺,传统江南营造法,1,0.002439,1
营造技艺,传统湘南民居营造法,1,0.002439,1
营造技艺,传统砌筑技艺,1,0.002439,1
营造技艺,传统礼制营造,1,0.002439,1
营造技艺,传统维修技艺,1,0.002439,1
营造技艺,传统藏式木作,1,0.002439,1
营造技艺,传统藏式营造,1,0.002439,1
营造技艺,传统雕刻技艺,1,0.002439,1
营造技艺,侗家营造技艺,1,0.002439,1
营造技艺,侗族建桥技艺,1,0.002439,1
营造技艺,侗族桥梁营造技艺,1,0.002439,1
营造技艺,依势建桥,1,0.002439,1
营造技艺,依图复建,1,0.002439,1
营造技艺,依地势设计,1,0.002439,1
营造技艺,依山砌筑,1,0.002439,1
营造技艺,侧脚,1,0.002439,1
营造技艺,修缮开放展示,1,0.002439,1
营造技艺,修葺可考工艺,1,0.002439,1
营造技艺,假山造景,1,0.002439,1
营造技艺,偷心造插栱,1,0.002439,1
营造技艺,元代佛像画风,1,0.002439,1
营造技艺,八字斜撑结构,1,0.002439,1
营造技艺,六架椽屋,1,0.002439,1
营造技艺,六椽结构,1,0.002439,1
营造技艺,内部掏空改建,1,0.002439,1
营造技艺,几何图案雕刻,1,0.002439,1
营造技艺,凹槽嵌梁,1,0.002439,1
营造技艺,出昂瘦削尖曲,1,0.002439,1
营造技艺,出砖入石,1,0.002439,1
营造技艺,分层支撑,1,0.002439,1
营造技艺,分期扩建,1,0.002439,1
营造技艺,分水头,1,0.002439,1
营造技艺,分水尖,1,0.002439,1
营造技艺,分水尖工艺,1,0.002439,1
营造技艺,分水桥墩,1,0.002439,1
营造技艺,分水金刚雁翅,1,0.002439,1
营造技艺,分节并列砌筑,1,0.002439,1
营造技艺,分节并列砌筑法,1,0.002439,1
营造技艺,券拱技术,1,0.002439,1
营造技艺,券拱砌筑,1,0.002439,1
营造技艺,券拱门,1,0.002439,1
营造技艺,券洞,1,0.002439,1
营造技艺,券睑石,1,0.002439,1
营造技艺,券砌,1,0.002439,1
营造技艺,券门砌筑,1,0.002439,1
营造技艺,券门结构,1,0.002439,1
营造技艺,刻齐筒,1,0.002439,1
营造技艺,前出廊结构,1,0.002439,1
营造技艺,剔地阳文,1,0.002439,1
营造技艺,副墩架梁加固,1,0.002439,1
营造技艺,加固重修技艺,1,0.002439,1
营造技艺,加长伸臂梁,1,0.002439,1
营造技艺,动物纹样雕刻,1,0.002439,1
营造技艺,包砌砖石,1,0.002439,1
营造技艺,匾额制作,1,0.002439,1
营造技艺,十七连环拱,1,0.002439,1
营造技艺,十字拱,1,0.002439,1
营造技艺,半圆拱券,1,0.002439,1
营造技艺,半弧形遮阳华盖,1,0.002439,1
营造技艺,单悬臂迭梁式,1,0.002439,1
营造技艺,单昂单翘五踩斗栱,1,0.002439,1
营造技艺,单檐硬山顶,1,0.002439,1
营造技艺,单面坡,1,0.002439,1
营造技艺,南北融合风格,1,0.002439,1
营造技艺,南北风格融合,1,0.002439,1
营造技艺,南宋原貌保存,1,0.002439,1
营造技艺,南洋风格融合,1,0.002439,1
营造技艺,卵石砌筑,1,0.002439,1
营造技艺,卵石铺地,1,0.002439,1
营造技艺,卷云纹雕刻,1,0.002439,1
营造技艺,卷尖叶纹,1,0.002439,1
营造技艺,卷杀,1,0.002439,1
营造技艺,压石防风,1,0.002439,1
营造技艺,原工艺修缮,1,0.002439,1
营造技艺,原物保留修缮,1,0.002439,1
营造技艺,原貌整修,1,0.002439,1
营造技艺,双层木门安装,1,0.002439,1
营造技艺,双悬臂迭梁式,1,0.002439,1
营造技艺,双落翼式悬山顶,1,0.002439,1
营造技艺,叠山,1,0.002439,1
营造技艺,叠桥建造,1,0.002439,1
营造技艺,叠涩砌筑,1,0.002439,1
营造技艺,叠石,1,0.002439,1
营造技艺,叠石理水,1,0.002439,1
营造技艺,古代营造法式,1,0.002439,1
营造技艺,台明修复,1,0.002439,1
营造技艺,台阶内收砌筑,1,0.002439,1
营造技艺,合院布局营造,1,0.002439,1
营造技艺,合院营造,1,0.002439,1
营造技艺,吉祥纹样雕刻,1,0.002439,1
营造技艺,启闭式桥梁,1,0.002439,1
营造技艺,吸水兽雕刻,1,0.002439,1
营造技艺,咬铁连接,1,0.002439,1
营造技艺,唐卡装饰,1,0.002439,1
营造技艺,四合院营造,1,0.002439,1
营造技艺,四季假山,1,0.002439,1
营造技艺,四水归堂,1,0.002439,1
营造技艺,四铺作单抄计心造,1,0.002439,1
营造技艺,因势加建,1,0.002439,1
营造技艺,因地制宜,1,0.002439,1
营造技艺,因山为城,1,0.002439,1
营造技艺,园林融合技法,1,0.002439,1
营造技艺,围合式营造,1,0.002439,1
营造技艺,围墙砌筑,1,0.002439,1
营造技艺,围屋营造,1,0.002439,1
营造技艺,土城夯筑,1,0.002439,1
营造技艺,土城始建,1,0.002439,1
营造技艺,土山营造,1,0.002439,1
营造技艺,土布包烧制瓦,1,0.002439,1
营造技艺,土楼营造技艺,1,0.002439,1
营造技艺,地方传统民间工艺,1,0.002439,1
营造技艺,地方传统营造技艺,1,0.002439,1
营造技艺,地方建筑工艺,1,0.002439,1
营造技艺,垛口,1,0.002439,1
营造技艺,垛口墙砌筑,1,0.002439,1
营造技艺,城墙修缮,1,0.002439,1
营造技艺,城墙加高,1,0.002439,1
营造技艺,城墙砌筑,1,0.002439,1
营造技艺,城池营造规范,1,0.002439,1
营造技艺,城砖拱券,1,0.002439,1
营造技艺,城门改造,1,0.002439,1
营造技艺,堂屋门窗装饰,1,0.002439,1
营造技艺,堆土券拱,1,0.002439,1
营造技艺,堆筑法,1,0.002439,1
营造技艺,堡寨联防布局,1,0.002439,1
营造技艺,墙体通风孔,1,0.002439,1
营造技艺,墙垛安砌,1,0.002439,1
营造技艺,增建修理,1,0.002439,1
营造技艺,壁画,1,0.002439,1
营造技艺,壁画工艺,1,0.002439,1
营造技艺,壁画彩绘,1,0.002439,1
营造技艺,壁画装饰,1,0.002439,1
营造技艺,复道廊,1,0.002439,1
营造技艺,外包砖工艺,1,0.002439,1
营造技艺,外包砖砌,1,0.002439,1
营造技艺,外观装饰,1,0.002439,1
营造技艺,多样化门窗结构,1,0.002439,1
营造技艺,多跨不等弧拱,1,0.002439,1
营造技艺,多路院落布局,1,0.002439,1
营造技艺,大坡屋顶,1,0.002439,1
营造技艺,大堤修筑,1,0.002439,1
营造技艺,大规模修整,1,0.002439,1
营造技艺,大规模维修,1,0.002439,1
营造技艺,大额式结构,1,0.002439,1
营造技艺,天井排水,1,0.002439,1
营造技艺,天人合一选址,1,0.002439,1
营造技艺,天窗结构,1,0.002439,1
营造技艺,夯土技艺,1,0.002439,1
营造技艺,夯土版筑,1,0.002439,1
营造技艺,夯筑技术,1,0.002439,1
营造技艺,夹柱石狮,1,0.002439,1
营造技艺,子母榫,1,0.002439,1
营造技艺,宋代福建桥式,1,0.002439,1
营造技艺,宋代遗风,1,0.002439,1
营造技艺,官式桥梁结构,1,0.002439,1
营造技艺,官式砖构,1,0.002439,1
营造技艺,实心炮楼做法,1,0.002439,1
营造技艺,实腹拱砌法,1,0.002439,1
营造技艺,实腹梁制作,1,0.002439,1
营造技艺,客家四角楼工艺,1,0.002439,1
营造技艺,客家民居营造技艺,1,0.002439,1
营造技艺,密排法,1,0.002439,1
营造技艺,对景借景,1,0.002439,1
营造技艺,对比手法,1,0.002439,1
营造技艺,对称布局施工,1,0.002439,1
营造技艺,对称布局营造,1,0.002439,1
营造技艺,对联雕刻,1,0.002439,1
营造技艺,封檐板雕刻,1,0.002439,1
营造技艺,封火墙,1,0.002439,1
营造技艺,封火墙砌筑,1,0.002439,1
营造技艺,封闭式布局,1,0.002439,1
营造技艺,小中见大,1,0.002439,1
营造技艺,尖钩状迎水,1,0.002439,1
营造技艺,就地取材,1,0.002439,1
营造技艺,层叠出挑,1,0.002439,1
营造技艺,山地凿筑,1,0.002439,1
营造技艺,山地垒砌,1,0.002439,1
营造技艺,山地筑城,1,0.002439,1
营造技艺,山西元代地方手法,1,0.002439,1
营造技艺,岩壁雕凿,1,0.002439,1
营造技艺,岭南传统工艺,1,0.002439,1
营造技艺,岭南灰塑,1,0.002439,1
营造技艺,峰回路转布局,1,0.002439,1
营造技艺,嵌瓷,1,0.002439,1
营造技艺,川南民居营造技艺,1,0.002439,1
营造技艺,巨石吊装技术,1,0.002439,1
营造技艺,巷道贯通工艺,1,0.002439,1
营造技艺,布局严谨,1,0.002439,1
营造技艺,干修法,1,0.002439,1
营造技艺,干枝式布局施工,1,0.002439,1
营造技艺,干栏营造法,1,0.002439,1
营造技艺,平摆顺砌,1,0.002439,1
营造技艺,平顶屋面,1,0.002439,1
营造技艺,并列石阶,1,0.002439,1
营造技艺,并列砌筑,1,0.002439,1
营造技艺,并列砌筑法,1,0.002439,1
营造技艺,庭院叠山技艺,1,0.002439,1
营造技艺,廊亭一体营造,1,0.002439,1
营造技艺,廊桥修缮,1,0.002439,1
营造技艺,建筑艺术,1,0.002439,1
营造技艺,弧形桥面石,1,0.002439,1
营造技艺,弧形马面工艺,1,0.002439,1
营造技艺,形制放大重建,1,0.002439,1
营造技艺,彩塑堆饰,1,0.002439,1
营造技艺,彩画装饰,1,0.002439,1
营造技艺,彩绘修复,1,0.002439,1
营造技艺,彩绘壁画,1,0.002439,1
营造技艺,彩绘天花,1,0.002439,1
营造技艺,彩绘装饰,1,0.002439,1
营造技艺,彩绘装饰工艺,1,0.002439,1
营造技艺,影壁营造,1,0.002439,1
营造技艺,徽州营造法,1,0.002439,1
营造技艺,徽派建筑技艺,1,0.002439,1
营造技艺,徽派建筑风格,1,0.002439,1
营造技艺,悬砌,1,0.002439,1
营造技艺,悬臂梁叠建,1,0.002439,1
营造技艺,悬臂梁承托,1,0.002439,1
营造技艺,戏曲题材雕刻,1,0.002439,1
营造技艺,戧水护堤,1,0.002439,1
营造技艺,手工砌筑,1,0.002439,1
营造技艺,手工草顶铺设,1,0.002439,1
营造技艺,扩修,1,0.002439,1
营造技艺,承重拱板构造,1,0.002439,1
营造技艺,抗撑压木构,1,0.002439,1
营造技艺,抗震构造,1,0.002439,1
营造技艺,护城河整修,1,0.002439,1
营造技艺,抬梁式木构,1,0.002439,1
营造技艺,抬梁式结构,1,0.002439,1
营造技艺,拆旧建新,1,0.002439,1
营造技艺,拆迁重建,1,0.002439,1
营造技艺,拱伸臂梁式,1,0.002439,1
营造技艺,拱券工艺,1,0.002439,1
营造技艺,拱券技术,1,0.002439,1
营造技艺,拱券结构,1,0.002439,1
营造技艺,拱形砌筑,1,0.002439,1
营造技艺,挑出檐,1,0.002439,1
营造技艺,挑梁衔接,1,0.002439,1
营造技艺,挑檐,1,0.002439,1
营造技艺,捍城护城技术,1,0.002439,1
营造技艺,捐俸修葺,1,0.002439,1
营造技艺,排柱平接,1,0.002439,1
营造技艺,排水沟系统,1,0.002439,1
营造技艺,排水系统营造,1,0.002439,1
营造技艺,插栱,1,0.002439,1
营造技艺,插金梁,1,0.002439,1
营造技艺,攒尖顶营造,1,0.002439,1
营造技艺,收分侧角,1,0.002439,1
营造技艺,收分工艺,1,0.002439,1
营造技艺,整体拆卸复原,1,0.002439,1
营造技艺,整墙倾斜干固法,1,0.002439,1
营造技艺,斗子蜀柱,1,0.002439,1
营造技艺,斗拱出挑,1,0.002439,1
营造技艺,斗拱承檐,1,0.002439,1
营造技艺,斗拱承重,1,0.002439,1
营造技艺,斗拱营造,1,0.002439,1
营造技艺,斗拱雕刻,1,0.002439,1
营造技艺,斗拱飞檐,1,0.002439,1
营造技艺,斗栱,1,0.002439,1
营造技艺,斗栱铺作,1,0.002439,1
营造技艺,断代标本,1,0.002439,1
营造技艺,无木构造,1,0.002439,1
营造技艺,无梁券洞砌筑,1,0.002439,1
营造技艺,无梁拱券,1,0.002439,1
营造技艺,无楔工艺,1,0.002439,1
营造技艺,无榫卯干砌,1,0.002439,1
营造技艺,无钉构造,1,0.002439,1
营造技艺,无铰横联砌置,1,0.002439,1
营造技艺,早园水做,1,0.002439,1
营造技艺,明代原构,1,0.002439,1
营造技艺,明代梁架,1,0.002439,1
营造技艺,明代江南营造法式,1,0.002439,1
营造技艺,明代石作,1,0.002439,1
营造技艺,明代筑城法,1,0.002439,1
营造技艺,明代遗风,1,0.002439,1
营造技艺,明代题记,1,0.002439,1
营造技艺,明代风貌保留,1,0.002439,1
营造技艺,明式砖雕,1,0.002439,1
营造技艺,明清营造法,1,0.002439,1
营造技艺,晋南三雕技艺,1,0.002439,1
营造技艺,暗榫连接,1,0.002439,1
营造技艺,暗沟排水,1,0.002439,1
营造技艺,曲梁斗拱,1,0.002439,1
营造技艺,月梁,1,0.002439,1
营造技艺,望板铺筑,1,0.002439,1
营造技艺,望柱雕刻,1,0.002439,1
营造技艺,木作技艺,1,0.002439,1
营造技艺,木刻雕花,1,0.002439,1
营造技艺,木拱架设技艺,1,0.002439,1
营造技艺,木拱桥传统营造技艺,1,0.002439,1
营造技艺,木拱营造技艺,1,0.002439,1
营造技艺,木构屋架,1,0.002439,1
营造技艺,木构彩绘,1,0.002439,1
营造技艺,木构架承重,1,0.002439,1
营造技艺,木构架技术,1,0.002439,1
营造技艺,木构架技艺,1,0.002439,1
营造技艺,木构架搭建,1,0.002439,1
营造技艺,木构架施工,1,0.002439,1
营造技艺,木构架营造,1,0.002439,1
营造技艺,木构架重建,1,0.002439,1
营造技艺,木枋交错架叠,1,0.002439,1
营造技艺,木格窗,1,0.002439,1
营造技艺,木桩地基技术,1,0.002439,1
营造技艺,木桩地钉基础,1,0.002439,1
营造技艺,木桩基础,1,0.002439,1
营造技艺,木梁架设,1,0.002439,1
营造技艺,木瓦铺设,1,0.002439,1
营造技艺,木石台阶,1,0.002439,1
营造技艺,木质框架护基,1,0.002439,1
营造技艺,木雕技艺,1,0.002439,1
营造技艺,条石垒砌,1,0.002439,1
营造技艺,条石收分砌筑,1,0.002439,1
营造技艺,条石甬道,1,0.002439,1
营造技艺,条石砌基,1,0.002439,1
营造技艺,条石衔接,1,0.002439,1
营造技艺,构件纹饰,1,0.002439,1
营造技艺,构图严谨,1,0.002439,1
营造技艺,柱有收分,1,0.002439,1
营造技艺,柱础形制,1,0.002439,1
营造技艺,栏板雕花,1,0.002439,1
营造技艺,树枝泥土层,1,0.002439,1
营造技艺,桐油石灰粘结,1,0.002439,1
营造技艺,桥亭结合,1,0.002439,1
营造技艺,桩木基础,1,0.002439,1
营造技艺,梁架修缮,1,0.002439,1
营造技艺,梁柱彩绘,1,0.002439,1
营造技艺,梁桥与浮桥并存,1,0.002439,1
营造技艺,梁桥建造,1,0.002439,1
营造技艺,梁檩结构,1,0.002439,1
营造技艺,梅花形木桩基础,1,0.002439,1
营造技艺,梯形条石桥墩工艺,1,0.002439,1
营造技艺,楹联装饰,1,0.002439,1
营造技艺,榫卯,1,0.002439,1
营造技艺,榫卯石构,1,0.002439,1
营造技艺,榫卯连接,1,0.002439,1
营造技艺,榫合结构,1,0.002439,1
营造技艺,横向交错砌筑,1,0.002439,1
营造技艺,横系石构造,1,0.002439,1
营造技艺,横锁石承接,1,0.002439,1
营造技艺,次孔人行道,1,0.002439,1
营造技艺,欧体门额,1,0.002439,1
营造技艺,歇山屋顶营造,1,0.002439,1
营造技艺,歇山顶营造,1,0.002439,1
营造技艺,水磨砖铺地,1,0.002439,1
营造技艺,水陆门交错布局,1,0.002439,1
营造技艺,水随山转，山因水活,1,0.002439,1
营造技艺,汉式亭台楼阁,1,0.002439,1
营造技艺,汉式形制,1,0.002439,1
营造技艺,汉白玉栏杆加设,1,0.002439,1
营造技艺,江南民居建筑技术,1,0.002439,1
营造技艺,江南民居木构技艺,1,0.002439,1
营造技艺,江南民居特色,1,0.002439,1
营造技艺,江南石拱桥技艺,1,0.002439,1
营造技艺,沅湘营造技艺,1,0.002439,1
营造技艺,沥粉堆塑,1,0.002439,1
营造技艺,法式与乡土融合工艺,1,0.002439,1
营造技艺,泥灰雕,1,0.002439,1
营造技艺,洞穴改建,1,0.002439,1
营造技艺,流云雕刻,1,0.002439,1
营造技艺,浅性基础,1,0.002439,1
营造技艺,浅浮雕花卉卷草纹饰,1,0.002439,1
营造技艺,浅雕,1,0.002439,1
营造技艺,浙闽廊桥工艺,1,0.002439,1
营造技艺,消防系统,1,0.002439,1
营造技艺,清代北方民居风格,1,0.002439,1
营造技艺,清代官式,1,0.002439,1
营造技艺,清代官式制式,1,0.002439,1
营造技艺,清代官式营造,1,0.002439,1
营造技艺,清代民居技艺,1,0.002439,1
营造技艺,清代营造,1,0.002439,1
营造技艺,清代重修工艺,1,0.002439,1
营造技艺,清水砌墙,1,0.002439,1
营造技艺,湖石理水,1,0.002439,1
营造技艺,潮州传统砌筑,1,0.002439,1
营造技艺,灌铁水工艺,1,0.002439,1
营造技艺,灰塑,1,0.002439,1
营造技艺,灰雕技艺,1,0.002439,1
营造技艺,煤炭地基处理,1,0.002439,1
营造技艺,照壁营造,1,0.002439,1
营造技艺,片石叠山,1,0.002439,1
营造技艺,版筑,1,0.002439,1
营造技艺,版筑夯土,1,0.002439,1
营造技艺,牛腿,1,0.002439,1
营造技艺,环水布局,1,0.002439,1
营造技艺,琉璃烧制,1,0.002439,1
营造技艺,琉璃瓦作,1,0.002439,1
营造技艺,琉璃瓦铺作,1,0.002439,1
营造技艺,瑞兽雕刻,1,0.002439,1
营造技艺,瓦顶覆盖,1,0.002439,1
营造技艺,瓮城建造,1,0.002439,1
营造技艺,生态营造,1,0.002439,1
营造技艺,甬道排水,1,0.002439,1
营造技艺,画栋雕梁,1,0.002439,1
营造技艺,画看梁,1,0.002439,1
营造技艺,疏排法,1,0.002439,1
营造技艺,登山石径,1,0.002439,1
营造技艺,百叶窗式通风,1,0.002439,1
营造技艺,石作台基,1,0.002439,1
营造技艺,石券砌筑,1,0.002439,1
营造技艺,石刻工艺,1,0.002439,1
营造技艺,石刻装饰,1,0.002439,1
营造技艺,石垒造景,1,0.002439,1
营造技艺,石城改筑,1,0.002439,1
营造技艺,石拱门,1,0.002439,1
营造技艺,石材深埋工艺,1,0.002439,1
营造技艺,石条叠砌,1,0.002439,1
营造技艺,石条砌筑,1,0.002439,1
营造技艺,石板并铺,1,0.002439,1
营造技艺,石板磨光刻花,1,0.002439,1
营造技艺,石板铺装,1,0.002439,1
营造技艺,石构干砌,1,0.002439,1
营造技艺,石构技艺,1,0.002439,1
营造技艺,石构榫卯,1,0.002439,1
营造技艺,石构营造,1,0.002439,1
营造技艺,石桥营造,1,0.002439,1
营造技艺,石桥营造法,1,0.002439,1
营造技艺,石甃修葺,1,0.002439,1
营造技艺,石砌基础,1,0.002439,1
营造技艺,石砌墙体,1,0.002439,1
营造技艺,石砌河床,1,0.002439,1
营造技艺,石砌筑,1,0.002439,1
营造技艺,石质闸槽,1,0.002439,1
营造技艺,石路铺筑,1,0.002439,1
营造技艺,石阶砌筑,1,0.002439,1
营造技艺,石雕栏板,1,0.002439,1
营造技艺,石雕漏窗,1,0.002439,1
营造技艺,石雕盖板,1,0.002439,1
营造技艺,石面糙凿,1,0.002439,1
营造技艺,砖包土筑,1,0.002439,1
营造技艺,砖包墙技术,1,0.002439,1
营造技艺,砖木榫卯工艺,1,0.002439,1
营造技艺,砖木结合,1,0.002439,1
营造技艺,砖石砌筑,1,0.002439,1
营造技艺,砖砌,1,0.002439,1
营造技艺,砖砌工艺,1,0.002439,1
营造技艺,砖筑台门,1,0.002439,1
营造技艺,砖雕仿木,1,0.002439,1
营造技艺,砖雕仿木斗拱,1,0.002439,1
营造技艺,砖雕善字影壁,1,0.002439,1
营造技艺,砖雕浮雕,1,0.002439,1
营造技艺,硬山搁檩,1,0.002439,1
营造技艺,硬山顶,1,0.002439,1
营造技艺,硬山顶工艺,1,0.002439,1
营造技艺,硬山顶营造,1,0.002439,1
营造技艺,碑刻装饰,1,0.002439,1
营造技艺,碑刻镌制,1,0.002439,1
营造技艺,礼制规制施工,1,0.002439,1
营造技艺,神瑞画砖雕,1,0.002439,1
营造技艺,神秘文字符号装饰,1,0.002439,1
营造技艺,私人捐资营建,1,0.002439,1
营造技艺,穴居营造,1,0.002439,1
营造技艺,穿斗式木构,1,0.002439,1
营造技艺,穿斗构架,1,0.002439,1
营造技艺,窑洞嵌墙技法,1,0.002439,1
营造技艺,窑洞开凿,1,0.002439,1
营造技艺,竖向沟槽插板技术,1,0.002439,1
营造技艺,竹钉连接,1,0.002439,1
营造技艺,简朴风格营造,1,0.002439,1
营造技艺,粗加工营造,1,0.002439,1
营造技艺,精细琢刻,1,0.002439,1
营造技艺,精雕格扇,1,0.002439,1
营造技艺,糯米灰浆勾缝,1,0.002439,1
营造技艺,系梁,1,0.002439,1
营造技艺,素平技法,1,0.002439,1
营造技艺,素面柱身,1,0.002439,1
营造技艺,紧凑布局,1,0.002439,1
营造技艺,红石基础砌筑,1,0.002439,1
营造技艺,红砖砌筑,1,0.002439,1
营造技艺,纪年题刻,1,0.002439,1
营造技艺,纵向分节并列式券,1,0.002439,1
营造技艺,纵向并列砌筑法,1,0.002439,1
营造技艺,纵横交错叠梁,1,0.002439,1
营造技艺,纵横通缝工艺,1,0.002439,1
营造技艺,纵联式券拱,1,0.002439,1
营造技艺,纵联式砌筑法,1,0.002439,1
营造技艺,纵联砌拱法,1,0.002439,1
营造技艺,纵联砌筑,1,0.002439,1
营造技艺,纵联砌置法,1,0.002439,1
营造技艺,绘画艺术,1,0.002439,1
营造技艺,维修,1,0.002439,1
营造技艺,维修加固,1,0.002439,1
营造技艺,维修工程,1,0.002439,1
营造技艺,维修改造,1,0.002439,1
营造技艺,编木拱技艺,1,0.002439,1
营造技艺,缠枝花纹,1,0.002439,1
营造技艺,联锁分节并列砌筑法,1,0.002439,1
营造技艺,联锁式砌法,1,0.002439,1
营造技艺,腰铁连接,1,0.002439,1
营造技艺,腹拱减重法,1,0.002439,1
营造技艺,自流供排水系统,1,0.002439,1
营造技艺,自然山水造园,1,0.002439,1
营造技艺,舟形桥墩,1,0.002439,1
营造技艺,船头状桥墩,1,0.002439,1
营造技艺,船形墩,1,0.002439,1
营造技艺,花卉雕刻,1,0.002439,1
营造技艺,花枋雕刻,1,0.002439,1
营造技艺,花格窗工艺,1,0.002439,1
营造技艺,苏式彩画,1,0.002439,1
营造技艺,苏扬杭融合风格,1,0.002439,1
营造技艺,茅屋营造,1,0.002439,1
营造技艺,荷叶墩,1,0.002439,1
营造技艺,落架大修,1,0.002439,1
营造技艺,落架拆卸维修,1,0.002439,1
营造技艺,落架重修,1,0.002439,1
营造技艺,蒙古族布局,1,0.002439,1
营造技艺,薄拱脚,1,0.002439,1
营造技艺,藏式木构,1,0.002439,1
营造技艺,藤绳编织,1,0.002439,1
营造技艺,虚实结合,1,0.002439,1
营造技艺,融合南北造园艺术,1,0.002439,1
营造技艺,装饰精美,1,0.002439,1
营造技艺,西洋纹饰融合,1,0.002439,1
营造技艺,规制复建,1,0.002439,1
营造技艺,规制限制,1,0.002439,1
营造技艺,规整营造,1,0.002439,1
营造技艺,豆腐腰,1,0.002439,1
营造技艺,贴璧叠山,1,0.002439,1
营造技艺,赣派营造法,1,0.002439,1
营造技艺,车辙留痕,1,0.002439,1
营造技艺,轴线对称,1,0.002439,1
营造技艺,迎水雕饰,1,0.002439,1
营造技艺,连拱砌筑,1,0.002439,1
营造技艺,迥廊周通,1,0.002439,1
营造技艺,透雕花罩,1,0.002439,1
营造技艺,逐层收分砌筑,1,0.002439,1
营造技艺,逐层递减墙体,1,0.002439,1
营造技艺,通天柱,1,0.002439,1
营造技艺,通廊式营造,1,0.002439,1
营造技艺,通风天窗,1,0.002439,1
营造技艺,通风窗,1,0.002439,1
营造技艺,通风设计,1,0.002439,1
营造技艺,逾制营造,1,0.002439,1
营造技艺,重修,1,0.002439,1
营造技艺,重修续筑,1,0.002439,1
营造技艺,重力式墩台砌筑,1,0.002439,1
营造技艺,重叠柱网,1,0.002439,1
营造技艺,重栱计心造,1,0.002439,1
营造技艺,金漆木雕,1,0.002439,1
营造技艺,金鸡脚,1,0.002439,1
营造技艺,铁件加固,1,0.002439,1
营造技艺,铁梁镇河,1,0.002439,1
营造技艺,铁爪钉连接,1,0.002439,1
营造技艺,铁环扣联工艺,1,0.002439,1
营造技艺,铁花栏杆工艺,1,0.002439,1
营造技艺,铁钉加固木梯,1,0.002439,1
营造技艺,铁锭加固,1,0.002439,1
营造技艺,铜皮包裹楼梯,1,0.002439,1
营造技艺,错缝砌筑,1,0.002439,1
营造技艺,镂空仿木砖雕,1,0.002439,1
营造技艺,镂空木雕,1,0.002439,1
营造技艺,镂空雕刻,1,0.002439,1
营造技艺,镌刻工艺,1,0.002439,1
营造技艺,镌刻纪年,1,0.002439,1
营造技艺,长条石横列环砌,1,0.002439,1
营造技艺,门楼装饰,1,0.002439,1
营造技艺,门楼装饰工艺,1,0.002439,1
营造技艺,门楼装饰技艺,1,0.002439,1
营造技艺,间壁石,1,0.002439,1
营造技艺,闽南团城风格,1,0.002439,1
营造技艺,闽南营造技艺,1,0.002439,1
营造技艺,防御性营造,1,0.002439,1
营造技艺,防潮工艺,1,0.002439,1
营造技艺,防潮技术,1,0.002439,1
营造技艺,防潮构造,1,0.002439,1
营造技艺,防盗构造,1,0.002439,1
营造技艺,阶梯式坡道,1,0.002439,1
营造技艺,院落式布局施工,1,0.002439,1
营造技艺,院落联通,1,0.002439,1
营造技艺,隐出柱构,1,0.002439,1
营造技艺,隐刻泥道慢栱,1,0.002439,1
营造技艺,隔扇门窗,1,0.002439,1
营造技艺,雀替,1,0.002439,1
营造技艺,雕刻工巧,1,0.002439,1
营造技艺,雕刻工艺,1,0.002439,1
营造技艺,雕刻精致,1,0.002439,1
营造技艺,雕刻艺术,1,0.002439,1
营造技艺,雕梁画柱,1,0.002439,1
营造技艺,雕瓜柱,1,0.002439,1
营造技艺,雕花栏杆,1,0.002439,1
营造技艺,露龈造砌,1,0.002439,1
营造技艺,青石精砌,1,0.002439,1
营造技艺,青石铺基,1,0.002439,1
营造技艺,青砖上层砌筑,1,0.002439,1
营造技艺,青砖铺地,1,0.002439,1
营造技艺,非对称起拱,1,0.002439,1
营造技艺,非遗营造工艺,1,0.002439,1
营造技艺,靠栏构造,1,0.002439,1
营造技艺,靴钉式砌置法,1,0.002439,1
营造技艺,顺丁叠砌,1,0.002439,1
营造技艺,顺叠砌筑,1,0.002439,1
营造技艺,须弥座束腰雕饰,1,0.002439,1
营造技艺,预制拼装,1,0.002439,1
营造技艺,预应力平衡,1,0.002439,1
营造技艺,风水布局,1,0.002439,1
营造技艺,风貌保持工艺,1,0.002439,1
营造技艺,飞檐反宇,1,0.002439,1
营造技艺,飞檐斗拱,1,0.002439,1
营造技艺,飞檐构造,1,0.002439,1
营造技艺,飞檐翘尾,1,0.002439,1
营造技艺,飞檐翘角构造,1,0.002439,1
营造技艺,马头山墙,1,0.002439,1
营造技艺,马面,1,0.002439,1
营造技艺,驼峰托斗,1,0.002439,1
营造技艺,高差处理技艺,1,0.002439,1
营造技艺,鹤胜三弯椽,1,0.002439,1
营造技艺,麻叶形耍头,1,0.002439,1
营造技艺,黄石叠山,1,0.002439,1
营造技艺,龙纹雕刻,1,0.002439,1
营造技艺,龙纹雕饰,1,0.002439,1
