building_type,dimension,rank,term,building_count,ratio_in_type
官府,建筑功能,1,军事防御,13,0.12381
官府,建筑功能,2,衙署,5,0.047619
官府,建筑功能,3,府第,4,0.038095
官府,建筑功能,4,粮仓,4,0.038095
官府,建筑功能,5,行政办公,4,0.038095
官府,建筑功能,6,博物馆,3,0.028571
官府,建筑功能,7,监狱,3,0.028571
官府,建筑功能,8,祠堂,3,0.028571
官府,建筑功能,9,科举考场,3,0.028571
官府,建筑功能,10,防御,3,0.028571
官府,建筑功能,11,交通穿行,2,0.019048
官府,建筑功能,12,仓储,2,0.019048
官府,建筑功能,13,会馆,2,0.019048
官府,建筑功能,14,办公场所,2,0.019048
官府,建筑功能,15,城门楼,2,0.019048
官府,建筑功能,16,大堂,2,0.019048
官府,建筑功能,17,官署,2,0.019048
官府,建筑功能,18,官邸,2,0.019048
官府,建筑功能,19,府邸,2,0.019048
官府,建筑功能,20,报时,2,0.019048
官府,建筑材料,1,木材,50,0.47619
官府,建筑材料,2,砖石,32,0.304762
官府,建筑材料,3,青砖,30,0.285714
官府,建筑材料,4,灰瓦,11,0.104762
官府,建筑材料,5,夯土,8,0.07619
官府,建筑材料,6,砖,7,0.066667
官府,建筑材料,7,生土,6,0.057143
官府,建筑材料,8,石材,6,0.057143
官府,建筑材料,9,条石,5,0.047619
官府,建筑材料,10,琉璃瓦,5,0.047619
官府,建筑材料,11,木构架,4,0.038095
官府,建筑材料,12,青石,4,0.038095
官府,建筑材料,13,布瓦,3,0.028571
官府,建筑材料,14,灰筒瓦,3,0.028571
官府,建筑材料,15,青瓦,3,0.028571
官府,建筑材料,16,太湖石,2,0.019048
官府,建筑材料,17,料石,2,0.019048
官府,建筑材料,18,汉白玉,2,0.019048
官府,建筑材料,19,石城,2,0.019048
官府,建筑材料,20,绿琉璃剪边,2,0.019048
官府,建筑空间布局,1,中轴对称,22,0.209524
官府,建筑空间布局,2,围院结构,18,0.171429
官府,建筑空间布局,3,坐北朝南,17,0.161905
官府,建筑空间布局,4,多进院落,7,0.066667
官府,建筑空间布局,5,中轴对称布局,5,0.047619
官府,建筑空间布局,6,瓮城布局,5,0.047619
官府,建筑空间布局,7,三进院落,4,0.038095
官府,建筑空间布局,8,中轴线布局,4,0.038095
官府,建筑空间布局,9,坐南朝北,4,0.038095
官府,建筑空间布局,10,三路并列,3,0.028571
官府,建筑空间布局,11,四合院,3,0.028571
官府,建筑空间布局,12,四门制,3,0.028571
官府,建筑空间布局,13,面阔七间,3,0.028571
官府,建筑空间布局,14,依山就势,2,0.019048
官府,建筑空间布局,15,六进院落,2,0.019048
官府,建筑空间布局,16,四合院式,2,0.019048
官府,建筑空间布局,17,四进院落,2,0.019048
官府,建筑空间布局,18,坐北向南,2,0.019048
官府,建筑空间布局,19,方形平面,2,0.019048
官府,建筑空间布局,20,院落式布局,2,0.019048
官府,建筑结构体系,1,抬梁式,28,0.266667
官府,建筑结构体系,2,木构架,11,0.104762
官府,建筑结构体系,3,穿斗式,10,0.095238
官府,建筑结构体系,4,瓮城,8,0.07619
官府,建筑结构体系,5,重檐歇山顶,8,0.07619
官府,建筑结构体系,6,歇山顶,5,0.047619
官府,建筑结构体系,7,砖木结构,5,0.047619
官府,建筑结构体系,8,硬山顶,5,0.047619
官府,建筑结构体系,9,城墙,4,0.038095
官府,建筑结构体系,10,硬山式,4,0.038095
官府,建筑结构体系,11,角楼,4,0.038095
官府,建筑结构体系,12,护城河,3,0.028571
官府,建筑结构体系,13,敌台,3,0.028571
官府,建筑结构体系,14,楼阁式,3,0.028571
官府,建筑结构体系,15,石砌城墙,3,0.028571
官府,建筑结构体系,16,面阔五间,3,0.028571
官府,建筑结构体系,17,三路并列,2,0.019048
官府,建筑结构体系,18,三重檐歇山顶,2,0.019048
官府,建筑结构体系,19,中轴对称,2,0.019048
官府,建筑结构体系,20,减柱造,2,0.019048
官府,营造技艺,1,榫卯结构,18,0.171429
官府,营造技艺,2,雕花装饰,5,0.047619
官府,营造技艺,3,彩绘,4,0.038095
官府,营造技艺,4,抬梁式构架,4,0.038095
官府,营造技艺,5,砖雕,4,0.038095
官府,营造技艺,6,依山就势,3,0.028571
官府,营造技艺,7,抬梁式,3,0.028571
官府,营造技艺,8,糯米灰浆,3,0.028571
官府,营造技艺,9,雕花门窗,3,0.028571
官府,营造技艺,10,传统木作,2,0.019048
官府,营造技艺,11,减柱造,2,0.019048
官府,营造技艺,12,台基砌筑,2,0.019048
官府,营造技艺,13,四合院营造法,2,0.019048
官府,营造技艺,14,城垣砌筑,2,0.019048
官府,营造技艺,15,夯土筑城,2,0.019048
官府,营造技艺,16,斗拱,2,0.019048
官府,营造技艺,17,旋子彩画,2,0.019048
官府,营造技艺,18,木雕,2,0.019048
官府,营造技艺,19,石雕,2,0.019048
官府,营造技艺,20,砖券砌筑,2,0.019048
宫殿,建筑功能,1,王府,3,0.166667
宫殿,建筑功能,2,皇家园林,3,0.166667
宫殿,建筑功能,3,照壁,2,0.111111
宫殿,建筑功能,4,行宫,2,0.111111
宫殿,建筑功能,5,习射场所,1,0.055556
宫殿,建筑功能,6,佛堂,1,0.055556
宫殿,建筑功能,7,内廷,1,0.055556
宫殿,建筑功能,8,办公用房,1,0.055556
宫殿,建筑功能,9,厨厩,1,0.055556
宫殿,建筑功能,10,古典园林,1,0.055556
宫殿,建筑功能,11,古建筑群,1,0.055556
宫殿,建筑功能,12,听政殿,1,0.055556
宫殿,建筑功能,13,夏宫,1,0.055556
宫殿,建筑功能,14,外朝,1,0.055556
宫殿,建筑功能,15,学校,1,0.055556
宫殿,建筑功能,16,宗教法事场所,1,0.055556
宫殿,建筑功能,17,官学场所,1,0.055556
宫殿,建筑功能,18,宫殿,1,0.055556
宫殿,建筑功能,19,寝宫,1,0.055556
宫殿,建筑功能,20,居住,1,0.055556
宫殿,建筑材料,1,木材,6,0.333333
宫殿,建筑材料,2,砖石,5,0.277778
宫殿,建筑材料,3,石材,3,0.166667
宫殿,建筑材料,4,汉白玉,2,0.111111
宫殿,建筑材料,5,生土,2,0.111111
宫殿,建筑材料,6,城砖,1,0.055556
宫殿,建筑材料,7,大青石,1,0.055556
宫殿,建筑材料,8,太湖石,1,0.055556
宫殿,建筑材料,9,夯土,1,0.055556
宫殿,建筑材料,10,宝瓶火焰珠攒尖顶,1,0.055556
宫殿,建筑材料,11,巨石,1,0.055556
宫殿,建筑材料,12,方石,1,0.055556
宫殿,建筑材料,13,木构架,1,0.055556
宫殿,建筑材料,14,条石,1,0.055556
宫殿,建筑材料,15,楠木,1,0.055556
宫殿,建筑材料,16,渣土,1,0.055556
宫殿,建筑材料,17,灰砖,1,0.055556
宫殿,建筑材料,18,琉璃,1,0.055556
宫殿,建筑材料,19,琉璃瓦,1,0.055556
宫殿,建筑材料,20,白石,1,0.055556
宫殿,建筑空间布局,1,中轴对称,4,0.222222
宫殿,建筑空间布局,2,坐北朝南,3,0.166667
宫殿,建筑空间布局,3,四合院,2,0.111111
宫殿,建筑空间布局,4,多进建筑,2,0.111111
宫殿,建筑空间布局,5,对称布局,2,0.111111
宫殿,建筑空间布局,6,长方形平面,2,0.111111
宫殿,建筑空间布局,7,院落组合,2,0.111111
宫殿,建筑空间布局,8,三段式横向布局,1,0.055556
宫殿,建筑空间布局,9,三路并列,1,0.055556
宫殿,建筑空间布局,10,三路院落,1,0.055556
宫殿,建筑空间布局,11,东路-中路-西路三段式,1,0.055556
宫殿,建筑空间布局,12,东院西院分置,1,0.055556
宫殿,建筑空间布局,13,两层楼阁,1,0.055556
宫殿,建筑空间布局,14,中段突出,1,0.055556
宫殿,建筑空间布局,15,中轴线布局,1,0.055556
宫殿,建筑空间布局,16,临街设置,1,0.055556
宫殿,建筑空间布局,17,主体建筑群分区,1,0.055556
宫殿,建筑空间布局,18,八旗帐殿布局,1,0.055556
宫殿,建筑空间布局,19,制高点布局,1,0.055556
宫殿,建筑空间布局,20,前朝后寝,1,0.055556
宫殿,建筑结构体系,1,抬梁式,2,0.111111
宫殿,建筑结构体系,2,抬梁式木构架,2,0.111111
宫殿,建筑结构体系,3,硬山顶,2,0.111111
宫殿,建筑结构体系,4,三路布局,1,0.055556
宫殿,建筑结构体系,5,中轴对称,1,0.055556
宫殿,建筑结构体系,6,中轴线布局,1,0.055556
宫殿,建筑结构体系,7,九梁十八柱七十二条脊,1,0.055556
宫殿,建筑结构体系,8,五架梁,1,0.055556
宫殿,建筑结构体系,9,亭台殿阁组合,1,0.055556
宫殿,建筑结构体系,10,仿木结构,1,0.055556
宫殿,建筑结构体系,11,前庭后寝,1,0.055556
宫殿,建筑结构体系,12,十字形拱券,1,0.055556
宫殿,建筑结构体系,13,单檐歇山顶,1,0.055556
宫殿,建筑结构体系,14,单檐硬山顶,1,0.055556
宫殿,建筑结构体系,15,台基结构,1,0.055556
宫殿,建筑结构体系,16,四柱三楼牌坊式,1,0.055556
宫殿,建筑结构体系,17,四柱三间式,1,0.055556
宫殿,建筑结构体系,18,四门对称,1,0.055556
宫殿,建筑结构体系,19,围廊,1,0.055556
宫殿,建筑结构体系,20,土山结构,1,0.055556
宫殿,营造技艺,1,浮雕,3,0.166667
宫殿,营造技艺,2,榫卯结构,2,0.111111
宫殿,营造技艺,3,三彩如意斗拱,1,0.055556
宫殿,营造技艺,4,三踩出单昂,1,0.055556
宫殿,营造技艺,5,云纹海水纹装饰,1,0.055556
宫殿,营造技艺,6,仿天一阁,1,0.055556
宫殿,营造技艺,7,传统园林造景,1,0.055556
宫殿,营造技艺,8,传统夯筑,1,0.055556
宫殿,营造技艺,9,传统木构架,1,0.055556
宫殿,营造技艺,10,修缮开放展示,1,0.055556
宫殿,营造技艺,11,借景,1,0.055556
宫殿,营造技艺,12,元代佛像画风,1,0.055556
宫殿,营造技艺,13,出昂瘦削尖曲,1,0.055556
宫殿,营造技艺,14,剔地阳文,1,0.055556
宫殿,营造技艺,15,十字拱,1,0.055556
宫殿,营造技艺,16,取法自然,1,0.055556
宫殿,营造技艺,17,叠山理水,1,0.055556
宫殿,营造技艺,18,唐卡装饰,1,0.055556
宫殿,营造技艺,19,圆雕,1,0.055556
宫殿,营造技艺,20,土山营造,1,0.055556
桥梁,建筑功能,1,交通桥梁,18,0.195652
桥梁,建筑功能,2,交通要道,14,0.152174
桥梁,建筑功能,3,交通通行,11,0.119565
桥梁,建筑功能,4,交通桥,7,0.076087
桥梁,建筑功能,5,交通连接,4,0.043478
桥梁,建筑功能,6,跨河通道,4,0.043478
桥梁,建筑功能,7,交通功能,2,0.021739
桥梁,建筑功能,8,交通枢纽,2,0.021739
桥梁,建筑功能,9,交通设施,2,0.021739
桥梁,建筑功能,10,交通通道,2,0.021739
桥梁,建筑功能,11,人行桥,2,0.021739
桥梁,建筑功能,12,休憩设施,2,0.021739
桥梁,建筑功能,13,公路桥,2,0.021739
桥梁,建筑功能,14,军事要冲,2,0.021739
桥梁,建筑功能,15,古驿道桥梁,2,0.021739
桥梁,建筑功能,16,廊桥,2,0.021739
桥梁,建筑功能,17,水利设施,2,0.021739
桥梁,建筑功能,18,河道跨越,2,0.021739
桥梁,建筑功能,19,泄洪,2,0.021739
桥梁,建筑功能,20,泄洪通道,2,0.021739
桥梁,建筑材料,1,石材,37,0.402174
桥梁,建筑材料,2,木材,19,0.206522
桥梁,建筑材料,3,条石,13,0.141304
桥梁,建筑材料,4,青石,12,0.130435
桥梁,建筑材料,5,石砌,8,0.086957
桥梁,建筑材料,6,花岗岩,8,0.086957
桥梁,建筑材料,7,石板,6,0.065217
桥梁,建筑材料,8,砖石,6,0.065217
桥梁,建筑材料,9,木板,5,0.054348
桥梁,建筑材料,10,木构,3,0.032609
桥梁,建筑材料,11,汉白玉,3,0.032609
桥梁,建筑材料,12,石栏板,3,0.032609
桥梁,建筑材料,13,糯米灰浆,3,0.032609
桥梁,建筑材料,14,花岗石,3,0.032609
桥梁,建筑材料,15,原木,2,0.021739
桥梁,建筑材料,16,填土,2,0.021739
桥梁,建筑材料,17,巨石,2,0.021739
桥梁,建筑材料,18,拱券石,2,0.021739
桥梁,建筑材料,19,条形方石,2,0.021739
桥梁,建筑材料,20,武康石,2,0.021739
桥梁,建筑空间布局,1,南北走向,11,0.119565
桥梁,建筑空间布局,2,东西走向,7,0.076087
桥梁,建筑空间布局,3,线性布局,5,0.054348
桥梁,建筑空间布局,4,对称布局,4,0.043478
桥梁,建筑空间布局,5,弧形桥面,4,0.043478
桥梁,建筑空间布局,6,单跨布局,3,0.032609
桥梁,建筑空间布局,7,单跨拱桥,3,0.032609
桥梁,建筑空间布局,8,跨河布局,3,0.032609
桥梁,建筑空间布局,9,轴线对称,3,0.032609
桥梁,建筑空间布局,10,东西横跨,2,0.021739
桥梁,建筑空间布局,11,九间廊屋,2,0.021739
桥梁,建筑空间布局,12,多孔连拱,2,0.021739
桥梁,建筑空间布局,13,引桥结构,2,0.021739
桥梁,建筑空间布局,14,桥亭,2,0.021739
桥梁,建筑空间布局,15,22楹廊屋,1,0.01087
桥梁,建筑空间布局,16,33孔桥,1,0.01087
桥梁,建筑空间布局,17,一字形延伸,1,0.01087
桥梁,建筑空间布局,18,七孔联拱,1,0.01087
桥梁,建筑空间布局,19,三孔对称布局,1,0.01087
桥梁,建筑空间布局,20,三孔布局,1,0.01087
桥梁,建筑结构体系,1,石拱桥,23,0.25
桥梁,建筑结构体系,2,单孔石拱桥,5,0.054348
桥梁,建筑结构体系,3,拱券结构,5,0.054348
桥梁,建筑结构体系,4,拱桥,5,0.054348
桥梁,建筑结构体系,5,分水尖,4,0.043478
桥梁,建筑结构体系,6,抬梁式,4,0.043478
桥梁,建筑结构体系,7,石梁桥,4,0.043478
桥梁,建筑结构体系,8,三孔石拱桥,3,0.032609
桥梁,建筑结构体系,9,多孔石桥,3,0.032609
桥梁,建筑结构体系,10,木拱廊桥,3,0.032609
桥梁,建筑结构体系,11,梁桥,3,0.032609
桥梁,建筑结构体系,12,三孔联拱,2,0.021739
桥梁,建筑结构体系,13,九孔石桥,2,0.021739
桥梁,建筑结构体系,14,五孔梁式石桥,2,0.021739
桥梁,建筑结构体系,15,六墩七孔,2,0.021739
桥梁,建筑结构体系,16,四墩五孔,2,0.021739
桥梁,建筑结构体系,17,引桥,2,0.021739
桥梁,建筑结构体系,18,悬臂梁结构,2,0.021739
桥梁,建筑结构体系,19,木梁桥,2,0.021739
桥梁,建筑结构体系,20,梭形桥墩,2,0.021739
桥梁,营造技艺,1,拱券砌筑,11,0.119565
桥梁,营造技艺,2,干砌石工,5,0.054348
桥梁,营造技艺,3,传统石作,4,0.043478
桥梁,营造技艺,4,榫卯结构,4,0.043478
桥梁,营造技艺,5,浮雕装饰,4,0.043478
桥梁,营造技艺,6,石拱砌筑,4,0.043478
桥梁,营造技艺,7,石砌拱券,4,0.043478
桥梁,营造技艺,8,干砌法,3,0.032609
桥梁,营造技艺,9,石砌工艺,2,0.021739
桥梁,营造技艺,10,石雕工艺,2,0.021739
桥梁,营造技艺,11,纵联分节并列砌置法,2,0.021739
桥梁,营造技艺,12,起拱技法,2,0.021739
桥梁,营造技艺,13,三合土夯筑,1,0.01087
桥梁,营造技艺,14,乳钉纹饰,1,0.01087
桥梁,营造技艺,15,仿斗拱出挑,1,0.01087
桥梁,营造技艺,16,传统木构架技艺,1,0.01087
桥梁,营造技艺,17,传统木构营造,1,0.01087
桥梁,营造技艺,18,侗族建桥技艺,1,0.01087
桥梁,营造技艺,19,侗族桥梁营造技艺,1,0.01087
桥梁,营造技艺,20,依势建桥,1,0.01087
民居,建筑功能,1,民居,29,0.148718
民居,建筑功能,2,住宅,21,0.107692
民居,建筑功能,3,宗祠,18,0.092308
民居,建筑功能,4,祠堂,16,0.082051
民居,建筑功能,5,居住,10,0.051282
民居,建筑功能,6,书房,8,0.041026
民居,建筑功能,7,书斋,8,0.041026
民居,建筑功能,8,民俗博物馆,7,0.035897
民居,建筑功能,9,家族聚居,6,0.030769
民居,建筑功能,10,花厅,6,0.030769
民居,建筑功能,11,厅堂,5,0.025641
民居,建筑功能,12,古民居,5,0.025641
民居,建筑功能,13,故居,5,0.025641
民居,建筑功能,14,书院,4,0.020513
民居,建筑功能,15,博物馆,4,0.020513
民居,建筑功能,16,商铺,4,0.020513
民居,建筑功能,17,客厅,4,0.020513
民居,建筑功能,18,正厅,4,0.020513
民居,建筑功能,19,私塾,4,0.020513
民居,建筑功能,20,私家园林,4,0.020513
民居,建筑材料,1,木材,114,0.584615
民居,建筑材料,2,砖石,58,0.297436
民居,建筑材料,3,青砖,37,0.189744
民居,建筑材料,4,石材,33,0.169231
民居,建筑材料,5,生土,25,0.128205
民居,建筑材料,6,砖,23,0.117949
民居,建筑材料,7,砖雕,13,0.066667
民居,建筑材料,8,灰瓦,11,0.05641
民居,建筑材料,9,青石,10,0.051282
民居,建筑材料,10,木雕,8,0.041026
民居,建筑材料,11,石雕,7,0.035897
民居,建筑材料,12,石,6,0.030769
民居,建筑材料,13,花岗岩,5,0.025641
民居,建筑材料,14,假山石,4,0.020513
民居,建筑材料,15,夯土,4,0.020513
民居,建筑材料,16,木构架,4,0.020513
民居,建筑材料,17,灰塑,4,0.020513
民居,建筑材料,18,石刻,4,0.020513
民居,建筑材料,19,青瓦,4,0.020513
民居,建筑材料,20,木,3,0.015385
民居,建筑空间布局,1,围院结构,26,0.133333
民居,建筑空间布局,2,坐北朝南,24,0.123077
民居,建筑空间布局,3,中轴对称,16,0.082051
民居,建筑空间布局,4,多进院落,15,0.076923
民居,建筑空间布局,5,三进院落,12,0.061538
民居,建筑空间布局,6,天井院落,8,0.041026
民居,建筑空间布局,7,中轴线布局,6,0.030769
民居,建筑空间布局,8,天井,6,0.030769
民居,建筑空间布局,9,依山就势,5,0.025641
民居,建筑空间布局,10,四进院落,5,0.025641
民居,建筑空间布局,11,院落组合,5,0.025641
民居,建筑空间布局,12,坐东朝西,4,0.020513
民居,建筑空间布局,13,天井布局,4,0.020513
民居,建筑空间布局,14,背山面水,4,0.020513
民居,建筑空间布局,15,三区布局,3,0.015385
民居,建筑空间布局,16,中轴对称布局,3,0.015385
民居,建筑空间布局,17,五开间,3,0.015385
民居,建筑空间布局,18,依山而建,3,0.015385
民居,建筑空间布局,19,厢房对称,3,0.015385
民居,建筑空间布局,20,四合院,3,0.015385
民居,建筑结构体系,1,抬梁式,45,0.230769
民居,建筑结构体系,2,穿斗式,42,0.215385
民居,建筑结构体系,3,木构架,22,0.112821
民居,建筑结构体系,4,砖木结构,19,0.097436
民居,建筑结构体系,5,四合院,14,0.071795
民居,建筑结构体系,6,硬山顶,14,0.071795
民居,建筑结构体系,7,三进院落,8,0.041026
民居,建筑结构体系,8,围院结构,7,0.035897
民居,建筑结构体系,9,抬梁式木构架,7,0.035897
民居,建筑结构体系,10,穿斗式木构架,7,0.035897
民居,建筑结构体系,11,中轴对称,5,0.025641
民居,建筑结构体系,12,吊脚楼,5,0.025641
民居,建筑结构体系,13,土木结构,5,0.025641
民居,建筑结构体系,14,木结构,5,0.025641
民居,建筑结构体系,15,砖木混合结构,5,0.025641
民居,建筑结构体系,16,多进院落,4,0.020513
民居,建筑结构体系,17,悬山顶,4,0.020513
民居,建筑结构体系,18,三合院,3,0.015385
民居,建筑结构体系,19,干栏式,3,0.015385
民居,建筑结构体系,20,碉楼,3,0.015385
民居,营造技艺,1,木雕,31,0.158974
民居,营造技艺,2,砖雕,21,0.107692
民居,营造技艺,3,榫卯结构,20,0.102564
民居,营造技艺,4,石雕,20,0.102564
民居,营造技艺,5,传统木构,11,0.05641
民居,营造技艺,6,糯米灰浆,7,0.035897
民居,营造技艺,7,雕花装饰,7,0.035897
民居,营造技艺,8,夯土技术,6,0.030769
民居,营造技艺,9,彩绘,6,0.030769
民居,营造技艺,10,木构架,6,0.030769
民居,营造技艺,11,雕花门窗,6,0.030769
民居,营造技艺,12,传统木作,5,0.025641
民居,营造技艺,13,砖雕工艺,5,0.025641
民居,营造技艺,14,天井排水系统,4,0.020513
民居,营造技艺,15,抬梁式,4,0.020513
民居,营造技艺,16,浮雕,4,0.020513
民居,营造技艺,17,石刻,4,0.020513
民居,营造技艺,18,穿斗式,4,0.020513
民居,营造技艺,19,穿斗式构架,4,0.020513
民居,营造技艺,20,东阳木雕,3,0.015385
