column,total_rows,non_empty_count,empty_count,unique_raw_count,multi_value_cell_count,multi_value_cell_ratio,split_token_total_count,split_token_unique_count,top_raw_values,top_split_tokens,numeric_ratio,numeric_count,numeric_min,numeric_max,numeric_mean,numeric_median
line_no,410,410,0,410,0,0.0,410,410,"[{""value"": ""11"", ""count"": 1}, {""value"": ""13"", ""count"": 1}, {""value"": ""53"", ""count"": 1}, {""value"": ""65"", ""count"": 1}, {""value"": ""66"", ""count"": 1}, {""value"": ""73"", ""count"": 1}, {""value"": ""76"", ""count"": 1}, {""value"": ""91"", ""count"": 1}, {""value"": ""94"", ""count"": 1}, {""value"": ""99"", ""count"": 1}]","[{""token"": ""11"", ""count"": 1}, {""token"": ""13"", ""count"": 1}, {""token"": ""53"", ""count"": 1}, {""token"": ""65"", ""count"": 1}, {""token"": ""66"", ""count"": 1}, {""token"": ""73"", ""count"": 1}, {""token"": ""76"", ""count"": 1}, {""token"": ""91"", ""count"": 1}, {""token"": ""94"", ""count"": 1}, {""token"": ""99"", ""count"": 1}]",1.0,410,11.0,2169.0,1154.839024,1212.5
name,410,410,0,409,0,0.0,410,409,"[{""value"": ""永济桥"", ""count"": 2}, {""value"": ""安济桥"", ""count"": 1}, {""value"": ""永通桥"", ""count"": 1}, {""value"": ""故宫"", ""count"": 1}, {""value"": ""沈阳故宫"", ""count"": 1}, {""value"": ""国子监"", ""count"": 1}, {""value"": ""杜甫草堂"", ""count"": 1}, {""value"": ""避暑山庄"", ""count"": 1}, {""value"": ""皇史宬"", ""count"": 1}, {""value"": ""古观象台"", ""count"": 1}]","[{""token"": ""永济桥"", ""count"": 2}, {""token"": ""安济桥"", ""count"": 1}, {""token"": ""永通桥"", ""count"": 1}, {""token"": ""故宫"", ""count"": 1}, {""token"": ""沈阳故宫"", ""count"": 1}, {""token"": ""国子监"", ""count"": 1}, {""token"": ""杜甫草堂"", ""count"": 1}, {""token"": ""避暑山庄"", ""count"": 1}, {""token"": ""皇史宬"", ""count"": 1}, {""token"": ""古观象台"", ""count"": 1}]",0.0,0,,,,
building_type,410,410,0,4,0,0.0,410,4,"[{""value"": ""民居"", ""count"": 195}, {""value"": ""官府"", ""count"": 105}, {""value"": ""桥梁"", ""count"": 92}, {""value"": ""宫殿"", ""count"": 18}]","[{""token"": ""民居"", ""count"": 195}, {""token"": ""官府"", ""count"": 105}, {""token"": ""桥梁"", ""count"": 92}, {""token"": ""宫殿"", ""count"": 18}]",0.0,0,,,,
start_dynasty,410,410,0,14,0,0.0,410,14,"[{""value"": ""清"", ""count"": 160}, {""value"": ""明"", ""count"": 147}, {""value"": ""宋"", ""count"": 41}, {""value"": ""元"", ""count"": 19}, {""value"": ""唐"", ""count"": 16}, {""value"": ""隋"", ""count"": 6}, {""value"": ""金"", ""count"": 5}, {""value"": ""五代十国"", ""count"": 4}, {""value"": ""东汉"", ""count"": 3}, {""value"": ""东晋"", ""count"": 3}]","[{""token"": ""清"", ""count"": 160}, {""token"": ""明"", ""count"": 147}, {""token"": ""宋"", ""count"": 41}, {""token"": ""元"", ""count"": 19}, {""token"": ""唐"", ""count"": 16}, {""token"": ""隋"", ""count"": 6}, {""token"": ""金"", ""count"": 5}, {""token"": ""五代十国"", ""count"": 4}, {""token"": ""东汉"", ""count"": 3}, {""token"": ""东晋"", ""count"": 3}]",0.0,0,,,,
start_year,410,410,0,234,0,0.0,410,234,"[{""value"": ""1368"", ""count"": 36}, {""value"": ""1644"", ""count"": 32}, {""value"": ""1736"", ""count"": 12}, {""value"": ""1573"", ""count"": 8}, {""value"": ""1875"", ""count"": 6}, {""value"": ""1522"", ""count"": 6}, {""value"": ""1662"", ""count"": 6}, {""value"": ""1796"", ""count"": 5}, {""value"": ""1821"", ""count"": 4}, {""value"": ""1621"", ""count"": 4}]","[{""token"": ""1368"", ""count"": 36}, {""token"": ""1644"", ""count"": 32}, {""token"": ""1736"", ""count"": 12}, {""token"": ""1573"", ""count"": 8}, {""token"": ""1875"", ""count"": 6}, {""token"": ""1522"", ""count"": 6}, {""token"": ""1662"", ""count"": 6}, {""token"": ""1796"", ""count"": 5}, {""token"": ""1821"", ""count"": 4}, {""token"": ""1621"", ""count"": 4}]",1.0,410,-540.0,1910.0,1488.912195,1573.0
century,410,410,0,18,0,0.0,410,18,"[{""value"": ""14世纪"", ""count"": 71}, {""value"": ""17世纪"", ""count"": 70}, {""value"": ""19世纪"", ""count"": 58}, {""value"": ""18世纪"", ""count"": 52}, {""value"": ""16世纪"", ""count"": 42}, {""value"": ""15世纪"", ""count"": 33}, {""value"": ""13世纪"", ""count"": 19}, {""value"": ""12世纪"", ""count"": 14}, {""value"": ""11世纪"", ""count"": 13}, {""value"": ""20世纪"", ""count"": 8}]","[{""token"": ""14世纪"", ""count"": 71}, {""token"": ""17世纪"", ""count"": 70}, {""token"": ""19世纪"", ""count"": 58}, {""token"": ""18世纪"", ""count"": 52}, {""token"": ""16世纪"", ""count"": 42}, {""token"": ""15世纪"", ""count"": 33}, {""token"": ""13世纪"", ""count"": 19}, {""token"": ""12世纪"", ""count"": 14}, {""token"": ""11世纪"", ""count"": 13}, {""token"": ""20世纪"", ""count"": 8}]",0.0,0,,,,
century_num,410,410,0,18,0,0.0,410,18,"[{""value"": ""14"", ""count"": 71}, {""value"": ""17"", ""count"": 70}, {""value"": ""19"", ""count"": 58}, {""value"": ""18"", ""count"": 52}, {""value"": ""16"", ""count"": 42}, {""value"": ""15"", ""count"": 33}, {""value"": ""13"", ""count"": 19}, {""value"": ""12"", ""count"": 14}, {""value"": ""11"", ""count"": 13}, {""value"": ""20"", ""count"": 8}]","[{""token"": ""14"", ""count"": 71}, {""token"": ""17"", ""count"": 70}, {""token"": ""19"", ""count"": 58}, {""token"": ""18"", ""count"": 52}, {""token"": ""16"", ""count"": 42}, {""token"": ""15"", ""count"": 33}, {""token"": ""13"", ""count"": 19}, {""token"": ""12"", ""count"": 14}, {""token"": ""11"", ""count"": 13}, {""token"": ""20"", ""count"": 8}]",1.0,410,-6.0,20.0,15.35122,16.0
province,410,410,0,29,0,0.0,410,29,"[{""value"": ""浙江省"", ""count"": 53}, {""value"": ""江苏省"", ""count"": 45}, {""value"": ""河北省"", ""count"": 27}, {""value"": ""山西省"", ""count"": 26}, {""value"": ""湖南省"", ""count"": 24}, {""value"": ""江西省"", ""count"": 23}, {""value"": ""福建省"", ""count"": 23}, {""value"": ""安徽省"", ""count"": 19}, {""value"": ""河南省"", ""count"": 17}, {""value"": ""云南省"", ""count"": 17}]","[{""token"": ""浙江省"", ""count"": 53}, {""token"": ""江苏省"", ""count"": 45}, {""token"": ""河北省"", ""count"": 27}, {""token"": ""山西省"", ""count"": 26}, {""token"": ""湖南省"", ""count"": 24}, {""token"": ""江西省"", ""count"": 23}, {""token"": ""福建省"", ""count"": 23}, {""token"": ""安徽省"", ""count"": 19}, {""token"": ""河南省"", ""count"": 17}, {""token"": ""云南省"", ""count"": 17}]",0.0,0,,,,
address,410,410,0,323,0,0.0,410,323,"[{""value"": ""江苏省苏州市"", ""count"": 8}, {""value"": ""北京市"", ""count"": 5}, {""value"": ""西藏自治区拉萨市城关区"", ""count"": 5}, {""value"": ""江苏省扬州市"", ""count"": 4}, {""value"": ""北京市西城区"", ""count"": 4}, {""value"": ""浙江省义乌市"", ""count"": 4}, {""value"": ""江苏省苏州市吴江区"", ""count"": 4}, {""value"": ""江苏省扬州市广陵区"", ""count"": 4}, {""value"": ""北京市东城区"", ""count"": 3}, {""value"": ""浙江省绍兴市"", ""count"": 3}]","[{""token"": ""江苏省苏州市"", ""count"": 8}, {""token"": ""北京市"", ""count"": 5}, {""token"": ""西藏自治区拉萨市城关区"", ""count"": 5}, {""token"": ""江苏省扬州市"", ""count"": 4}, {""token"": ""北京市西城区"", ""count"": 4}, {""token"": ""浙江省义乌市"", ""count"": 4}, {""token"": ""江苏省苏州市吴江区"", ""count"": 4}, {""token"": ""江苏省扬州市广陵区"", ""count"": 4}, {""token"": ""北京市东城区"", ""count"": 3}, {""token"": ""浙江省绍兴市"", ""count"": 3}]",0.0,0,,,,
start_time_confidence,410,410,0,14,0,0.0,410,14,"[{""value"": ""0.98"", ""count"": 110}, {""value"": ""0.95"", ""count"": 106}, {""value"": ""0.85"", ""count"": 68}, {""value"": ""0.99"", ""count"": 34}, {""value"": ""0.92"", ""count"": 25}, {""value"": ""0.96"", ""count"": 21}, {""value"": ""0.75"", ""count"": 17}, {""value"": ""0.9"", ""count"": 9}, {""value"": ""0.65"", ""count"": 8}, {""value"": ""0.6"", ""count"": 4}]","[{""token"": ""0.98"", ""count"": 110}, {""token"": ""0.95"", ""count"": 106}, {""token"": ""0.85"", ""count"": 68}, {""token"": ""0.99"", ""count"": 34}, {""token"": ""0.92"", ""count"": 25}, {""token"": ""0.96"", ""count"": 21}, {""token"": ""0.75"", ""count"": 17}, {""token"": ""0.9"", ""count"": 9}, {""token"": ""0.65"", ""count"": 8}, {""token"": ""0.6"", ""count"": 4}]",1.0,410,0.4,0.99,0.920854,0.95
建筑结构体系_terms,410,410,0,356,397,0.968293,1196,731,"[{""value"": ""抬梁式;穿斗式"", ""count"": 19}, {""value"": ""木构架;抬梁式"", ""count"": 14}, {""value"": ""木构架;穿斗式"", ""count"": 6}, {""value"": ""砖木结构"", ""count"": 4}, {""value"": ""穿斗式;抬梁式"", ""count"": 4}, {""value"": ""石拱桥"", ""count"": 3}, {""value"": ""抬梁式木构架;穿斗式木构架"", ""count"": 3}, {""value"": ""抬梁式木构架;硬山顶"", ""count"": 3}, {""value"": ""木构架;穿斗式;抬梁式"", ""count"": 3}, {""value"": ""抬梁式;木构架"", ""count"": 2}]","[{""token"": ""抬梁式"", ""count"": 79}, {""token"": ""穿斗式"", ""count"": 55}, {""token"": ""木构架"", ""count"": 35}, {""token"": ""砖木结构"", ""count"": 24}, {""token"": ""石拱桥"", ""count"": 23}, {""token"": ""硬山顶"", ""count"": 21}, {""token"": ""四合院"", ""count"": 16}, {""token"": ""抬梁式木构架"", ""count"": 10}, {""token"": ""重檐歇山顶"", ""count"": 9}, {""token"": ""瓮城"", ""count"": 9}]",0.0,0,,,,
建筑材料_terms,410,410,0,305,388,0.946341,1104,328,"[{""value"": ""木材;砖石"", ""count"": 21}, {""value"": ""砖石;木材"", ""count"": 18}, {""value"": ""青砖;木材;石材"", ""count"": 11}, {""value"": ""青砖;木材;灰瓦"", ""count"": 10}, {""value"": ""砖;木材"", ""count"": 8}, {""value"": ""木材"", ""count"": 7}, {""value"": ""石材"", ""count"": 5}, {""value"": ""生土;砖石"", ""count"": 5}, {""value"": ""石材;石砌"", ""count"": 4}, {""value"": ""青砖;灰瓦;木材"", ""count"": 4}]","[{""token"": ""木材"", ""count"": 189}, {""token"": ""砖石"", ""count"": 101}, {""token"": ""石材"", ""count"": 79}, {""token"": ""青砖"", ""count"": 70}, {""token"": ""生土"", ""count"": 33}, {""token"": ""砖"", ""count"": 31}, {""token"": ""青石"", ""count"": 27}, {""token"": ""灰瓦"", ""count"": 22}, {""token"": ""条石"", ""count"": 21}, {""token"": ""花岗岩"", ""count"": 15}]",0.0,0,,,,
建筑功能_terms,410,410,0,401,396,0.965854,1185,796,"[{""value"": ""民居"", ""count"": 4}, {""value"": ""交通桥梁;跨河通道"", ""count"": 3}, {""value"": ""跨河交通;破冰防凌"", ""count"": 2}, {""value"": ""交通桥梁;河道跨越"", ""count"": 2}, {""value"": ""住宅;民居"", ""count"": 2}, {""value"": ""宗祠"", ""count"": 2}, {""value"": ""交通桥梁;泄洪通道"", ""count"": 1}, {""value"": ""通济交通;车行便桥"", ""count"": 1}, {""value"": ""外朝;内廷;佛堂"", ""count"": 1}, {""value"": ""理政殿;登基大典场所;藏书阁"", ""count"": 1}]","[{""token"": ""民居"", ""count"": 29}, {""token"": ""住宅"", ""count"": 22}, {""token"": ""祠堂"", ""count"": 19}, {""token"": ""交通桥梁"", ""count"": 18}, {""token"": ""宗祠"", ""count"": 18}, {""token"": ""军事防御"", ""count"": 16}, {""token"": ""交通要道"", ""count"": 15}, {""token"": ""居住"", ""count"": 12}, {""token"": ""交通通行"", ""count"": 11}, {""token"": ""书斋"", ""count"": 9}]",0.0,0,,,,
营造技艺_terms,410,410,0,391,396,0.965854,1104,757,"[{""value"": ""榫卯结构;雕花装饰"", ""count"": 6}, {""value"": ""榫卯结构;糯米灰浆"", ""count"": 3}, {""value"": ""木雕;砖雕;石雕"", ""count"": 3}, {""value"": ""砖雕;石雕;木雕"", ""count"": 3}, {""value"": ""抬梁式;穿斗式;榫卯结构"", ""count"": 2}, {""value"": ""传统木构;榫卯结构"", ""count"": 2}, {""value"": ""夯土技术;糯米灰浆"", ""count"": 2}, {""value"": ""糯米灰浆;榫卯结构"", ""count"": 2}, {""value"": ""砖雕;木雕;石雕"", ""count"": 2}, {""value"": ""起拱技法;石砌拱券"", ""count"": 2}]","[{""token"": ""榫卯结构"", ""count"": 44}, {""token"": ""木雕"", ""count"": 33}, {""token"": ""砖雕"", ""count"": 25}, {""token"": ""石雕"", ""count"": 22}, {""token"": ""雕花装饰"", ""count"": 13}, {""token"": ""拱券砌筑"", ""count"": 12}, {""token"": ""传统木构"", ""count"": 11}, {""token"": ""彩绘"", ""count"": 11}, {""token"": ""糯米灰浆"", ""count"": 10}, {""token"": ""雕花门窗"", ""count"": 10}]",0.0,0,,,,
建筑空间布局_terms,410,410,0,407,407,0.992683,1383,996,"[{""value"": ""围院结构;中轴对称"", ""count"": 4}, {""value"": ""单跨拱桥;对称布局"", ""count"": 1}, {""value"": ""主副拱组合;四小拱伏设;桥面梯形平面"", ""count"": 1}, {""value"": ""中轴对称;外朝内廷;院落组合"", ""count"": 1}, {""value"": ""东路-中路-西路三段式;宫高殿低;八旗帐殿布局"", ""count"": 1}, {""value"": ""成贤街;四牌楼;国子监街;牌坊布局"", ""count"": 1}, {""value"": ""中轴线布局;对称回廊;围院结构"", ""count"": 1}, {""value"": ""宫殿区与苑景区;湖泊区;平原区;山峦区"", ""count"": 1}, {""value"": ""围院结构;中轴对称布局;配殿对置"", ""count"": 1}, {""value"": ""四合院;观象台与四合院组合;围院结构"", ""count"": 1}]","[{""token"": ""围院结构"", ""count"": 45}, {""token"": ""坐北朝南"", ""count"": 44}, {""token"": ""中轴对称"", ""count"": 43}, {""token"": ""多进院落"", ""count"": 22}, {""token"": ""三进院落"", ""count"": 16}, {""token"": ""南北走向"", ""count"": 12}, {""token"": ""中轴线布局"", ""count"": 11}, {""token"": ""院落组合"", ""count"": 9}, {""token"": ""天井院落"", ""count"": 9}, {""token"": ""中轴对称布局"", ""count"": 8}]",0.0,0,,,,
material_categories,410,410,0,31,287,0.7,876,7,"[{""value"": ""木材类;石材类;砖瓦类"", ""count"": 97}, {""value"": ""石材类"", ""count"": 76}, {""value"": ""木材类;砖瓦类"", ""count"": 52}, {""value"": ""石材类;砖瓦类"", ""count"": 30}, {""value"": ""木材类"", ""count"": 27}, {""value"": ""木材类;石材类"", ""count"": 20}, {""value"": ""土类;石材类;砖瓦类"", ""count"": 19}, {""value"": ""砖瓦类"", ""count"": 15}, {""value"": ""土类;木材类;石材类;砖瓦类"", ""count"": 13}, {""value"": ""土类;砖瓦类"", ""count"": 8}]","[{""token"": ""石材类"", ""count"": 292}, {""token"": ""砖瓦类"", ""count"": 248}, {""token"": ""木材类"", ""count"": 237}, {""token"": ""土类"", ""count"": 66}, {""token"": ""金属类"", ""count"": 16}, {""token"": ""灰浆胶结类"", ""count"": 14}, {""token"": ""其他材料"", ""count"": 3}]",0.0,0,,,,
