序号,编号,名称,图片,时代,地址,备注
48.0,1-0048-3-001,太室阙,,东汉,河南省登封县,
49.0,1-0049-3-002,少室阙,,东汉,河南省登封县,
50.0,1-0050-3-003,启母阙,,东汉,河南省登封县,
51.0,1-0051-3-004,冯焕阙,,东汉,四川省渠县,与第五批赵家村汉阙、王家坪汉阙、蒲家湾汉阙合并，名称：渠县汉阙
52.0,1-0052-3-005,平阳府君阙,,东汉,四川省绵阳县,
53.0,1-0053-3-006,沈府君阙,,东汉,四川省渠县,与第五批赵家村汉阙、王家坪汉阙、蒲家湾汉阙合并，名称：渠县汉阙
54.0,1-0054-3-007,孝堂山郭氏墓石祠,,东汉,山东省济南市,
55.0,1-0055-3-008,嘉祥武氏墓群石刻,,东汉,山东省济宁市,
56.0,1-0056-3-009,高颐墓阙及石刻,,东汉,四川省雅安县,
57.0,1-0057-3-010,褒斜道石门及其摩崖石刻,,汉至宋,陕西省汉中市,
58.0,1-0058-3-011,安济桥,,隋,河北省赵县,
59.0,1-0059-3-012,安平桥,,南宋,福建省晋江县,
60.0,1-0060-3-013,永通桥,,金,河北省赵县,
61.0,1-0061-3-014,嵩岳寺塔,,北魏,河南省登封县,
62.0,1-0062-3-015,四门塔,,东魏,山东省济南市,
63.0,1-0063-3-016,大雁塔,,唐,陕西省西安市,
64.0,1-0064-3-017,小雁塔,,唐,陕西省西安市,
65.0,1-0065-3-018,崇圣寺三塔,,唐、五代,云南省大理白族自治州大理市,
66.0,1-0066-3-019,房山云居寺塔及石经,,隋、唐、辽、金,北京市房山县,第七批房山大白玉塘采石场遗址并入
67.0,1-0067-3-020,兴教寺塔（包括兴教寺其他建筑物）,,唐,陕西省长安县,
68.0,1-0068-3-021,苏州云岩寺塔（包括云岩寺其他建筑物）,,五代,江苏省苏州市,
69.0,1-0069-3-022,祐国寺塔,,北宋,河南省开封市,
70.0,1-0070-3-023,定县开元寺塔,,北宋,河北省定县,
71.0,1-0071-3-024,佛宫寺释迦塔,,辽,山西省应县,
72.0,1-0072-3-025,六和塔,,南宋,浙江省杭州市,
73.0,1-0073-3-026,广惠寺华塔,,金,河北省正定县,
74.0,1-0074-3-027,妙应寺白塔,,元,北京市西城区,
75.0,1-0075-3-028,真觉寺金刚宝座,,明,北京市海淀区,
76.0,1-0076-3-029,海宝塔,,清,宁夏回族自治区银川市,
77.0,1-0077-3-030,义慈惠石柱,,北齐,河北省易县,
78.0,1-0078-3-031,赵州陀罗尼经幢,,北宋,河北省宁晋县,
79.0,1-0079-3-032,南禅寺大殿,,唐,山西省五台县,
80.0,1-0080-3-033,佛光寺,,唐至清,山西省五台县,
81.0,1-0081-3-034,大昭寺,,,西藏自治区拉萨市,
82.0,1-0082-3-035,昌珠寺,,,西藏自治区乃东县,
83.0,1-0083-3-036,光孝寺,,五代至明,广东省广州市,
84.0,1-0084-3-037,独乐寺,,辽,河北省蓟县,
85.0,1-0085-3-038,晋祠,,宋,山西省太原市,
86.0,1-0086-3-039,奉国寺,,辽,辽宁省义县,
87.0,1-0087-3-040,清净寺,,宋,福建省泉州市,
88.0,1-0088-3-041,善化寺,,辽、金,山西省大同市,
89.0,1-0089-3-042,隆兴寺,,宋,河北省正定县,
90.0,1-0090-3-043,保国寺,,北宋,浙江省宁波市,
91.0,1-0091-3-044,华严寺,,辽、金、清,山西省大同市,
92.0,1-0092-3-045,白马寺,,金至清,河南省洛阳市,
93.0,1-0093-3-046,永乐宫,,元,山西省芮城县,
94.0,1-0094-3-047,武当山金殿,,元、明,湖北省光化县,
95.0,1-0095-3-048,萨迦寺,,元,西藏自治区萨迦县,
96.0,1-0096-3-049,广胜寺,,元、明,山西省洪洞县,
97.0,1-0097-3-050,观星台,,元,河南省登封县,
98.0,1-0098-3-051,居庸关云台,,元,北京市昌平县,
99.0,1-0099-3-052,曲阜孔庙及孔府,,金至清,山东省曲阜县,
100.0,1-0100-3-053,故宫,,明、清,北京市,
101.0,1-0101-3-054,万里长城－八达岭,,明,北京市延庆县,
102.0,1-0102-3-055,万里长城－山海关,,明,河北省秦皇岛市,
103.0,1-0103-3-056,万里长城－嘉峪关,,明,甘肃省酒泉市,
104.0,1-0104-3-057,西安城墙,,明,陕西省西安市,
105.0,1-0105-3-058,天坛,,明,北京市崇文区,
106.0,1-0106-3-059,北海及团城,,明、清,北京市西城区,
107.0,1-0107-3-060,布达拉宫,,明至民国,西藏自治区拉萨市,
108.0,1-0108-3-061,噶丹寺,,明初至清,西藏自治区拉萨市,
109.0,1-0109-3-062,扎什伦布寺,,明初至清,西藏自治区日喀则县,
110.0,1-0110-3-063,智化寺,,明,北京市东城区,
111.0,1-0111-3-064,塔尔寺,,明,青海省湟中县,
112.0,1-0112-3-065,沈阳故宫,,清,辽宁省沈阳市,
113.0,1-0113-3-066,国子监,,清,北京市东城区,
114.0,1-0114-3-067,雍和宫,,清,北京市东城区,
115.0,1-0115-3-068,普宁寺,,清,河北省承德市,
116.0,1-0116-3-069,普乐寺,,清,河北省承德市,
117.0,1-0117-3-070,普陀宗乘之庙,,清,河北省承德市,
118.0,1-0118-3-071,须弥福寿之庙,,清,河北省承德市,
119.0,1-0119-3-072,武侯祠,,清,四川省成都市,
120.0,1-0120-3-073,杜甫草堂,,清,四川省成都市,
121.0,1-0121-3-074,拙政园,,明、清,江苏省苏州市,
122.0,1-0122-3-075,颐和园,,清,北京市海淀区,
123.0,1-0123-3-076,避暑山庄,,清,河北省承德市,
124.0,1-0124-3-077,留园,,清,江苏省苏州市,
16.0,2-0016-3-001,修定寺塔,,唐,河南省安阳县,
17.0,2-0017-3-002,玉泉寺及铁塔,,宋,湖北省当阳县,
18.0,2-0018-3-003,万部华严经塔,,辽,内蒙古自治区呼和浩特市,
19.0,2-0019-3-004,华林寺大殿,,宋,福建省福州市,
20.0,2-0020-3-005,开元寺,,宋至清,福建省泉州市,
21.0,2-0021-3-006,灵岩寺,,唐至清,山东省长清县,
22.0,2-0022-3-007,玄妙观三清殿,,宋,江苏省苏州市,
23.0,2-0023-3-008,岩山寺,,金,山西省繁峙县,
24.0,2-0024-3-009,北岳庙,,元,河北省曲阳县,
25.0,2-0025-3-010,紫霄宫,,明,湖北省均县,
26.0,2-0026-3-011,显通寺,,明至清,山西省五台县,
27.0,2-0027-3-012,哲蚌寺,,明,西藏自治区拉萨市,
28.0,2-0028-3-013,色拉寺,,明,西藏自治区拉萨市,
29.0,2-0029-3-014,皇史宬,,明,北京市,
30.0,2-0030-3-015,悬空寺,,明,山西省浑源县,
31.0,2-0031-3-016,天一阁,,明至清,浙江省宁波市,
32.0,2-0032-3-017,古观象台,,明至清,北京市,
33.0,2-0033-3-018,经略台真武阁,,明,广西壮族自治区容县,
34.0,2-0034-3-019,瞿昙寺,,明,青海省乐都县,
35.0,2-0035-3-020,北京城東南角樓,,明,北京市,
36.0,2-0036-3-021,都江堰,,秦至清,四川省灌县,
37.0,2-0037-3-022,蓬莱水城及蓬莱阁,,明,山东省蓬莱县,
38.0,2-0038-3-023,太和宫金殿,,清,云南省昆明市,
39.0,2-0039-3-024,豫园,,明至清,上海市,
40.0,2-0040-3-025,恭王府及花园,,清,北京市,
41.0,2-0041-3-026,网师园,,清,江苏省苏州市,
42.0,2-0042-3-027,程阳永济桥,,民国,广西壮族自治区三江县,
43.0,2-0043-3-028,拉卜楞寺,,清,甘肃省夏河县,
53.0,3-0053-3-001,安丰塘（芍陂）,,春秋,安徽省寿县,
54.0,3-0054-3-002,灵渠,,秦,广西壮族自治区兴安县,
55.0,3-0055-3-003,它山堰,,唐,浙江省鄞县,
56.0,3-0056-3-004,木兰陂,,北宋,福建省莆田县,
57.0,3-0057-3-005,燊海井,,清,四川省自贡市,
58.0,3-0058-3-006,金山岭长城,,明,河北省滦平县,
59.0,3-0059-3-007,南京城墙,,明,江苏省南京市,
60.0,3-0060-3-008,平遥城墙,,明,山西省平遥县,
61.0,3-0061-3-009,崇武城墙,,明,福建省惠安县,
62.0,3-0062-3-010,兴城城墙,,明至清,辽宁省兴城市,
63.0,3-0063-3-011,正阳门,,明至清,北京市,
64.0,3-0064-3-012,清远楼,,明,河北省张家口市宣化区,
65.0,3-0065-3-013,光岳楼,,明,山东省聊城市,
66.0,3-0066-3-014,岳阳楼,,清,湖南省岳阳市,
67.0,3-0067-3-015,观音桥,,宋,江西省星子县,
68.0,3-0068-3-016,洛阳桥,,宋至明,福建省泉州市,
69.0,3-0069-3-017,广济桥,,宋至明,广东省潮州市,
70.0,3-0070-3-018,古纤道,,明至清,浙江省绍兴市,
71.0,3-0071-3-019,直隶总督署,,清,河北省保定市,
72.0,3-0072-3-020,卓克基土司官寨,,清,四川省马尔康县,
73.0,3-0073-3-021,大屯土司庄园,,清至民国,贵州省毕节县,
74.0,3-0074-3-022,白鹿书院,,清,江西省九江市,
75.0,3-0075-3-023,岳麓书院,,清,湖南省长沙市,
76.0,3-0076-3-024,西秦会馆,,清,四川省自贡市,
77.0,3-0077-3-025,聊城山陕会馆,,清,山东省聊城市,
78.0,3-0078-3-026,社旗山陕会馆,,清,河南省社旗县,
79.0,3-0079-3-027,胡庆余堂,,清,浙江省杭州市,
80.0,3-0080-3-028,太庙,,明至清,北京市,
81.0,3-0081-3-029,社稷坛,,明至清,北京市,
82.0,3-0082-3-030,北京孔庙,,元至清,北京市东城区,
83.0,3-0083-3-031,孟庙及孟府,,明至清,山东省邹县,
84.0,3-0084-3-032,龙川胡氏宗祠,,明至清,安徽省绩溪县,
85.0,3-0085-3-033,陈家祠堂,,清,广东省广州市,
86.0,3-0086-3-034,泰宁尚书第,,明,福建省泰宁县,
87.0,3-0087-3-035,丁村民宅,,明至清,山西省襄汾县,
88.0,3-0088-3-036,潜口民宅,,明,安徽省歙县,
89.0,3-0089-3-037,东阳卢宅,,明至清,浙江省东阳县,
90.0,3-0090-3-038,祥集弄民宅,,明,江西省景德镇市,
91.0,3-0091-3-039,崇礼住宅,,清,北京市东城区（东四六条63－65号四合院）,
92.0,3-0092-3-040,牟氏庄园,,清至民国,山东省栖霞县,
93.0,3-0093-3-041,寄畅园,,明至清,江苏省无锡市,
94.0,3-0094-3-042,环秀山庄,,明至清,江苏省苏州市,
95.0,3-0095-3-043,十笏园,,明至清,山东省潍坊市,
96.0,3-0096-3-044,罗布林卡,,清,西藏自治区拉萨市,
97.0,3-0097-3-045,何园,,清,江苏省扬州市,
98.0,3-0098-3-046,个园,,清,江苏省扬州市,
99.0,3-0099-3-047,南通博物苑,,清,江苏省南通市,
100.0,3-0100-3-048,樊敏阙及石刻,,东汉,四川省芦山县,
101.0,3-0101-3-049,“治世玄岳”牌坊,,明,湖北省丹江口市,
102.0,3-0102-3-050,许国石坊,,明,安徽省歙县,
103.0,3-0103-3-051,大士阁,,明,广西壮族自治区合浦县,
104.0,3-0104-3-052,增冲鼓楼,,清,贵州省从江县,
105.0,3-0105-3-053,开元寺钟楼,,唐至清,河北省正定县,
106.0,3-0106-3-054,法兴寺,,唐,山西省长子县,
107.0,3-0107-3-055,天台庵,,唐,山西省平顺县,
108.0,3-0108-3-056,风穴寺及塔林,,唐至清,河南省临汝县,
109.0,3-0109-3-057,昭仁寺大殿,,唐,陕西省长武县,
110.0,3-0110-3-058,青莲寺,,唐至清,山西省晋城市,
111.0,3-0111-3-059,镇国寺,,五代至清,山西省平遥县,
112.0,3-0112-3-060,大云院,,五代至清,山西省平顺县,
113.0,3-0113-3-061,玉皇庙,,宋至清,山西省晋城市,
114.0,3-0114-3-062,大庙飞来殿,,宋至元,四川省峨眉县,
115.0,3-0115-3-063,云岩寺,,宋至清,四川省江油县,
116.0,3-0116-3-064,天宁寺大殿,,宋至元,浙江省金华市,
117.0,3-0117-3-065,崇福寺,,金,山西省朔县,
118.0,3-0118-3-066,夏鲁寺,,元至清,西藏自治区日喀则市,
119.0,3-0119-3-067,法海寺,,明,北京市石景山区,
120.0,3-0120-3-068,双林寺,,明,山西省平遥县,
121.0,3-0121-3-069,殊像寺,,清,河北省承德市,
122.0,3-0122-3-070,安远庙,,清,河北省承德市,
123.0,3-0123-3-071,广允缅寺,,清,云南省沧源佤族自治县,
124.0,3-0124-3-072,景真八角亭,,清,云南省勐海县,
125.0,3-0125-3-073,岱庙,,宋至清,山东省泰安市,
126.0,3-0126-3-074,西岳庙,,明至清,陕西省华阴县,
127.0,3-0127-3-075,北镇庙,,明至清,辽宁省北镇县,
128.0,3-0128-3-076,玄贞观,,明,辽宁省盖县,
129.0,3-0129-3-077,万荣东岳庙,,元至清,山西省万荣县,
130.0,3-0130-3-078,解州关帝庙,,清,山西省运城市,
131.0,3-0131-3-079,花戏楼,,清,安徽省亳州市,
132.0,3-0132-3-080,青龙洞,,清,贵州省镇远县,
133.0,3-0133-3-081,泉州天后宫,,清,福建省泉州市,
134.0,3-0134-3-082,牛街礼拜寺,,明至清,北京市宣武区,
135.0,3-0135-3-083,西安清真寺,,明至清,陕西省西安市,
136.0,3-0136-3-084,同心清真大寺,,清,宁夏回族自治区同心县,
137.0,3-0137-3-085,净藏禅师塔,,唐,河南省登封县,
138.0,3-0138-3-086,云龙寺塔,,唐,广东省仁化县,
139.0,3-0139-3-087,凌霄塔,,唐至宋,河北省正定县,
140.0,3-0140-3-088,朝阳北塔,,唐至辽,辽宁省朝阳市,
141.0,3-0141-3-089,灵光塔,,渤海,吉林省长白朝鲜族自治县,
142.0,3-0142-3-090,闸口白塔,,五代,浙江省杭州市,
143.0,3-0143-3-091,栖霞寺舍利塔,,五代,江苏省南京市,
144.0,3-0144-3-092,三影塔,,北宋,广东省南雄县,
145.0,3-0145-3-093,广教寺双塔,,北宋,安徽省宣州市,
146.0,3-0146-3-094,崇觉寺铁塔,,北宋,山东省济宁市,
147.0,3-0147-3-095,瑞光塔,,北宋,江苏省苏州市,
148.0,3-0148-3-096,飞英塔,,南宋,浙江省湖州市,
149.0,3-0149-3-097,释迦文佛塔,,南宋,福建省南蒲县,
150.0,3-0150-3-098,天宁寺塔,,辽,北京市宣武区,
151.0,3-0151-3-099,崇兴寺双塔,,辽,辽宁省北镇县,
152.0,3-0152-3-100,辽阳白塔,,辽至金,辽宁省辽阳市,
153.0,3-0153-3-101,银山塔林,,金至元,北京市昌平县,
154.0,3-0154-3-102,拜寺口双塔,,西夏,宁夏回族自治区贺兰县,
155.0,3-0155-3-103,一百零八塔,,元,宁夏回族自治区青铜峡市,
156.0,3-0156-3-104,广德寺多宝塔,,明,湖北省襄樊市,
157.0,3-0157-3-105,曼飞龙塔,,清,云南省景洪县,
158.0,3-0158-3-106,金刚座舍利宝塔,,清,内蒙古自治区呼和浩特市,
159.0,3-0159-3-107,苏公塔,,清,新疆维吾尔自治区吐鲁番市,
160.0,3-0160-3-108,旅顺监狱旧址,,1898－1945年,辽宁省大连市,
161.0,3-0161-3-109,息烽集中营旧址,,1937－1946年,贵州省息烽县,
162.0,3-0162-3-110,上饶集中营旧址,,1941－1942年,江西省上饶县,
163.0,3-0163-3-111,“中美合作所”集中营旧址,,1943－1949年,重庆市,
79.0,4-0079-3-001,龙脑桥,,明,四川省泸县,
80.0,4-0080-3-002,仙游寺法王塔,,隋,陕西省周至县,
81.0,4-0081-3-003,治平寺石塔,,唐,河北省赞皇县,
82.0,4-0082-3-004,开福寺舍利塔,,北宋,河北省景县,
83.0,4-0083-3-005,兴圣教寺塔,,北宋,上海市松江区,
84.0,4-0084-3-006,罗汉院双塔及正殿遗址,,北宋,江苏省苏州市,
85.0,4-0085-3-007,怀圣寺光塔,,唐,广东省广州市,
86.0,4-0086-3-008,美榔双塔,,元,海南省澄迈县,
87.0,4-0087-3-009,妙湛寺金刚塔,,明,云南省昆明市,
88.0,4-0088-3-010,娲皇宫及石刻,,北齐、明、清,河北省涉县,
89.0,4-0089-3-011,初祖庵及少林寺塔林,,唐－清,河南省登封市,
90.0,4-0090-3-012,桑耶寺,,789-799年,西藏自治区扎囊县,
91.0,4-0091-3-013,正定文庙大成殿,,五代,河北省正定县,
92.0,4-0092-3-014,龙门寺,,五代－清,山西省平顺县,
93.0,4-0093-3-015,府州城,,五代－清,陕西省府谷县,
94.0,4-0094-3-016,戒台寺,,辽－清,北京市门头沟区,
95.0,4-0095-3-017,阁院寺,,辽,河北省涞源县,
96.0,4-0096-3-018,开善寺,,辽,河北省高碑店市,
97.0,4-0097-3-019,晋城二仙庙,,宋,山西省晋城市,
98.0,4-0098-3-020,崇庆寺,,宋,山西省长子县,
99.0,4-0099-3-021,关王庙,,宋,山西省阳泉市,
100.0,4-0100-3-022,则天庙,,金,山西省文水县,
101.0,4-0101-3-023,南、北吉祥寺,,宋－清,山西省陵川县,
102.0,4-0102-3-024,孔氏南宗家庙,,南宋－清,浙江省衢州市,
103.0,4-0103-3-025,元妙观三清殿,,宋,福建省莆田市,
104.0,4-0104-3-026,青、白礁慈济宫,,宋－清,福建省厦门市、龙海市,
105.0,4-0105-3-027,赣州城墙,,宋、明,江西省赣州市,
106.0,4-0106-3-028,广饶关帝庙大殿,,南宋,山东省广饶县,
107.0,4-0107-3-029,济渎庙,,宋－清,河南省济源市,
108.0,4-0108-3-030,龙兴寺,,宋－清,湖南省沅陵县,
109.0,4-0109-3-031,梅庵,,北宋,广东省肇庆市,
110.0,4-0110-3-032,托林寺,,宋,西藏自治区扎达县,
111.0,4-0111-3-033,扎塘寺,,1081-1093年,西藏自治区扎囊县,
112.0,4-0112-3-034,张掖大佛寺,,西夏、清,甘肃省张掖市,
113.0,4-0113-3-035,北京东岳庙,,元－清,北京市朝阳区,
114.0,4-0114-3-036,慈云阁,,元,河北省定兴县,
115.0,4-0115-3-037,姬氏民居,,元,山西省高平市,
116.0,4-0116-3-038,牛王庙戏台,,元,山西省临汾市,
117.0,4-0117-3-039,绛州大堂,,元,山西省新绛县,
118.0,4-0118-3-040,榆次城隍庙,,元－清,山西省榆次市,
119.0,4-0119-3-041,霍州州署大堂,,元,山西省霍州市,
120.0,4-0120-3-042,真如寺大殿,,元,上海市普陀区,
121.0,4-0121-3-043,延福寺,,元,浙江省武义县,
122.0,4-0122-3-044,南阳武侯祠,,元－清,河南省南阳市,
123.0,4-0123-3-045,南岩宫,,元、明,湖北省丹江口市,
124.0,4-0124-3-046,德庆学宫,,元,广东省德庆县,
125.0,4-0125-3-047,七曲山大庙,,元－清,四川省梓潼县,
126.0,4-0126-3-048,韩城大禹庙,,元,陕西省韩城市,
127.0,4-0127-3-049,兴国寺,,元,甘肃省秦安县,
128.0,4-0128-3-050,大高玄殿,,明,北京市西城区,
129.0,4-0129-3-051,历代帝王庙,,明、清,北京市西城区,
130.0,4-0130-3-052,北京鼓楼、钟楼,,明、清,北京市东城区,
131.0,4-0131-3-053,蔚州玉皇阁,,明,河北省蔚县,
132.0,4-0132-3-054,万里长城－紫荆关,,明,河北省易县,
133.0,4-0133-3-055,毗卢寺,,明,河北省石家庄市,
134.0,4-0134-3-056,千佛庵,,明,山西省隰县,
135.0,4-0135-3-057,美岱召,,明,内蒙古自治区土默特右旗,
136.0,4-0136-3-058,万里长城－九门口,,明,辽宁省绥中县、河北省抚宁县,
137.0,4-0137-3-059,䌽衣堂,,明,江苏省常熟市,
138.0,4-0138-3-060,诸葛、长乐村民居,,明、清,浙江省兰溪市,
139.0,4-0139-3-061,蒲壮所城,,明,浙江省苍南县,
140.0,4-0140-3-062,镇海口海防遗址,,明－近代,浙江省宁波市,
141.0,4-0141-3-063,棠樾石牌坊群,,明、清,安徽省歙县,
142.0,4-0142-3-064,老屋阁及绿绕亭,,明,安徽省黄山市,
143.0,4-0143-3-065,罗东舒祠,,明,安徽省黄山市,
144.0,4-0144-3-066,东山关帝庙,,明、清,福建省东山县,
145.0,4-0145-3-067,漳州石牌坊,,明、清,福建省漳州市,
146.0,4-0146-3-068,归德府城墙,,明,河南省商丘县,
147.0,4-0147-3-069,太昊陵庙,,明、清,河南省淮阳县,
148.0,4-0148-3-070,比干庙,,明、清,河南省卫辉市,
149.0,4-0149-3-071,襄阳“古隆中”,,明、清,湖北省襄樊市,
150.0,4-0150-3-072,荆州城墙,,明、清,湖北省荆州市,
151.0,4-0151-3-073,许驸马府,,明,广东省潮州市,
152.0,4-0152-3-074,佛山祖庙,,明、清,广东省佛山市,
153.0,4-0153-3-075,莫土司衙署,,明、清,广西壮族自治区忻城县,
154.0,4-0154-3-076,靖江王府及王陵,,明,广西壮族自治区桂林市,
155.0,4-0155-3-077,丘浚故居及墓,,明,海南省琼山市、海口市,
156.0,4-0156-3-078,平武报恩寺,,明,四川省平武县,
157.0,4-0157-3-079,真武山古建筑群,,明、清,四川省宜宾市,
158.0,4-0158-3-080,张桓侯祠,,明、清,四川省阆中市,
159.0,4-0159-3-081,大宝积宫与琉璃殿,,明,云南省丽江纳西族自治县,
160.0,4-0160-3-082,白居寺,,明,西藏自治区江孜县,
161.0,4-0161-3-083,西安钟楼、鼓楼,,明,陕西省西安市,
162.0,4-0162-3-084,水陆庵,,明,陕西省蓝田县,
163.0,4-0163-3-085,武威文庙,,明,甘肃省武威市,
164.0,4-0164-3-086,鲁土司衙门旧址,,明、清,甘肃省永登县,
165.0,4-0165-3-087,南堂,,清,北京市西城区,
166.0,4-0166-3-088,觉生寺,,清,北京市海淀区,
167.0,4-0167-3-089,万荣后土庙,,清,山西省万荣县,
168.0,4-0168-3-090,祆神楼,,清,山西省介休市,
169.0,4-0169-3-091,五当召,,清,内蒙古自治区包头市,
160.0,4-0160-3-092,盂城驿,,清,江苏省高邮市,
171.0,4-0171-3-093,玉海楼,,清,浙江省瑞安市,
172.0,4-0172-3-094,二宜楼,,清,福建省华安县,
173.0,4-0173-3-095,魏氏庄园,,清,山东省惠民县,
174.0,4-0174-3-096,丁氏故宅,,清,山东省龙口市,
175.0,4-0175-3-097,开封城墙,,清,河南省开封市,
176.0,4-0176-3-098,周口关帝庙,,清,河南省周口市,
177.0,4-0177-3-099,内乡县衙,,清,河南省内乡县,
178.0,4-0178-3-100,马田鼓楼,,清,湖南省通道侗族自治县,
179.0,4-0179-3-101,宁远文庙,,清,湖南省宁远县,
180.0,4-0180-3-102,满堂围,,清,广东省始兴县,
181.0,4-0181-3-103,雷祖祠,,明、清,广东省雷州市,
182.0,4-0182-3-104,东坡书院,,明、清,海南省儋州市,
183.0,4-0183-3-105,德格印经院,,清,四川省德格县,
184.0,4-0184-3-106,夕佳山民居,,明、清,四川省江安县,
185.0,4-0185-3-107,杨升庵祠及桂湖,,清,四川省新都县,
186.0,4-0186-3-108,中心镇公堂,,清,云南省中甸县,
187.0,4-0187-3-109,隆务寺,,明、清,青海省同仁县,
188.0,4-0188-3-110,伊犁将军府,,清,新疆维吾尔自治区伊宁市,
195.0,5-0195-3-001,潭柘寺,,清,北京市门头沟区,
196.0,5-0196-3-002,可园,,清,北京市东城区,
197.0,5-0197-3-003,孚王府,,清,北京市朝阳区,
198.0,5-0198-3-004,景山,,明、清,北京市西城区,
199.0,5-0199-3-005,白云观,,清,北京市西城区,
200.0,5-0200-3-006,万佛堂、孔水洞石刻及塔,,隋、唐至明,北京市房山区,
201.0,5-0201-3-007,法源寺,,清,北京市宣武区,
202.0,5-0202-3-008,先农坛,,明、清,北京市宣武区,
203.0,5-0203-3-009,碧云寺,,明、清,北京市海淀区,
204.0,5-0204-3-010,大慧寺,,明,北京市海淀区,
205.0,5-0205-3-011,十方普觉寺,,清,北京市海淀区,
206.0,5-0206-3-012,清净化城塔,,清,北京市朝阳区,
207.0,5-0207-3-013,天津广东会馆,,清,天津市南开区,
208.0,5-0208-3-014,临济寺澄灵塔,,金,河北省正定县,
209.0,5-0209-3-015,药王庙,,明、清,河北省安国市,
210.0,5-0210-3-016,昭化寺,,明,河北省怀安县,
211.0,5-0211-3-017,鸡鸣驿城,,明,河北省怀来县,
212.0,5-0212-3-018,幽居寺塔,,唐,河北省灵寿县,
213.0,5-0213-3-019,定州贡院,,清,河北省定州市,
214.0,5-0214-3-020,溥仁寺,,清,河北省承德市,
215.0,5-0215-3-021,源影寺塔,,金,河北省昌黎县,
216.0,5-0216-3-022,泊头清真寺,,明,河北省泊头市,
217.0,5-0217-3-023,普利寺塔,,北宋,河北省临城县,
218.0,5-0218-3-024,涿州双塔,,辽,河北省涿州市,
219.0,5-0219-3-025,南安寺塔,,辽,河北省蔚县,
220.0,5-0220-3-026,释迦寺,,元、明,河北省蔚县,
221.0,5-0221-3-027,腰山王氏庄园,,清,河北省顺平县,
222.0,5-0222-3-028,古莲花池,,金至清,河北省保定市,
223.0,5-0223-3-029,庆化寺花塔,,辽,河北省涞水县,
224.0,5-0224-3-030,万荣稷王庙,,金,山西省万荣县,
225.0,5-0225-3-031,大同九龙壁,,明,山西省大同市,
226.0,5-0226-3-032,广济寺大雄宝殿,,元,山西省五台县,
227.0,5-0227-3-033,介休后土庙,,明、清,山西省介休市,
228.0,5-0228-3-034,正觉寺,,金至明,山西省长治县,
229.0,5-0229-3-035,龙岩寺,,金、明,山西省陵川县,
230.0,5-0230-3-036,荆庄大云寺大雄宝殿,,金,山西省浑源县,
231.0,5-0231-3-037,窦大夫祠,,元至清,山西省太原市,
232.0,5-0232-3-038,观音堂,,明,山西省长治市,
233.0,5-0233-3-039,潞安府城隍庙,,元至清,山西省长治市,
234.0,5-0234-3-040,阿育王塔,,元,山西省代县,
235.0,5-0235-3-041,边靖楼,,明,山西省代县,
236.0,5-0236-3-042,淳化寺,,金,山西省平顺县,
237.0,5-0237-3-043,明惠大师塔,,五代,山西省平顺县,
238.0,5-0238-3-044,九天圣母庙,,北宋至清,山西省平顺县,
239.0,5-0239-3-045,慈相寺,,北宋至清,山西省平遥县,
240.0,5-0240-3-046,平遥文庙,,金至清,山西省平遥县,
241.0,5-0241-3-047,兴东垣东岳庙,,金至清,山西省石楼县,
242.0,5-0242-3-048,大悲院,,宋、金,山西省曲沃县,
243.0,5-0243-3-049,太符观,,金至清,山西省汾阳市,
244.0,5-0244-3-050,沁县大云院,,宋至清,山西省沁县,
245.0,5-0245-3-051,觉山寺塔,,辽,山西省灵丘县,
246.0,5-0246-3-052,资寿寺,,明,山西省灵石县,
247.0,5-0247-3-053,清凉寺,,元,山西省芮城县,
248.0,5-0248-3-054,广仁王庙,,唐,山西省芮城县,
249.0,5-0249-3-055,芮城城隍庙,,北宋至清,山西省芮城县,
250.0,5-0250-3-056,泛舟禅师塔,,唐,山西省运城市,
251.0,5-0251-3-057,洪福寺,,金,山西省定襄县,
252.0,5-0252-3-058,洪济院,,金至清,山西省武乡县,
253.0,5-0253-3-059,武乡县大云寺,,宋至清,山西省武乡县,
254.0,5-0254-3-060,会仙观,,金至清,山西省武乡县,
255.0,5-0255-3-061,大王庙,,金至明,山西省盂县,
256.0,5-0256-3-062,临晋县衙,,元至近代,山西省临猗县,
257.0,5-0257-3-063,香严寺,,金至明,山西省柳林县,
258.0,5-0258-3-064,洪洞玉皇庙,,元,山西省洪洞县,
259.0,5-0259-3-065,浑源永安寺,,元,山西省浑源县,
260.0,5-0260-3-066,太阴寺,,金,山西省绛县,
261.0,5-0261-3-067,三嵕庙,,金至清,山西省壶关县,
262.0,5-0262-3-068,乔家大院,,清,山西省祁县,
263.0,5-0263-3-069,泽州岱庙,,宋至明,山西省泽州县,
264.0,5-0264-3-070,安国寺,,明,山西省离石市,
265.0,5-0265-3-071,小会岭二仙庙,,北宋至清,山西省陵川县,
266.0,5-0266-3-072,崔府君庙,,金至清,山西省陵川县,
267.0,5-0267-3-073,西溪二仙庙,,金至清,山西省陵川县,
268.0,5-0268-3-074,崇明寺,,北宋至明,山西省高平市,
269.0,5-0269-3-075,开化寺,,北宋至清,山西省高平市,
270.0,5-0270-3-076,游仙寺,,北宋至清,山西省高平市,
271.0,5-0271-3-077,定林寺,,元至清,山西省高平市,
272.0,5-0272-3-078,福胜寺,,元、明,山西省新绛县,
273.0,5-0273-3-079,稷益庙,,明,山西省新绛县,
274.0,5-0274-3-080,柏山东岳庙,,元至清,山西省蒲县,
275.0,5-0275-3-081,青龙寺,,元,山西省稷山县,
276.0,5-0276-3-082,原起寺,,宋,山西省潞城市,
277.0,5-0277-3-083,汇宗寺,,清,内蒙古自治区多伦县,
278.0,5-0278-3-084,福会寺,,清,内蒙古自治区喀喇沁旗,
279.0,5-0279-3-085,喀喇沁亲王府及家庙,,清,内蒙古自治区喀喇沁旗,
280.0,5-0280-3-086,和硕恪靖公主府,,清,内蒙古自治区呼和浩特市,
281.0,5-0281-3-087,开鲁县佛塔,,元,内蒙古自治区开鲁县,
282.0,5-0282-3-088,广济寺古建筑群,,辽至清,辽宁省锦州市,
283.0,5-0283-3-089,徐霞客故居及晴山堂石刻,,明,江苏省江阴市,
284.0,5-0284-3-090,退思园,,清,江苏省苏州市,
285.0,5-0285-3-091,宝带桥,,明,江苏省苏州市,
286.0,5-0286-3-092,耦园,,清,江苏省苏州市,
287.0,5-0287-3-093,龙王庙行宫,,清,江苏省宿迁市,
288.0,5-0288-3-094,水绘园,,清,江苏省如皋市,
289.0,5-0289-3-095,古月桥,,宋,浙江省义乌市,
290.0,5-0290-3-096,黄山八面厅,,清,浙江省义乌市,
291.0,5-0291-3-097,国清寺,,清,浙江省天台县,
292.0,5-0292-3-098,刘基庙及墓,,明,浙江省文成县,
293.0,5-0293-3-099,南阁牌楼群,,明,浙江省乐清市,
294.0,5-0294-3-100,庆安会馆,,清,浙江省宁波市,
295.0,5-0295-3-101,湖镇舍利塔,,宋,浙江省龙游县,
296.0,5-0296-3-102,如龙桥,,明,浙江省庆元县,
297.0,5-0297-3-103,通济堰,,南朝至清,浙江省丽水市,
298.0,5-0298-3-104,凤凰寺,,元至清,浙江省杭州市,
299.0,5-0299-3-105,文澜阁,,清,浙江省杭州市,
300.0,5-0300-3-106,俞源村古建筑群,,元至清,浙江省武义县,
301.0,5-0301-3-107,八字桥,,宋,浙江省绍兴市,
302.0,5-0302-3-108,吕府,,明,浙江省绍兴市,
303.0,5-0303-3-109,功臣塔,,五代,浙江省临安市,
304.0,5-0304-3-110,台州府城墙,,宋至清,浙江省临海市,
305.0,5-0305-3-111,桃渚城,,明、清,浙江省临海市,
306.0,5-0306-3-112,郑义门古建筑群,,清,浙江省浦江县,
307.0,5-0307-3-113,盐官海塘及海神庙,,清,浙江省海宁市,
308.0,5-0308-3-114,绮园,,清,浙江省海盐县,
309.0,5-0309-3-115,斯氏古民居建筑群,,清,浙江省诸暨市,
310.0,5-0310-3-116,时思寺,,元至清,浙江省景宁畲族自治县,
311.0,5-0311-3-117,永昌堡,,明,浙江省温州市,
312.0,5-0312-3-118,嘉业堂藏书楼及小莲庄,,清,浙江省湖州市,
313.0,5-0313-3-119,庙沟后、横省石牌坊,,宋、元,浙江省鄞县,
314.0,5-0314-3-120,水西双塔,,宋,安徽省泾县,
315.0,5-0315-3-121,亳州古地道,,宋、元,安徽省亳州市,
316.0,5-0316-3-122,白崖寨,,元至清,安徽省宿松县,
317.0,5-0317-3-123,程氏三宅,,明,安徽省黄山市,
318.0,5-0318-3-124,呈坎村古建筑群,,明、清,安徽省黄山市,
319.0,5-0319-3-125,渔梁坝,,唐至清,安徽省歙县,
320.0,5-0320-3-126,宏村古建筑群,,明、清,安徽省黟县,
321.0,5-0321-3-127,西递村古建筑群,,明、清,安徽省黟县,
322.0,5-0322-3-128,寿县古城墙,,宋至清,安徽省寿县,
323.0,5-0323-3-129,查济古建筑群,,元至清,安徽省泾县,
324.0,5-0324-3-130,天中万寿塔,,宋,福建省仙游县,
325.0,5-0325-3-131,安贞堡,,清,福建省永安市,
326.0,5-0326-3-132,陈太尉宫,,宋至清,福建省罗源县,
327.0,5-0327-3-133,蔡氏古民居建筑群,,清,福建省南安市,
328.0,5-0328-3-134,泉州府文庙,,宋至清,福建省泉州市,
329.0,5-0329-3-135,宝山寺大殿,,元,福建省顺昌县,
330.0,5-0330-3-136,崇妙保圣坚牢塔,,五代,福建省福州市,
331.0,5-0331-3-137,漳州府文庙大成殿,,明,福建省漳州市,
332.0,5-0332-3-138,江东桥,,宋,福建省漳州市,
333.0,5-0333-3-139,赵家堡—诒安堡,,明、清,福建省漳浦县,
334.0,5-0334-3-140,流坑村古建筑群,,明、清,江西省乐安县,
335.0,5-0335-3-141,关西新围、燕翼围,,清,江西省龙南县,
336.0,5-0336-3-142,颜庙,,元至清,山东省曲阜市,
337.0,5-0337-3-143,临清运河钞关,,明、清,山东省临清市,
338.0,5-0338-3-144,宝轮寺塔,,金,河南省三门峡市,
339.0,5-0339-3-145,山陕甘会馆,,清,河南省开封市,
340.0,5-0340-3-146,康百万庄园,,清,河南省巩义市,
341.0,5-0341-3-147,天宁寺三圣塔,,金,河南省沁阳市,
342.0,5-0342-3-148,妙乐寺塔,,五代,河南省武陟县,
343.0,5-0343-3-149,嘉应观,,清,河南省武陟县,
344.0,5-0344-3-150,小商桥,,宋,河南省临颍县,
345.0,5-0345-3-151,南阳知府衙门,,清,河南省南阳市,
346.0,5-0346-3-152,潞泽会馆,,清,河南省洛阳市,
347.0,5-0347-3-153,大明寺,,元至清,河南省济源市,
348.0,5-0348-3-154,奉仙观,,金至清,河南省济源市,
349.0,5-0349-3-155,荆紫关古建筑群,,清,河南省浙川县,
350.0,5-0350-3-156,慈胜寺,,元,河南省温县,
351.0,5-0351-3-157,汤阴岳飞庙,,明,河南省汤阴县,
352.0,5-0352-3-158,安阳天宁寺塔,,五代至清,河南省安阳市,
353.0,5-0353-3-159,明福寺塔,,宋,河南省滑县,
354.0,5-0354-3-160,会善寺,,元至清,河南省登封市,
355.0,5-0355-3-161,永泰寺塔,,唐,河南省登封市,
356.0,5-0356-3-162,法王寺塔,,唐,河南省登封市,
357.0,5-0357-3-163,中岳庙,,清,河南省登封市,
358.0,5-0358-3-164,百泉,,明、清,河南省辉县市,
359.0,5-0359-3-165,四祖寺塔,,唐、宋、元,湖北省黄梅县,
360.0,5-0360-3-166,大水井古建筑群,,清,湖北省利川市,
361.0,5-0361-3-167,襄阳城墙,,明,湖北省襄樊市,
362.0,5-0362-3-168,襄阳王府绿影壁,,明,湖北省襄樊市,
363.0,5-0363-3-169,柳子庙,,清,湖南省永州市,
364.0,5-0364-3-170,屈子祠,,清,湖南省汨罗市,
365.0,5-0365-3-171,邵阳北塔,,明,湖南省邵阳市,
366.0,5-0366-3-172,岳阳文庙,,宋至清,湖南省岳阳市,
367.0,5-0367-3-173,张谷英村古建筑群,,明、清,湖南省岳阳县,
368.0,5-0368-3-174,芋头侗寨古建筑群,,明、清,湖南省通道侗族自治县,
369.0,5-0369-3-175,东莞可园,,清,广东省东莞市,
370.0,5-0370-3-176,南华寺,,明、清,广东省曲江县,
371.0,5-0371-3-177,东华里古建筑群,,清、民国,广东省佛山市,
372.0,5-0372-3-178,元山寺,,明、清,广东省陆丰市,
373.0,5-0373-3-179,大鹏所城,,明、清,广东省深圳市,
374.0,5-0374-3-180,悦城龙母祖庙,,清,广东省德庆县,
375.0,5-0375-3-181,肇庆古城墙,,宋至清,广东省肇庆市,
376.0,5-0376-3-182,潮州开元寺,,唐至清,广东省潮州市,
377.0,5-0377-3-183,己略黄公祠,,清,广东省潮州市,
378.0,5-0378-3-184,岜团桥,,清,广西壮族自治区三江侗族自治县,
379.0,5-0379-3-185,临贺故城,,汉至清,广西壮族自治区贺州市,
380.0,5-0380-3-186,张桓侯庙,,清,重庆市云阳县,
381.0,5-0381-3-187,石宝寨,,明、清,重庆市忠县,
382.0,5-0382-3-188,丁房阙—无铭阙,,东汉,重庆市忠县,
383.0,5-0383-3-189,宝光寺,,清,四川省新都县,
384.0,5-0384-3-190,直波碉楼,,清,四川省马尔康县,
385.0,5-0385-3-191,石塔寺石塔,,宋,四川省邛崃市,
386.0,5-0386-3-192,松潘古城墙,,明,四川省松潘县,
387.0,5-0387-3-193,觉苑寺,,明,四川省剑阁县,
388.0,5-0388-3-194,阆中永安寺,,元至清,四川省阆中市,
389.0,5-0389-3-195,五龙庙文昌阁,,元,四川省阆中市,
390.0,5-0390-3-196,隆昌石牌坊,,清,四川省隆昌县,
391.0,5-0391-3-197,富顺文庙,,清,四川省富顺县,
392.0,5-0392-3-198,观音寺,,明,四川省新津县,
393.0,5-0393-3-199,德阳文庙,,清,四川省德阳市,
394.0,5-0394-3-200,棒托寺,,明、清,四川省壤塘县,
395.0,5-0395-3-201,罨画池,,清,四川省崇州市,
396.0,5-0396-3-202,天台山伍龙寺,,明、清,贵州省平坝县,
397.0,5-0397-3-203,石阡万寿宫,,明,贵州省石阡县,
398.0,5-0398-3-204,云山屯古建筑群,,明,贵州省安顺市,
399.0,5-0399-3-205,福泉城墙,,明,贵州省福泉市,
400.0,5-0400-3-206,郎德上寨古建筑群,,明、清,贵州省雷山县,
401.0,5-0401-3-207,海龙屯,,宋至明,贵州省遵义县,
402.0,5-0402-3-208,地坪风雨桥,,清,贵州省黎平县,
403.0,5-0403-3-209,安顺文庙,,明,贵州省安顺市,
404.0,5-0404-3-210,喜洲白族古建筑群,,明、清,云南省大理市,
405.0,5-0405-3-211,建水文庙,,明、清,云南省建水县,
406.0,5-0406-3-212,筇竹寺,,清,云南省昆明市,
407.0,5-0407-3-213,朗色林庄园,,明,西藏自治区扎囊县,
408.0,5-0408-3-214,曲德寺、 卓玛拉康、 大唐天竺使出铭,,10世纪、 1274年、 658年,西藏自治区吉隆县,
409.0,5-0409-3-215,色喀古托寺,,1080年,西藏自治区洛扎县,
410.0,5-0410-3-216,科迦寺,,996年,西藏自治区普兰县,
411.0,5-0411-3-217,小昭寺,,641年,西藏自治区拉萨市,
412.0,5-0412-3-218,吉如拉康,,唐至清,西藏自治区乃东县,
413.0,5-0413-3-219,三原城隍庙,,明,陕西省三原县,
414.0,5-0414-3-220,鸠摩罗什舍利塔,,唐,陕西省户县,
415.0,5-0415-3-221,公输堂,,明,陕西省户县,
416.0,5-0416-3-222,仓颉墓与庙,,明、清,陕西省白水县,
417.0,5-0417-3-223,泰塔,,北宋,陕西省旬邑县,
418.0,5-0418-3-224,香积寺善导塔,,唐,陕西省长安县,
419.0,5-0419-3-225,西安城隍庙,,明、清,陕西省西安市,
420.0,5-0420-3-226,白云山庙,,明、清,陕西省佳县,
421.0,5-0421-3-227,八云塔,,唐,陕西省周至县,
422.0,5-0422-3-228,泾阳崇文塔,,明,陕西省泾阳县,
423.0,5-0423-3-229,彬县开元寺塔,,北宋,陕西省彬县,
424.0,5-0424-3-230,韩城普照寺,,元,陕西省韩城市,
425.0,5-0425-3-231,韩城文庙,,明,陕西省韩城市,
426.0,5-0426-3-232,韩城城隍庙,,明,陕西省韩城市,
427.0,5-0427-3-233,党家村古建筑群,,明、清,陕西省韩城市,
428.0,5-0428-3-234,耀县文庙,,明,陕西省耀县,
429.0,5-0429-3-235,澄城城隍庙神楼,,明,陕西省澄城县,
430.0,5-0430-3-236,伏羲庙,,明、清,甘肃省天水市,
431.0,5-0431-3-237,胡氏古民居建筑,,明、清,甘肃省天水市,
432.0,5-0432-3-238,凝寿寺塔,,五代、宋,甘肃省宁县,
433.0,5-0433-3-239,圆通寺塔,,明、清,甘肃省民乐县,
434.0,5-0434-3-240,圣容寺塔,,唐,甘肃省永昌县,
435.0,5-0435-3-241,东华池塔,,北宋,甘肃省华池县,
436.0,5-0436-3-242,武康王庙,,明、清,甘肃省崇信县,
437.0,5-0437-3-243,贵德文庙及玉皇阁,,明、清,青海省贵德县,
438.0,5-0438-3-244,藏娘佛塔及桑周寺,,北宋至清,青海省玉树县,
439.0,5-0439-3-245,昭苏圣佑庙,,清,新疆维吾尔自治区昭苏县,
440.0,5-0440-3-246,艾提尕尔清真寺,,明,新疆维吾尔自治区喀什市,
441.0,5-0441-3-247,五公祠,,宋至清,海南省海口市,
442.0,5-0442-3-248,长城,,春秋至明,北京市、河北省、山西省、内蒙古自治区、陕西省、山东省、宁夏回族自治区、辽宁省,
,（1）,齐长城遗址,,春秋、战国,山东省济南市、章丘市、肥城市、泰安市、莱芜市、淄博市、沂源县、临朐县、安丘市、诸城市、沂水县、莒县、五莲县、胶南市、青岛市,
,（2）,秦长城遗址,,战国,内蒙古自治区伊金霍洛旗，宁夏回族自治区彭阳县、西吉县、固原县,
,（3）,燕长城遗址,,战国,辽宁省建平县,
,（4）,司马台段,,明,北京市密云县,
,（5）,乌龙沟段,,明,河北省涞源县,
,（6）,雁门关段,,明,山西省代县,
,（7）,清水河段,,明,内蒙古自治区清水河县,
,（8）,镇北台,,明,陕西省榆林市,
298.0,6-0298-3-001,承恩寺,,明至清,北京市石景山区,
299.0,6-0299-3-002,地坛,,明至清,北京市东城区,
300.0,6-0300-3-003,德胜门箭楼,,明至清,北京市西城区,
301.0,6-0301-3-004,月坛,,明至清,北京市西城区,
302.0,6-0302-3-005,中南海,,明至清,北京市西城区,
303.0,6-0303-3-006,大觉寺,,明至清,北京市海淀区,
304.0,6-0304-3-007,日坛,,明至清,北京市朝阳区,
305.0,6-0305-3-008,静明园,,清,北京市海淀区,
306.0,6-0306-3-009,健锐营演武厅,,清,北京市海淀区,
307.0,6-0307-3-010,万寿寺,,清,北京市海淀区,
308.0,6-0308-3-011,关岳庙,,清,北京市西城区,
309.0,6-0309-3-012,醇亲王府,,清,北京市西城区,
310.0,6-0310-3-013,广济寺,,清,北京市西城区,
311.0,6-0311-3-014,柏林寺,,清,北京市东城区,
312.0,6-0312-3-015,爨底下村古建筑群,,清,北京市门头沟区,
313.0,6-0313-3-016,安徽会馆,,清,北京市宣武区,
314.0,6-0314-3-017,报国寺,,清,北京市宣武区,
315.0,6-0315-3-018,石家大院,,清,天津市西青区,
316.0,6-0316-3-019,解村兴国寺塔,,唐,河北省博野县,
317.0,6-0317-3-020,万寿寺塔林,,五代至清,河北省平山县,
318.0,6-0318-3-021,宝云塔,,宋,河北省衡水市,
319.0,6-0319-3-022,修德寺塔,,宋,河北省曲阳县,
320.0,6-0320-3-023,庆林寺塔,,宋,河北省故城县,
321.0,6-0321-3-024,静志寺塔基地宫,,宋,河北省定州市,
322.0,6-0322-3-025,净众院塔基地宫,,宋,河北省定州市,
323.0,6-0323-3-026,天宫寺塔,,辽,河北省唐山市,
324.0,6-0324-3-027,圣塔院塔,,辽,河北省易县,
325.0,6-0325-3-028,西岗塔,,辽,河北省涞水县,
326.0,6-0326-3-029,兴文塔,,辽,河北省涞源县,
327.0,6-0327-3-030,成汤庙山门,,金,河北省涉县,
328.0,6-0328-3-031,柏林寺塔,,元,河北省赵县,
329.0,6-0329-3-032,正定府文庙,,元,河北省正定县,
330.0,6-0330-3-033,井陉古驿道,,明至清,河北省井陉县,
331.0,6-0331-3-034,扁鹊庙,,明至清,河北省内丘县,
332.0,6-0332-3-035,永济桥,,明至清,河北省涿州市,
333.0,6-0333-3-036,西古堡,,明至清,河北省蔚县,
334.0,6-0334-3-037,福庆寺,,明至清,河北省井陉县,
335.0,6-0335-3-038,时恩寺,,明至清,河北省张家口市,
336.0,6-0336-3-039,寿峰寺,,明至民国,河北省唐山市,
337.0,6-0337-3-040,暖泉华严寺,,明,河北省蔚县,
338.0,6-0338-3-041,真武庙,,明,河北省蔚县,
339.0,6-0339-3-042,常平仓,,明,河北省蔚县,
340.0,6-0340-3-043,蔚州灵岩寺,,明,河北省蔚县,
341.0,6-0341-3-044,单桥,,明,河北省献县,
342.0,6-0342-3-045,弘济桥,,明,河北省永年县,
343.0,6-0343-3-046,永年城,,明,河北省永年县,
344.0,6-0344-3-047,纸坊玉皇阁,,明,河北省邯郸市,
345.0,6-0345-3-048,大道观玉皇殿,,明,河北省定州市,
346.0,6-0346-3-049,邢台开元寺,,明,河北省邢台市,
347.0,6-0347-3-050,伍仁桥,,明,河北省安国市,
348.0,6-0348-3-051,万全右卫城,,明,河北省万全县,
349.0,6-0349-3-052,洗马林玉皇阁,,明,河北省万全县,
350.0,6-0350-3-053,金门闸,,清,河北省涿州市,
351.0,6-0351-3-054,大慈阁,,清,河北省保定市,
352.0,6-0352-3-055,承德城隍庙,,清,河北省承德市,
353.0,6-0353-3-056,普佑寺,,清,河北省承德市,
354.0,6-0354-3-057,净觉寺,,清,河北省玉田县,
355.0,6-0355-3-058,老君洞,,唐至明,山西省浮山县,
356.0,6-0356-3-059,卦山天宁寺,,唐至清,山西省交城县,
357.0,6-0357-3-060,下交汤帝庙,,宋至清,山西省阳城县,
358.0,6-0358-3-061,普光寺,,宋至清,山西省寿阳县,
359.0,6-0359-3-062,金洞寺,,宋至清,山西省忻州市,
360.0,6-0360-3-063,安禅寺,,宋至明,山西省太谷县,
361.0,6-0361-3-064,无边寺,,宋至清,山西省太谷县,
362.0,6-0362-3-065,狐突庙,,宋至清,山西省清徐县,
363.0,6-0363-3-066,北义城玉皇庙,,宋至清,山西省泽州县,
364.0,6-0364-3-067,周村东岳庙,,宋至清,山西省泽州县,
365.0,6-0365-3-068,张壁古堡,,宋至清,山西省介休市,
366.0,6-0366-3-069,佛头寺,,宋,山西省平顺县,
367.0,6-0367-3-070,兴梵寺,,宋,山西省祁县,
368.0,6-0368-3-071,定襄关王庙,,宋,山西省定襄县,
369.0,6-0369-3-072,妙道寺双塔,,宋,山西省临猗县,
370.0,6-0370-3-073,禅房寺塔,,辽,山西省大同市,
371.0,6-0371-3-074,开福寺,,金至明,山西省阳城县,
372.0,6-0372-3-075,白台寺,,金至清,山西省新绛县,
373.0,6-0373-3-076,灵泽王庙,,金至清,山西省襄垣县,
374.0,6-0374-3-077,西李门二仙庙,,金至清,山西省高平市,
375.0,6-0375-3-078,润城东岳庙,,金至清,山西省阳城县,
376.0,6-0376-3-079,玉泉东岳庙,,金至清,山西省陵川县,
377.0,6-0377-3-080,石掌玉皇庙,,金至清,山西省陵川县,
378.0,6-0378-3-081,东邑龙王庙,,金至清,山西省潞城市,
379.0,6-0379-3-082,乡宁寿圣寺,,金至明,山西省乡宁县,
380.0,6-0380-3-083,净因寺,,金至明,山西省太原市,
381.0,6-0381-3-084,延庆寺,,金至清,山西省五台县,
382.0,6-0382-3-085,中坪二仙宫,,金至清,山西省高平市,
383.0,6-0383-3-086,三圣寺,,金至清,山西省繁峙县,
384.0,6-0384-3-087,汾城古建筑群,,金至清,山西省襄汾县,
385.0,6-0385-3-088,福祥寺,,金至清,山西省榆社县,
386.0,6-0386-3-089,白玉宫,,金至清,山西省陵川县,
387.0,6-0387-3-090,二郎庙,,金至清,山西省高平市,
388.0,6-0388-3-091,真圣寺,,金至清,山西省太谷县,
389.0,6-0389-3-092,清源文庙,,金至清,山西省清徐县,
390.0,6-0390-3-093,南神头二仙庙,,金至清,山西省陵川县,
391.0,6-0391-3-094,寺润三教堂,,金,山西省陵川县,
392.0,6-0392-3-095,三圣瑞现塔,,金,山西省陵川县,
393.0,6-0393-3-096,回龙寺,,金,山西省平顺县,
394.0,6-0394-3-097,普照寺大殿,,金,山西省沁县,
395.0,6-0395-3-098,昭泽王庙,,金,山西省襄垣县,
396.0,6-0396-3-099,天王寺,,金,山西省长子县,
397.0,6-0397-3-100,不二寺,,金,山西省阳曲县,
398.0,6-0398-3-101,净土寺,,金,山西省应县,
399.0,6-0399-3-102,义居寺,,元至清,山西省临县,
400.0,6-0400-3-103,舜帝陵庙,,元至清,山西省运城市,
401.0,6-0401-3-104,崇圣寺,,元至清,山西省榆社县,
402.0,6-0402-3-105,崇安寺,,元至清,山西省陵川县,
403.0,6-0403-3-106,东羊后土庙,,元至清,山西省临汾市,
404.0,6-0404-3-107,府君庙,,元至清,山西省盂县,
405.0,6-0405-3-108,坡头泰山庙,,元至清,山西省盂县,
406.0,6-0406-3-109,懿济圣母庙,,元至清,山西省和顺县,
407.0,6-0407-3-110,清虚观,,元至清,山西省平遥县,
408.0,6-0408-3-111,汾阳五岳庙,,元至清,山西省汾阳市,
409.0,6-0409-3-112,清梦观,,元至清,山西省高平市,
410.0,6-0410-3-113,大阳汤帝庙,,元至清,山西省泽州县,
411.0,6-0411-3-114,霍州观音庙,,元至清,山西省霍州市,
412.0,6-0412-3-115,回銮寺,,元至清,山西省介休市,
413.0,6-0413-3-116,夏禹神祠,,元至清,山西省平顺县,
414.0,6-0414-3-117,金庄文庙,,元至清,山西省平遥县,
415.0,6-0415-3-118,乔沟头玉皇庙,,元至清,山西省新绛县,
416.0,6-0416-3-119,长治玉皇观,,元至清,山西省长治县,
417.0,6-0417-3-120,四圣宫,,元至清,山西省翼城县,
418.0,6-0418-3-121,真泽二仙宫,,元至清,山西省壶关县,
419.0,6-0419-3-122,普净寺,,元至清,山西省襄汾县,
420.0,6-0420-3-123,晋祠庙,,元至清,山西省灵石县,
421.0,6-0421-3-124,后稷庙,,元至明,山西省闻喜县,
422.0,6-0422-3-125,宝峰寺,,元至明,山西省屯留县,
423.0,6-0423-3-126,福田寺,,元至明,山西省寿阳县,
424.0,6-0424-3-127,王曲东岳庙,,元至民国,山西省临汾市,
425.0,6-0425-3-128,龙香关帝庙,,元至民国,山西省新绛县,
426.0,6-0426-3-129,介休东岳庙,,元至清,山西省介休市,
427.0,6-0427-3-130,新绛龙兴寺,,元至清,山西省新绛县,
428.0,6-0428-3-131,襄垣文庙,,元至清,山西省襄垣县,
429.0,6-0429-3-132,光化寺,,元至清,山西省太谷县,
430.0,6-0430-3-133,稷山稷王庙,,元至清,山西省稷山县,
431.0,6-0431-3-134,南撖东岳庙,,元至清,山西省翼城县,
432.0,6-0432-3-135,古中庙,,元至清,山西省高平市,
433.0,6-0433-3-136,景云宫玉皇殿,,元,山西省绛县,
434.0,6-0434-3-137,大洋泰山庙,,元,山西省夏县,
435.0,6-0435-3-138,二郎庙北殿,,元,山西省垣曲县,
436.0,6-0436-3-139,埝堆玉皇庙,,元,山西省垣曲县,
437.0,6-0437-3-140,昔阳崇教寺,,元,山西省昔阳县,
438.0,6-0438-3-141,左权文庙大成殿,,元,山西省左权县,
439.0,6-0439-3-142,寨里关帝庙献殿,,元,山西省运城市,
440.0,6-0440-3-143,郭村泰山庙大殿,,元,山西省运城市,
441.0,6-0441-3-144,利应侯庙,,元,山西省平遥县,
442.0,6-0442-3-145,灵石后土庙,,元,山西省灵石县,
443.0,6-0443-3-146,三官庙,,元,山西省新绛县,
444.0,6-0444-3-147,古垛后土庙,,元,山西省河津市,
445.0,6-0445-3-148,乔泽庙戏台,,元,山西省翼城县,
446.0,6-0446-3-149,善庆寺,,元,山西省临县,
447.0,6-0447-3-150,碛口古建筑群,,明至清,山西省临县,
448.0,6-0448-3-151,海会寺,,明至清,山西省阳城县,
449.0,6-0449-3-152,尧陵,,明至清,山西省临汾市,
450.0,6-0450-3-153,水神堂,,明至清,山西省广灵县,
451.0,6-0451-3-154,柳氏民居,,明至清,山西省沁水县,
452.0,6-0452-3-155,湘峪古堡,,明至清,山西省沁水县,
453.0,6-0453-3-156,郭壁村古建筑群,,明至清,山西省沁水县,
454.0,6-0454-3-157,窦庄古建筑群,,明至清,山西省沁水县,
455.0,6-0455-3-158,平遥清凉寺,,明至清,山西省平遥县,
456.0,6-0456-3-159,文峰塔,,明至清,山西省汾阳市,
457.0,6-0457-3-160,代县文庙,,明至清,山西省代县,
458.0,6-0458-3-161,公主寺,,明至清,山西省繁峙县,
459.0,6-0459-3-162,王家大院,,明至清,山西省灵石县,
460.0,6-0460-3-163,郭峪村古建筑群,,明至清,山西省阳城县,
461.0,6-0461-3-164,孟家沟龙泉寺,,明至清,山西省寿阳县,
462.0,6-0462-3-165,天贞观,,明至清,山西省吕梁市,
463.0,6-0463-3-166,曹家大院,,明至清,山西省太谷县,
464.0,6-0464-3-167,净信寺,,明至清,山西省太谷县,
465.0,6-0465-3-168,明秀寺,,明至清,山西省太原市,
466.0,6-0466-3-169,多福寺,,明至清,山西省太原市,
467.0,6-0467-3-170,永祚寺,,明至清,山西省太原市,
468.0,6-0468-3-171,万泉文庙,,明,山西省万荣县,
469.0,6-0469-3-172,董封戏台,,明,山西省绛县,
470.0,6-0470-3-173,云林寺,,明,山西省阳高县,
471.0,6-0471-3-174,砥洎城,,明,山西省阳城县,
472.0,6-0472-3-175,慈云寺,,明,山西省天镇县,
473.0,6-0473-3-176,广武城,,明,山西省山阴县,
474.0,6-0474-3-177,潞安府衙,,明,山西省长治市,
475.0,6-0475-3-178,渠家大院,,清,山西省祁县,
476.0,6-0476-3-179,杏花村汾酒作坊,,清,山西省汾阳市,
477.0,6-0477-3-180,秘密寺,,清,山西省繁峙县,
478.0,6-0478-3-181,铁佛寺,,清,山西省临汾市,
479.0,6-0479-3-182,常平关帝庙,,清,山西省运城市,
480.0,6-0480-3-183,中阳楼,,清,山西省孝义市,
481.0,6-0481-3-184,师家沟古建筑群,,清,山西省汾西县,
482.0,6-0482-3-185,娲皇庙,,清,山西省霍州市,
483.0,6-0483-3-186,平遥城隍庙,,清,山西省平遥县,
484.0,6-0484-3-187,日昇昌旧址,,清,山西省平遥县,
485.0,6-0485-3-188,太和岩牌楼,,清,山西省介休市,
486.0,6-0486-3-189,介休五岳庙,,清,山西省介休市,
487.0,6-0487-3-190,锦山龙泉寺,,明至民国,内蒙古自治区喀喇沁旗,
488.0,6-0488-3-191,大召,,明至清,内蒙古自治区呼和浩特市,
489.0,6-0489-3-192,绥远城墙和将军衙署,,清,内蒙古自治区呼和浩特市,
490.0,6-0490-3-193,贝子庙,,清,内蒙古自治区锡林浩特市,
491.0,6-0491-3-194,定远营,,清,内蒙古自治区阿拉善左旗,
492.0,6-0492-3-195,灵悦寺,,清,内蒙古自治区喀喇沁旗,
493.0,6-0493-3-196,诺尔古建筑群,,清,内蒙古自治区多伦县,
494.0,6-0494-3-197,库伦三大寺,,清,内蒙古自治区库伦旗,
495.0,6-0495-3-198,僧格林沁王府,,清,内蒙古自治区科尔沁左翼后旗,
496.0,6-0496-3-199,宝善寺,,清,内蒙古自治区阿鲁科尔沁旗,
497.0,6-0497-3-200,云接寺塔,,辽,辽宁省朝阳市,
498.0,6-0498-3-201,中前所城,,明至清,辽宁省绥中县,
499.0,6-0499-3-202,广宁城,,明,辽宁省北宁市,
500.0,6-0500-3-203,佑顺寺,,清,辽宁省朝阳市,
501.0,6-0501-3-204,圣水寺,,清,辽宁省葫芦岛市,
502.0,6-0502-3-205,吉林文庙,,清,吉林省吉林市,
503.0,6-0503-3-206,牡丹江边墙,,唐至金,黑龙江省牡丹江市、宁安市,
504.0,6-0504-3-207,卜奎清真寺,,清,黑龙江省齐齐哈尔市,
505.0,6-0505-3-208,龙华塔,,宋,上海市徐汇区,
506.0,6-0506-3-209,洪泽湖大堤,,汉至清,江苏省淮安市、洪泽县,
507.0,6-0507-3-210,泰伯庙和墓,,明至清,江苏省无锡市,
508.0,6-0508-3-211,沧浪亭,,元至清,江苏省苏州市,
509.0,6-0509-3-212,惠山镇祠堂,,南北朝至民国,江苏省无锡市,
510.0,6-0510-3-213,南通天宁寺,,宋,江苏省南通市,
511.0,6-0511-3-214,崇教兴福寺塔,,宋,江苏省常熟市,
512.0,6-0512-3-215,海清寺塔,,宋,江苏省连云港市,
513.0,6-0513-3-216,紫金庵罗汉塑像,,宋至明,江苏省苏州市,
514.0,6-0514-3-217,报恩寺塔,,宋至清,江苏省苏州市,
515.0,6-0515-3-218,太仓石拱桥,,元,江苏省太仓市,
516.0,6-0516-3-219,盘门,,元,江苏省苏州市,
517.0,6-0517-3-220,狮子林,,元,江苏省苏州市,
518.0,6-0518-3-221,轩辕宫正殿,,元,江苏省苏州市,
519.0,6-0519-3-222,寂鉴寺石殿,,元,江苏省苏州市,
520.0,6-0520-3-223,昭关石塔,,元,江苏省镇江市,
521.0,6-0521-3-224,户部山古建筑群,,明至民国,江苏省徐州市,
522.0,6-0522-3-225,瞻园,,明至清,江苏省南京市,
523.0,6-0523-3-226,泰州城隍庙,,明至清,江苏省泰州市,
524.0,6-0524-3-227,东林书院,,明至清,江苏省无锡市,
525.0,6-0525-3-228,昭嗣堂,,明至清,江苏省无锡市,
526.0,6-0526-3-229,赵用贤宅,,明,江苏省常熟市,
527.0,6-0527-3-230,张溥宅第,,明,江苏省太仓市,
528.0,6-0528-3-231,东山民居,,明,江苏省苏州市,
529.0,6-0529-3-232,艺圃,,明,江苏省苏州市,
530.0,6-0530-3-233,全晋会馆,,清,江苏省苏州市,
531.0,6-0531-3-234,淮安府衙,,清,江苏省淮安市,
532.0,6-0532-3-235,师俭堂,,清,江苏省苏州市,
533.0,6-0533-3-236,莲花桥和白塔,,清,江苏省扬州市,
534.0,6-0534-3-237,吴氏宅第,,清,江苏省扬州市,
535.0,6-0535-3-238,扬州大明寺,,清,江苏省扬州市,
536.0,6-0536-3-239,小盘谷,,清,江苏省扬州市,
537.0,6-0537-3-240,高邮当铺,,清,江苏省高邮市,
538.0,6-0538-3-241,甘熙宅第,,清,江苏省南京市,
539.0,6-0539-3-242,宁波天宁寺,,唐,浙江省宁波市,
540.0,6-0540-3-243,独松关和古驿道,,宋至清,浙江省安吉县,
541.0,6-0541-3-244,新河闸桥群,,宋至清,浙江省温岭市,
542.0,6-0542-3-245,松阳延庆寺塔,,宋,浙江省松阳县,
543.0,6-0543-3-246,寿昌桥,,宋,浙江省德清县,
544.0,6-0544-3-247,赤溪五洞桥,,宋,浙江省苍南县,
545.0,6-0545-3-248,阿育王寺,,元至清,浙江省宁波市,
546.0,6-0546-3-249,普陀山多宝塔,,元,浙江省舟山市,
547.0,6-0547-3-250,白云庄和黄宗羲、万斯同、全祖望墓,,明至民国,浙江省宁波市、余姚市、奉化市,
548.0,6-0548-3-251,芝堰村建筑群,,明至民国,浙江省兰溪市,
549.0,6-0549-3-252,芙蓉村古建筑群,,明至清,浙江省永嘉县,
550.0,6-0550-3-253,衢州城墙,,明至清,浙江省衢州市,
551.0,6-0551-3-254,安城城墙,,明至清,浙江省安吉县,
552.0,6-0552-3-255,圣井山石殿,,明至清,浙江省瑞安市,
553.0,6-0553-3-256,慈城古建筑群,,明至清,浙江省宁波市,
554.0,6-0554-3-257,天童寺,,明至清,浙江省宁波市,
555.0,6-0555-3-258,王守仁故居和墓,,明,浙江省余姚市、绍兴县,
556.0,6-0556-3-259,青藤书屋和徐渭墓,,明,浙江省绍兴市、绍兴县,
557.0,6-0557-3-260,宁海古戏台,,清至民国,浙江省宁海县,
558.0,6-0558-3-261,泰顺廊桥,,清,浙江省泰顺县,
559.0,6-0559-3-262,仕水矴步,,清,浙江省泰顺县,
560.0,6-0560-3-263,玉山古茶场,,清,浙江省磐安县,
561.0,6-0561-3-264,榉溪孔氏家庙,,清,浙江省磐安县,
562.0,6-0562-3-265,崇仁村建筑群,,清,浙江省嵊州市,
563.0,6-0563-3-266,三卿口制瓷作坊,,清,浙江省江山市,
564.0,6-0564-3-267,顺溪古建筑群,,清,浙江省平阳县,
565.0,6-0565-3-268,莫氏庄园,,清,浙江省平湖市,
566.0,6-0566-3-269,法雨寺,,清,浙江省舟山市,
567.0,6-0567-3-270,蒙城万佛塔,,宋,安徽省蒙城县,
568.0,6-0568-3-271,许村古建筑群,,明至民国,安徽省歙县,
569.0,6-0569-3-272,祁门古戏台,,明至清,安徽省祁门县,
570.0,6-0570-3-273,南屏村古建筑群,,明至清,安徽省黟县,
571.0,6-0571-3-274,江村古建筑群,,明至清,安徽省旌德县,
572.0,6-0572-3-275,振风塔,,明,安徽省安庆市,
573.0,6-0573-3-276,溪头三槐堂,,明,安徽省休宁县,
574.0,6-0574-3-277,郑氏宗祠,,明,安徽省歙县,
575.0,6-0575-3-278,竹山书院,,清,安徽省歙县,
576.0,6-0576-3-279,黄田村古建筑群,,清,安徽省泾县,
577.0,6-0577-3-280,世太史第,,清,安徽省安庆市,
578.0,6-0578-3-281,镇海堤,,唐至清,福建省莆田市,
579.0,6-0579-3-282,名山室,,宋至元,福建省永泰县,
580.0,6-0580-3-283,泉州港古建筑,,宋至元,福建省泉州市、石狮市,
581.0,6-0581-3-284,圣寿宝塔,,宋,福建省长乐市,
582.0,6-0582-3-285,无尘塔,,宋,福建省仙游县,
583.0,6-0583-3-286,三坊七巷和朱紫坊建筑群,,明至民国,福建省福州市,
584.0,6-0584-3-287,培田村古建筑群,,明至清,福建省连城县,
585.0,6-0585-3-288,南山宫,,明至清,福建省华安县,
586.0,6-0586-3-289,西陂天后宫,,明至清,福建省永定县,
587.0,6-0587-3-290,狮峰寺,,明至清,福建省福安市,
588.0,6-0588-3-291,漳州林氏宗祠,,明,福建省漳州市,
589.0,6-0589-3-292,漳浦文庙大成殿,,明,福建省漳浦县,
590.0,6-0590-3-293,宝严寺大殿,,明,福建省邵武市,
591.0,6-0591-3-294,陈埭丁氏宗祠,,明,福建省晋江市,
592.0,6-0592-3-295,正顺庙,,明,福建省三明市,
593.0,6-0593-3-296,闽东北廊桥,,清,福建省屏南县、寿宁县、柘荣县、古田县、武夷山市,
594.0,6-0594-3-297,安溪文庙,,清,福建省安溪县,
595.0,6-0595-3-298,德远堂,,清,福建省南靖县,
596.0,6-0596-3-299,施琅宅、祠和墓,,清,福建省晋江市、惠安县,
597.0,6-0597-3-300,妈祖庙,,清,福建省莆田市,
598.0,6-0598-3-301,林氏义庄,,清,福建省龙海市,
599.0,6-0599-3-302,福州文庙,,清,福建省福州市,
600.0,6-0600-3-303,建瓯东岳庙,,清,福建省建瓯市,
601.0,6-0601-3-304,真如寺塔林,,唐至元,江西省永修县,
602.0,6-0602-3-305,大宝光塔,,唐,江西省赣县,
603.0,6-0603-3-306,赣州佛塔,,宋,江西省赣州市、大余县、信丰县、安远县、石城县,
604.0,6-0604-3-307,鸣水桥,,宋,江西省樟树市,
605.0,6-0605-3-308,清华彩虹桥,,宋至清,江西省婺源县,
606.0,6-0606-3-309,袁州谯楼,,宋至清,江西省宜春市,
607.0,6-0607-3-310,鹅湖书院,,明至清,江西省铅山县,
608.0,6-0608-3-311,婺源宗祠,,明至清,江西省婺源县,
609.0,6-0609-3-312,理坑村民居,,明至清,江西省婺源县,
610.0,6-0610-3-313,梅关和古驿道,,明,江西省大余县,
611.0,6-0611-3-314,陈氏牌坊,,明,江西省进贤县,
612.0,6-0612-3-315,青云谱,,清,江西省南昌市,
613.0,6-0613-3-316,卞桥,,唐至金,山东省泗水县,
614.0,6-0614-3-317,隆兴寺铁塔,,宋,山东省聊城市,
615.0,6-0615-3-318,颜文姜祠,,元至清,山东省淄博市,
616.0,6-0616-3-319,泰山古建筑群,,明至清,山东省泰安市,
617.0,6-0617-3-320,曾庙,,明至清,山东省嘉祥县,
618.0,6-0618-3-321,尼山孔庙和书院,,明至清,山东省曲阜市,
619.0,6-0619-3-322,济宁东大寺,,明至清,山东省济宁市,
620.0,6-0620-3-323,蒲松龄故宅,,清,山东省淄博市,
621.0,6-0621-3-324,法行寺塔,,唐至宋,河南省汝州市,
622.0,6-0622-3-325,三苏祠和墓,,宋至清,河南省郏县,
623.0,6-0623-3-326,阎庄圣寿寺塔,,宋,河南省睢县,
624.0,6-0624-3-327,乾明寺塔,,宋,河南省鄢陵县,
625.0,6-0625-3-328,泗洲寺塔,,宋至明,河南省唐河县,
626.0,6-0626-3-329,尉氏兴国寺塔,,宋至明,河南省尉氏县,
627.0,6-0627-3-330,两程故里,,宋至明,河南省嵩县,
628.0,6-0628-3-331,商水寿圣寺塔,,宋至明,河南省商水县,
629.0,6-0629-3-332,鄂城寺,,宋至清,河南省南阳市,
630.0,6-0630-3-333,柴庄延庆寺塔,,宋,河南省济源市,
631.0,6-0631-3-334,胜果寺塔,,宋,河南省修武县,
632.0,6-0632-3-335,宝严寺塔,,宋,河南省西平县,
633.0,6-0633-3-336,崇法寺塔,,宋,河南省永城市,
634.0,6-0634-3-337,郏县文庙,,金至清,河南省郏县,
635.0,6-0635-3-338,百家岩寺塔,,金,河南省修武县,
636.0,6-0636-3-339,沁阳北大寺,,明至清,河南省沁阳市,
637.0,6-0637-3-340,叶县县衙,,明至清,河南省叶县,
638.0,6-0638-3-341,洛阳周公庙,,明至清,河南省洛阳市,
639.0,6-0639-3-342,关林,,明至清,河南省洛阳市,
640.0,6-0640-3-343,白云寺,,明至清,河南省辉县市,
641.0,6-0641-3-344,新郑轩辕庙,,明至清,河南省新郑市,
642.0,6-0642-3-345,千佛阁,,明至清,河南省武陟县,
643.0,6-0643-3-346,阳台宫,,明至清,河南省济源市,
644.0,6-0644-3-347,许昌文峰塔,,明,河南省许昌市,
645.0,6-0645-3-348,望京楼,,明,河南省卫辉市,
646.0,6-0646-3-349,仓房香严寺,,明,河南省淅川县,
647.0,6-0647-3-350,悟颖塔,,明,河南省汝南县,
648.0,6-0648-3-351,福胜寺塔,,明,河南省邓州市,
649.0,6-0649-3-352,河南府文庙,,明,河南省洛阳市,
650.0,6-0650-3-353,祖师庙,,明,河南省洛阳市,
651.0,6-0651-3-354,洛阳山陕会馆,,清,河南省洛阳市,
652.0,6-0652-3-355,汝州文庙,,清,河南省汝州市,
653.0,6-0653-3-356,朱仙镇清真寺,,清,河南省开封县,
654.0,6-0654-3-357,开封东大寺,,清,河南省开封市,
655.0,6-0655-3-358,陈元光祖祠,,清,河南省固始县,
656.0,6-0656-3-359,太康文庙,,清,河南省太康县,
657.0,6-0657-3-360,柏子塔,,唐,湖北省麻城市,
658.0,6-0658-3-361,五祖寺,,唐至清,湖北省黄梅县,
659.0,6-0659-3-362,鄂州观音阁,,元至清,湖北省鄂州市,
660.0,6-0660-3-363,鱼木寨,,明至清,湖北省利川市,
661.0,6-0661-3-364,荆州三观,,明至清,湖北省荆州市,
662.0,6-0662-3-365,荆州万寿宝塔,,明,湖北省荆州市,
663.0,6-0663-3-366,黄陵庙,,明,湖北省宜昌市,
664.0,6-0664-3-367,茨河承恩寺,,明,湖北省谷城县,
665.0,6-0665-3-368,钟祥文风塔,,明,湖北省钟祥市,
666.0,6-0666-3-369,武当山建筑群,,明,湖北省十堰市、丹江口市,
667.0,6-0667-3-370,凤凰山古建筑群,,清,湖北省秭归县,
668.0,6-0668-3-371,米公祠,,清,湖北省襄樊市,
669.0,6-0669-3-372,陡山吴氏祠,,清,湖北省红安县,
670.0,6-0670-3-373,上甘棠村古建筑群,,明至清,湖南省江永县,
671.0,6-0671-3-374,高椅村古建筑群,,明至清,湖南省会同县,
672.0,6-0672-3-375,桃花源古建筑群,,明至清,湖南省桃源县,
673.0,6-0673-3-376,南岳庙,,明至清,湖南省衡阳市,
674.0,6-0674-3-377,洪江古建筑群,,明至民国,湖南省怀化市,
675.0,6-0675-3-378,坪坦风雨桥,,清,湖南省通道侗族自治县,
676.0,6-0676-3-379,蔡侯祠,,清,湖南省耒阳市,
677.0,6-0677-3-380,余家牌坊,,清,湖南省澧县,
678.0,6-0678-3-381,凤凰古城堡,,清,湖南省凤凰县,
679.0,6-0679-3-382,慧光塔,,宋,广东省连州市,
680.0,6-0680-3-383,龟峰塔,,宋,广东省河源市,
681.0,6-0681-3-384,六榕寺塔,,宋,广东省广州市,
682.0,6-0682-3-385,广裕祠,,明至清,广东省从化市,
683.0,6-0683-3-386,南社村和塘尾村古建筑群,,明至清,广东省东莞市,
684.0,6-0684-3-387,韩文公祠,,明至清,广东省潮州市,
685.0,6-0685-3-388,道韵楼,,明,广东省饶平县,
686.0,6-0686-3-389,从熙公祠,,清,广东省潮安县,
687.0,6-0687-3-390,陈芳家宅,,清,广东省珠海市,
688.0,6-0688-3-391,江头村和长岗岭村古建筑群,,明至民国,广西壮族自治区灵川县,
689.0,6-0689-3-392,马殷庙,,明至清,广西壮族自治区富川瑶族自治县,
690.0,6-0690-3-393,燕窝楼,,明至清,广西壮族自治区全州县,
691.0,6-0691-3-394,恭城古建筑群,,明至清,广西壮族自治区恭城瑶族自治县,
692.0,6-0692-3-395,白帝城,,明至清,重庆市奉节县,
693.0,6-0693-3-396,湖广会馆,,清,重庆市渝中区,
694.0,6-0694-3-397,李业阙,,汉,四川省梓潼县,
695.0,6-0695-3-398,杨公阙,,汉至宋,四川省夹江县,
696.0,6-0696-3-399,玉台山石塔,,唐,四川省阆中市,
697.0,6-0697-3-400,丹巴古碉群,,唐至清,四川省丹巴县,
698.0,6-0698-3-401,彭州佛塔,,宋,四川省彭州市,
699.0,6-0699-3-402,无量宝塔,,宋,四川省南充市,
700.0,6-0700-3-403,圣德寺塔,,宋,四川省简阳市,
701.0,6-0701-3-404,淮口瑞光塔,,宋,四川省金堂县,
702.0,6-0702-3-405,鹫峰寺塔,,宋,四川省蓬溪县,
703.0,6-0703-3-406,广德寺,,宋至清,四川省遂宁市,
704.0,6-0704-3-407,平襄楼,,元,四川省芦山县,
705.0,6-0705-3-408,庐山青龙寺大殿,,元,四川省芦山县,
706.0,6-0706-3-409,措尔机寺,,元至清,四川省壤塘县,
707.0,6-0707-3-410,日斯满巴碉房,,元至明,四川省壤塘县,
708.0,6-0708-3-411,眉山報恩寺,,元至清,四川省眉山市,
709.0,6-0709-3-412,醴峰观,,元至民国,四川省南部县,
710.0,6-0710-3-413,木门寺,,明,四川省安岳县,
711.0,6-0711-3-414,旋螺殿,,明,四川省宜宾市,
712.0,6-0712-3-415,开善寺正殿,,明,四川省荥经县,
713.0,6-0713-3-416,宝梵寺,,明至清,四川省蓬溪县,
714.0,6-0714-3-417,犍为文庙,,明至清,四川省犍为县,
715.0,6-0715-3-418,松格嘛呢石经城和巴格嘛呢石经墙,,明至清,四川省石渠县,
716.0,6-0716-3-419,隘口石坊,,清,四川省珙县,
717.0,6-0717-3-420,望江楼古建筑群,,清,四川省成都市,
718.0,6-0718-3-421,洛带会馆,,清,四川省成都市,
719.0,6-0719-3-422,春秋祠,,清,四川省叙永县,
720.0,6-0720-3-423,波日桥,,清,四川省新龙县,
721.0,6-0721-3-424,庞统祠墓,,清,四川省罗江县,
722.0,6-0722-3-425,三苏祠,,清,四川省眉山市,
723.0,6-0723-3-426,开江牌坊,,清,四川省开江县,
724.0,6-0724-3-427,双堡牌坊,,清,四川省仁寿县,
725.0,6-0725-3-428,资中文庙和武庙,,清,四川省资中县,
726.0,6-0726-3-429,陈子昂读书台,,清,四川省射洪县,
727.0,6-0727-3-430,宝箴塞,,清至民国,四川省武胜县,
728.0,6-0728-3-431,织金古建筑群,,元至清,贵州省织金县,
729.0,6-0729-3-432,马头寨古建筑群,,元至清,贵州省开阳县,
730.0,6-0730-3-433,东山古建筑群,,明至清,贵州省铜仁市,
731.0,6-0731-3-434,阳明洞和阳明祠,,明至清,贵州省修文县、贵阳市,
732.0,6-0732-3-435,寨英村古建筑群,,明至清,贵州省松桃苗族自治县,
733.0,6-0733-3-436,思唐古建筑群,,明至清,贵州省思南县,
734.0,6-0734-3-437,飞云崖古建筑群,,明至清,贵州省黄平县,
735.0,6-0735-3-438,旧州古建筑群,,明至清,贵州省黄平县,
736.0,6-0736-3-439,文昌阁和甲秀楼,,明,贵州省贵阳市,
737.0,6-0737-3-440,葛镜桥,,明,贵州省福泉市,
738.0,6-0738-3-441,水目寺塔,,唐至明,云南省祥云县,
739.0,6-0739-3-442,惠光寺塔和常乐寺塔,,唐、清,云南省昆明市,
740.0,6-0740-3-443,佛图寺塔,,唐,云南省大理市,
741.0,6-0741-3-444,大姚白塔,,唐,云南省大姚县,
742.0,6-0742-3-445,曹溪寺,,明至清,云南省安宁市,
743.0,6-0743-3-446,秀山古建筑群,,元至民国,云南省通海县,
744.0,6-0744-3-447,指林寺大殿,,元至清,云南省建水县,
745.0,6-0745-3-448,宝山石头城,,元,云南省玉龙纳西族自治县,
746.0,6-0746-3-449,安宁文庙,,元至明,云南省安宁市,
747.0,6-0747-3-450,州城文庙和武庙,,明至清,云南省宾川县,
748.0,6-0748-3-451,真庆观古建筑群,,明至清,云南省昆明市,
749.0,6-0749-3-452,黑龙潭古建筑群,,明至清,云南省丽江市,
750.0,6-0750-3-453,龙华寺,,明至清,云南省姚安县,
751.0,6-0751-3-454,保山玉皇阁,,明,云南省保山市,
752.0,6-0752-3-455,朝阳楼,,明,云南省建水县,
753.0,6-0753-3-456,西门街古建筑群,,明,云南省剑川县,
754.0,6-0754-3-457,沙溪兴教寺,,明至民国,云南省剑川县,
755.0,6-0755-3-458,金龙桥,,清,云南省丽江市,
756.0,6-0756-3-459,孟连宣抚司署,,清,云南省孟连傣族拉祜族佤族自治县,
757.0,6-0757-3-460,曼短佛寺,,清,云南省勐海县,
758.0,6-0758-3-461,双龙桥,,清,云南省建水县,
759.0,6-0759-3-462,长春洞,,清,云南省巍山彝族回族自治县,
760.0,6-0760-3-463,寿国寺,,清,云南省维西傈僳族自治县,
761.0,6-0761-3-464,会泽会馆,,清,云南省会泽县,
762.0,6-0762-3-465,松卡石塔,,唐,西藏自治区扎囊县,
763.0,6-0763-3-466,聂塘卓玛拉康,,宋,西藏自治区曲水县,
764.0,6-0764-3-467,查杰玛大殿,,元至清,西藏自治区昌都地区,
765.0,6-0765-3-468,敏竹林寺,,明,西藏自治区扎囊县,
766.0,6-0766-3-469,平措林寺,,明,西藏自治区拉孜县,
767.0,6-0767-3-470,邦纳寺,,明,西藏自治区索县,
768.0,6-0768-3-471,康松桑卡林,,清,西藏自治区扎囊县,
769.0,6-0769-3-472,精进寺塔,,唐至宋,陕西省澄城县,
770.0,6-0770-3-473,长安圣寿寺塔,,唐,陕西省西安市,
771.0,6-0771-3-474,长安华严寺塔,,唐,陕西省西安市,
772.0,6-0772-3-475,百良寿圣寺塔,,唐,陕西省合阳县,
773.0,6-0773-3-476,昭慧塔,,唐,陕西省高陵县,
774.0,6-0774-3-477,开明寺塔,,唐,陕西省洋县,
775.0,6-0775-3-478,大秦寺塔,,宋,陕西省周至县,
776.0,6-0776-3-479,太平寺塔,,宋,陕西省岐山县,
777.0,6-0777-3-480,武陵寺塔,,宋,陕西省永寿县,
778.0,6-0778-3-481,神德寺塔,,宋,陕西省铜川市,
779.0,6-0779-3-482,法王庙,,宋至清,陕西省韩城市,
780.0,6-0780-3-483,北营庙,,元,陕西省韩城市,
781.0,6-0781-3-484,五门堰,,元,陕西省城固县,
782.0,6-0782-3-485,吴堡石城,,明至清,陕西省吴堡县,
783.0,6-0783-3-486,周公庙,,明至清,陕西省岐山县,
784.0,6-0784-3-487,榆林卫城,,明至清,陕西省榆林市,
785.0,6-0785-3-488,张良庙,,明至清,陕西省留坝县,
786.0,6-0786-3-489,扶风城隍庙,,明至清,陕西省扶风县,
787.0,6-0787-3-490,玉皇后土庙,,明至清,陕西省韩城市,
788.0,6-0788-3-491,玄武庙青石殿,,明,陕西省合阳县,
789.0,6-0789-3-492,庆安寺塔,,明,陕西省渭南市,
790.0,6-0790-3-493,咸阳文庙,,明,陕西省咸阳市,
791.0,6-0791-3-494,盘龙山古建筑群,,明,陕西省米脂县,
792.0,6-0792-3-495,姜氏庄园,,清,陕西省米脂县,
793.0,6-0793-3-496,丰图义仓,,清,陕西省大荔县,
794.0,6-0794-3-497,湘乐砖塔,,宋,甘肃省宁县,
795.0,6-0795-3-498,玉泉观,,元至清,甘肃省天水市,
796.0,6-0796-3-499,后街清真寺,,明至清,甘肃省天水市,
797.0,6-0797-3-500,红城感恩寺,,明至清,甘肃省永登县,
798.0,6-0798-3-501,秦安文庙,,明至清,甘肃省秦安县,
799.0,6-0799-3-502,张掖鼓楼,,明至清,甘肃省张掖市,
800.0,6-0800-3-503,西来寺,,明至清,甘肃省张掖市,
801.0,6-0801-3-504,罗川赵氏石坊,,明,甘肃省正宁县,
802.0,6-0802-3-505,永昌钟鼓楼,,明,甘肃省永昌县,
803.0,6-0803-3-506,延恩寺塔,,明,甘肃省平凉市,
804.0,6-0804-3-507,张掖会馆,,清,甘肃省张掖市,
805.0,6-0805-3-508,格萨尔三十大将军灵塔和达那寺,,宋、元,青海省囊谦县,
806.0,6-0806-3-509,却藏寺,,清,青海省互助土族自治县,
807.0,6-0807-3-510,承天寺塔,,清,宁夏回族自治区银川市,
808.0,6-0808-3-511,董府,,清,宁夏回族自治区吴忠市,
809.0,6-0809-3-512,靖远寺,,明,新疆维吾尔自治区察布查尔锡伯自治县,
810.0,6-0810-3-513,京杭大运河,,春秋至清,北京市、天津市、河北省、山东省、江苏省、浙江省,
703.0,7-0703-3-001,良乡多宝佛塔,,辽,北京市房山区,
704.0,7-0704-3-002,镇岗塔,,金,北京市丰台区,
705.0,7-0705-3-003,灵岳寺,,元至清,北京市门头沟区,
706.0,7-0706-3-004,万松老人塔,,元、清,北京市西城区,
707.0,7-0707-3-005,明北京城城墙遗存,,明,北京市东城区、西城区,
708.0,7-0708-3-006,姚广孝墓塔,,明,北京市房山区,
709.0,7-0709-3-007,摩诃庵,,明,北京市海淀区,
710.0,7-0710-3-008,琉璃河大桥,,明,北京市房山区,
711.0,7-0711-3-009,慈寿寺塔,,明,北京市海淀区,
712.0,7-0712-3-010,文天祥祠,,明至清,北京市东城区,
713.0,7-0713-3-011,普度寺,,清,北京市东城区,
714.0,7-0714-3-012,克勤郡王府,,清,北京市西城区,
715.0,7-0715-3-013,蓟县白塔,,辽至清,天津市蓟县,
716.0,7-0716-3-014,天后宫,,明至清,天津市南开区,
717.0,7-0717-3-015,天尊阁,,清,天津市宁河县,
718.0,7-0718-3-016,李纯祠堂,,清至民国,天津市南开区,
719.0,7-0719-3-017,张家口堡,,汉、魏晋南北朝、唐、明、清,河北省张家口市桥西区,
720.0,7-0720-3-018,南贾乡石塔,,唐,河北省邢台市邢台县,
721.0,7-0721-3-019,佛真猞猁迤逻尼塔,,辽,河北省张家口市宣化县,
722.0,7-0722-3-020,大辛阁石塔,,辽,河北省廊坊市永清县,
723.0,7-0723-3-021,永安寺塔,,辽,河北省保定市涿州市,
724.0,7-0724-3-022,伍侯塔,,辽,河北省保定市顺平县,
725.0,7-0725-3-023,澍鹫寺塔,,金至元,河北省张家口市阳原县,
726.0,7-0726-3-024,玉泉寺大殿,,金至元,河北省邯郸市涉县,
727.0,7-0727-3-025,开化寺塔,,金至明,河北省石家庄市元氏县,
728.0,7-0728-3-026,双塔庵双塔,,金至明,河北省保定市易县,
729.0,7-0729-3-027,皇甫寺塔,,金至明,河北省保定市涞水县,
730.0,7-0730-3-028,半截塔,,元,河北省承德市围场满族蒙古族自治县,
731.0,7-0731-3-029,金山寺舍利塔,,元,河北省保定市涞水县,
732.0,7-0732-3-030,天宁寺前殿,,元,河北省邢台市桥东区,
733.0,7-0733-3-031,常乐龙王庙正殿,,元,河北省邯郸市涉县,
734.0,7-0734-3-032,平乡文庙大成殿,,元至明,河北省邢台市平乡县,
735.0,7-0735-3-033,金河寺悬空庵塔群,,元至明,河北省张家口市蔚县,
736.0,7-0736-3-034,定州清真寺,,元至清,河北省保定市定州市,
737.0,7-0737-3-035,九江圣母庙,,元至清,河北省邯郸市武安市,
738.0,7-0738-3-036,灵寿石牌坊,,明,河北省石家庄市灵寿县,
739.0,7-0739-3-037,蔚县关帝庙,,明,河北省张家口市蔚县,
740.0,7-0740-3-038,天齐庙,,明,河北省张家口市蔚县,
741.0,7-0741-3-039,蔚州古城墙,,明,河北省张家口市蔚县,
742.0,7-0742-3-040,故城寺,,明,河北省张家口市蔚县,
743.0,7-0743-3-041,重光塔,,明,河北省张家口市赤城县,
744.0,7-0744-3-042,永平府城墙,,明,河北省秦皇岛市卢龙县,
745.0,7-0745-3-043,下胡良桥,,明,河北省保定市涿州市,
746.0,7-0746-3-044,普彤塔,,明,河北省邢台市南宫市,
747.0,7-0747-3-045,滏阳河西八闸,,明,河北省邯郸市永年县,
748.0,7-0748-3-046,天青寺大殿,,明,河北省邯郸市武安市,
749.0,7-0749-3-047,保定钟楼,,明,河北省保定市南市区,
750.0,7-0750-3-048,正定城墙,,明,河北省石家庄市正定县,
751.0,7-0751-3-049,宣化柏林寺,,明至清,河北省张家口市宣化县,
752.0,7-0752-3-050,卜北堡玉泉寺,,明至清,河北省张家口市蔚县,
753.0,7-0753-3-051,方顺桥,,明至清,河北省保定市满城县,
754.0,7-0754-3-052,登瀛桥,,明至清,河北省沧州市沧县,
755.0,7-0755-3-053,洗马林城墙,,明至清,河北省张家口市万全县,
756.0,7-0756-3-054,黄粱梦吕仙祠,,明至清,河北省邯郸市邯郸县,
757.0,7-0757-3-055,井陉旧城城墙,,明至清,河北省石家庄市井陉县,
758.0,7-0758-3-056,沙子坡老君观,,明至清,河北省张家口市蔚县,
759.0,7-0759-3-057,蔚县重泰寺,,明至清,河北省张家口市蔚县,
760.0,7-0760-3-058,定州文庙,,清,河北省保定市定州市,
761.0,7-0761-3-059,衡水安济桥,,清,河北省衡水市桃城区,
762.0,7-0762-3-060,凤山关帝庙,,清,河北省承德市丰宁满族自治县,
763.0,7-0763-3-061,淮军公所,,清,河北省保定市南市区,
764.0,7-0764-3-062,清河道署,,清,河北省保定市南市区,
765.0,7-0765-3-063,深州盈亿义仓,,清,河北省衡水市深州市,
766.0,7-0766-3-064,郎寨砖塔,,唐,山西省临汾市安泽县,
767.0,7-0767-3-065,先师和尚舍利塔,,唐,山西省长治市屯留县,
768.0,7-0768-3-066,小张碧云寺大殿,,宋,山西省长治市长子县,
769.0,7-0769-3-067,北阳城砖塔,,宋,山西省运城市稷山县,
770.0,7-0770-3-068,巷口寿圣寺砖塔,,宋,山西省运城市芮城县,
771.0,7-0771-3-069,闾原头永兴寺塔,,宋,山西省运城市临猗县,
772.0,7-0772-3-070,张村圣庵寺塔,,宋,山西省运城市临猗县,
773.0,7-0773-3-071,万荣稷王山塔,,宋,山西省运城市万荣县,
774.0,7-0774-3-072,中里庄八龙寺塔,,宋,山西省运城市万荣县,
775.0,7-0775-3-073,万荣旱泉塔,,宋,山西省运城市万荣县,
776.0,7-0776-3-074,南阳村寿圣寺塔,,宋,山西省运城市万荣县,
777.0,7-0777-3-075,运城太平兴国寺塔,,宋,山西省运城市盐湖区,
778.0,7-0778-3-076,河底成汤庙,,宋至清,山西省晋城市泽州县,
779.0,7-0779-3-077,布村玉皇庙,,宋至清,山西省长治市长子县,
780.0,7-0780-3-078,高都景德寺,,宋至清,山西省晋城市泽州县,
781.0,7-0781-3-079,大周村古寺庙建筑群,,宋至清,山西省晋城市高平市,
782.0,7-0782-3-080,上贤梵安寺塔,,宋、明,山西省吕梁市文水县,
783.0,7-0783-3-081,冠山天宁寺双塔,,宋、明至清,山西省阳泉市平定县,
784.0,7-0784-3-082,韩坊尧王庙大殿,,金,山西省长治市长子县,
785.0,7-0785-3-083,长子崔府君庙大殿,,金,山西省长治市长子县,
786.0,7-0786-3-084,麻衣寺砖塔,,金,山西省临汾市安泽县,
787.0,7-0787-3-085,灵光寺琉璃塔,,金,山西省临汾市襄汾县,
788.0,7-0788-3-086,浑源圆觉寺塔,,金,山西省大同市浑源县,
789.0,7-0789-3-087,繁峙正觉寺大雄宝殿,,金,山西省忻州市繁峙县,
790.0,7-0790-3-088,襄垣永惠桥,,金,山西省长治市襄垣县,
791.0,7-0791-3-089,高平嘉祥寺,,金至清,山西省晋城市高平市,
792.0,7-0792-3-090,尹西东岳庙,,金至清,山西省晋城市泽州县,
793.0,7-0793-3-091,西顿济渎庙,,金至清,山西省晋城市泽州县,
794.0,7-0794-3-092,李庄文庙,,金至民国,山西省长治市潞城市,
795.0,7-0795-3-093,义合三教堂,,金至民国,山西省长治市长子县,
796.0,7-0796-3-094,下霍护国灵贶王庙,,金、清,山西省长治市长子县,
797.0,7-0797-3-095,北马玉皇庙,,金、清,山西省晋城市陵川县,
798.0,7-0798-3-096,宋村永兴寺,,金、清,山西省运城市垣曲县,
799.0,7-0799-3-097,三王村三嵕庙,,金、清,山西省晋城市高平市,
800.0,7-0800-3-098,坛岭头岱庙,,金、清,山西省晋城市泽州县,
801.0,7-0801-3-099,苇则寿圣寺,,元,山西省晋中市左权县,
802.0,7-0802-3-100,寺坪普照寺大殿,,元,山西省晋中市左权县,
803.0,7-0803-3-101,帖木儿塔,,元,山西省太原市阳曲县,
804.0,7-0804-3-102,前万户汤王庙,,元,山西省长治市长子县,
805.0,7-0805-3-103,庄头天仙庙,,元,山西省长治市壶关县,
806.0,7-0806-3-104,东许三清庙献殿,,元,山西省临汾市曲沃县,
807.0,7-0807-3-105,襄陵文庙大成殿,,元,山西省临汾市襄汾县,
808.0,7-0808-3-106,大同关帝庙大殿,,元,山西省大同市城区,
809.0,7-0809-3-107,中漳伏羲庙,,元、明,山西省长治市长子县,
810.0,7-0810-3-108,襄垣昭泽王庙,,元、明,山西省长治市襄垣县,
811.0,7-0811-3-109,长宁大庙,,元至清,山西省长治市黎城县,
812.0,7-0812-3-110,南涅水洪教院,,元至清,山西省长治市沁县,
813.0,7-0813-3-111,良户玉虚观,,元至清,山西省晋城市高平市,
814.0,7-0814-3-112,南庄玉皇庙,,元至清,山西省晋城市高平市,
815.0,7-0815-3-113,川底佛堂,,元至清,山西省晋城市泽州县,
816.0,7-0816-3-114,马厂崇教寺,,元至清,山西省长治市郊区,
817.0,7-0817-3-115,长春观,,元至清,山西省运城市绛县,
818.0,7-0818-3-116,南林交龙泉寺,,元至清,山西省临汾市曲沃县,
819.0,7-0819-3-117,武乡真如寺,,元至清,山西省长治市武乡县,
820.0,7-0820-3-118,襄垣五龙庙,,元至清,山西省长治市襄垣县,
821.0,7-0821-3-119,董峰万寿宫,,元至清,山西省晋城市高平市,
822.0,7-0822-3-120,建南济渎庙,,元至清,山西省晋城市高平市,
823.0,7-0823-3-121,史村东岳庙,,元至清,山西省晋城市泽州县,
824.0,7-0824-3-122,河津台头庙,,元至清,山西省运城市河津市,
825.0,7-0825-3-123,南柳泰山庙,,元至清,山西省运城市绛县,
826.0,7-0826-3-124,律吕神祠,,元至清,山西省大同市浑源县,
827.0,7-0827-3-125,南召文庙,,元至清,山西省晋城市陵川县,
828.0,7-0828-3-126,水东崔府君庙,,元至清,山西省晋城市泽州县,
829.0,7-0829-3-127,薛庄玉皇庙,,元至清,山西省晋城市泽州县,
830.0,7-0830-3-128,辛村天齐王庙,,元、明至清,山西省长治市黎城县,
831.0,7-0831-3-129,上冯圣母庙,,元、明至清,山西省运城市夏县,
832.0,7-0832-3-130,南阳法王庙,,元、明至清,山西省运城市稷山县,
833.0,7-0833-3-131,洪洞关帝庙,,元、明至清,山西省临汾市洪洞县,
834.0,7-0834-3-132,柏草坡龙天土地庙,,元至民国,山西省吕梁市汾阳市,
835.0,7-0835-3-133,孝义三皇庙,,元至民国,山西省吕梁市孝义市,
836.0,7-0836-3-134,大中汉三嵕庙,,元、清,山西省长治市长子县,
837.0,7-0837-3-135,孝义天齐庙,,元、清,山西省吕梁市孝义市,
838.0,7-0838-3-136,北和炎帝庙,,元、清,山西省长治市长治县,
839.0,7-0839-3-137,北社三嵕庙,,元、清,山西省长治市平顺县,
840.0,7-0840-3-138,北社大禹庙,,元、清,山西省长治市平顺县,
841.0,7-0841-3-139,北甘泉圣母庙,,元、清,山西省长治市平顺县,
842.0,7-0842-3-140,李庄武庙,,元、清,山西省长治市潞城市,
843.0,7-0843-3-141,石末宣圣庙,,元、清,山西省晋城市高平市,
844.0,7-0844-3-142,关村炎帝庙,,元、清至民国,山西省长治市郊区,
845.0,7-0845-3-143,夏县文庙大成殿,,明,山西省运城市夏县,
846.0,7-0846-3-144,永和文庙大成殿,,明,山西省临汾市永和县,
847.0,7-0847-3-145,泉掌关帝庙,,明,山西省运城市新绛县,
848.0,7-0848-3-146,阳曲大王庙大殿,,明,山西省太原市阳曲县,
849.0,7-0849-3-147,隰县鼓楼,,明,山西省临汾市隰县,
850.0,7-0850-3-148,交城玄中寺,,明至清,山西省吕梁市交城县,
851.0,7-0851-3-149,原平惠济寺,,明至清,山西省忻州市原平市,
852.0,7-0852-3-150,石室蓬莱宫,,明至清,山西省长治市屯留县,
853.0,7-0853-3-151,洪洞商山庙,,明至清,山西省临汾市洪洞县,
854.0,7-0854-3-152,绛县文庙,,明至清,山西省运城市绛县,
855.0,7-0855-3-153,襄垣慈胜寺,,明至清,山西省晋中市平遥县,
856.0,7-0856-3-154,后土圣母庙,,明至清,山西省吕梁市石楼县,
857.0,7-0857-3-155,薛瑄家庙及墓地,,明至清,山西省运城市万荣县,
858.0,7-0858-3-156,介休城隍庙,,明至清,山西省晋中市介休市,
859.0,7-0859-3-157,新村妙觉寺,,明至清,山西省晋中市太谷县,
860.0,7-0860-3-158,范村圆智寺,,明至清,山西省晋中市太谷县,
861.0,7-0861-3-159,太原大关帝庙,,明至清,山西省太原市迎泽区,
862.0,7-0862-3-160,太原清真寺,,明至清,山西省太原市迎泽区,
863.0,7-0863-3-161,太原纯阳宫,,明至清,山西省太原市迎泽区,
864.0,7-0864-3-162,前斧柯悬泉寺,,明至清,山西省太原市阳曲县,
865.0,7-0865-3-163,藏山祠,,明至清,山西省阳泉市盂县,
866.0,7-0866-3-164,灵空山圣寿寺,,明至清,山西省长治市沁源县,
867.0,7-0867-3-165,西青北大禹庙,,明至清,山西省长治市平顺县,
868.0,7-0868-3-166,陈廷敬故居,,明至清,山西省晋城市阳城县,
869.0,7-0869-3-167,运城关王庙,,明至清,山西省运城市盐湖区,
870.0,7-0870-3-168,池神庙及盐池禁墙,,明至清,山西省运城市盐湖区,
871.0,7-0871-3-169,仙翁庙,,明至清,山西省晋城市高平市,
872.0,7-0872-3-170,干坑南神庙,,明至清,山西省晋中市平遥县,
873.0,7-0873-3-171,黎城城隍庙,,明至清,山西省长治市黎城县,
874.0,7-0874-3-172,罗睺寺,,明至清,山西省忻州市五台县,
875.0,7-0875-3-173,辛庄开化寺,,明至清,山西省太原市阳曲县,
876.0,7-0876-3-174,浑源文庙,,明至清,山西省大同市浑源县,
877.0,7-0877-3-175,太山龙泉寺,,明至清,山西省太原市晋源区,
878.0,7-0878-3-176,坪上汤帝庙,,明至清,山西省晋城市泽州县,
879.0,7-0879-3-177,静升文庙,,明至清,山西省晋中市灵石县,
880.0,7-0880-3-178,云峰寺石佛殿,,明至清,山西省晋中市介休市,
881.0,7-0881-3-179,北依涧永福寺过殿,,明至清,山西省晋中市平遥县,
882.0,7-0882-3-180,崇善寺大悲殿,,明至清,山西省太原市迎泽区,
883.0,7-0883-3-181,唱经楼,,明至清,山西省太原市杏花岭区,
884.0,7-0884-3-182,晋源阿育王塔,,明至清,山西省太原市晋源区,
885.0,7-0885-3-183,晋源文庙,,明至清,山西省太原市晋源区,
886.0,7-0886-3-184,清徐尧庙,,明至清,山西省太原市清徐县,
887.0,7-0887-3-185,绛州文庙,,明至清,山西省运城市新绛县,
888.0,7-0888-3-186,北池稷王庙,,明至清,山西省运城市新绛县,
889.0,7-0889-3-187,玄帝庙,,明至清,山西省运城市河津市,
890.0,7-0890-3-188,石四牌坊和木四牌坊,,明至清,山西省临汾市翼城县,
891.0,7-0891-3-189,樊店关帝庙,,明至清,山西省临汾市翼城县,
892.0,7-0892-3-190,孝义慈胜寺,,明至清,山西省吕梁市孝义市,
893.0,7-0893-3-191,净石宫,,明至民国,山西省临汾市洪洞县,
894.0,7-0894-3-192,梁家滩白云寺,,明至民国,山西省晋中市平遥县,
895.0,7-0895-3-193,玉虚宫下院,,清,山西省吕梁市柳林县,
896.0,7-0896-3-194,古交千佛寺,,清,山西省太原市古交市,
897.0,7-0897-3-195,太原文庙,,清,山西省太原市迎泽区,
898.0,7-0898-3-196,平遥惠济桥,,清,山西省晋中市平遥县,
899.0,7-0899-3-197,雷履泰旧居,,清,山西省晋中市平遥县,
900.0,7-0900-3-198,平遥市楼,,清,山西省晋中市平遥县,
901.0,7-0901-3-199,南樊石牌坊及碑亭,,清,山西省运城市绛县,
902.0,7-0902-3-200,乔寺碑楼,,清,山西省运城市绛县,
903.0,7-0903-3-201,郭家庄仇氏石牌坊及碑亭,,清,山西省运城市闻喜县,
904.0,7-0904-3-202,府城关帝庙,,清,山西省晋城市泽州县,
905.0,7-0905-3-203,冠山书院,,清,山西省阳泉市平定县,
906.0,7-0906-3-204,大同观音堂,,清,山西省大同市南郊区,
907.0,7-0907-3-205,介休源神庙,,清,山西省晋中市介休市,
908.0,7-0908-3-206,南政隆福寺,,清,山西省晋中市平遥县,
909.0,7-0909-3-207,闫景李家大院,,清至民国,山西省运城市万荣县,
910.0,7-0910-3-208,准格尔召,,明,内蒙古自治区鄂尔多斯市准格尔旗,
911.0,7-0911-3-209,乌素图召,,清,内蒙古自治区呼和浩特市回民区,
912.0,7-0912-3-210,席力图召及家庙,,清,内蒙古自治区呼和浩特市玉泉区,
913.0,7-0913-3-211,奈曼蒙古王府,,清,内蒙古自治区通辽市奈曼旗,
914.0,7-0914-3-212,寿因寺大殿,,清,内蒙古自治区通辽市库伦旗,
915.0,7-0915-3-213,梵宗寺,,清,内蒙古自治区赤峰市翁牛特旗,
916.0,7-0916-3-214,荟福寺,,清,内蒙古自治区赤峰市巴林右旗,
917.0,7-0917-3-215,法轮寺,,清,内蒙古自治区赤峰市宁城县,
918.0,7-0918-3-216,赤峰清真北大寺,,清,内蒙古自治区赤峰市红山区,
919.0,7-0919-3-217,四子王旗王府,,清,内蒙古自治区乌兰察布市四子王旗,
920.0,7-0920-3-218,巴丹吉林庙,,清,内蒙古自治区阿拉善盟阿拉善右旗,
921.0,7-0921-3-219,沙日特莫图庙,,清,内蒙古自治区鄂尔多斯市杭锦旗,
922.0,7-0922-3-220,呼和浩特清真大寺,,清至民国,内蒙古自治区呼和浩特市回民区,
923.0,7-0923-3-221,八棱观塔,,辽,辽宁省朝阳市龙城区,
924.0,7-0924-3-222,白塔峪塔,,辽,辽宁省葫芦岛市兴城市,
925.0,7-0925-3-223,班吉塔,,辽,辽宁省锦州市凌海市,
926.0,7-0926-3-224,东平房塔,,辽,辽宁省朝阳市龙城区,
927.0,7-0927-3-225,东塔山塔,,辽,辽宁省阜新市阜新蒙古族自治县,
928.0,7-0928-3-226,广胜寺塔,,辽,辽宁省锦州市义县,
929.0,7-0929-3-227,黄花滩塔,,辽,辽宁省朝阳市龙城区,
930.0,7-0930-3-228,金塔,,辽,辽宁省鞍山市海城市,
931.0,7-0931-3-229,磨石沟塔,,辽,辽宁省葫芦岛市兴城市,
932.0,7-0932-3-230,青峰塔,,辽,辽宁省朝阳市朝阳县,
933.0,7-0933-3-231,双塔寺双塔,,辽,辽宁省朝阳市朝阳县,
934.0,7-0934-3-232,塔营子塔,,辽,辽宁省阜新市阜新蒙古族自治县,
935.0,7-0935-3-233,无垢净光舍利塔,,辽,辽宁省沈阳市皇姑区,
936.0,7-0936-3-234,妙峰寺双塔,,辽,辽宁省葫芦岛市绥中县,
937.0,7-0937-3-235,银塔,,辽至明,辽宁省鞍山市海城市,
938.0,7-0938-3-236,沙锅屯石塔,,金,辽宁省葫芦岛市南票区,
939.0,7-0939-3-237,千山古建筑群,,明至清,辽宁省鞍山市千山区,
940.0,7-0940-3-238,银冈书院,,清,辽宁省铁岭市银州区,
941.0,7-0941-3-239,农安辽塔,,辽,吉林省长春市农安县,
942.0,7-0942-3-240,延吉边务督办公署旧址,,清,吉林省延边朝鲜族自治州延吉市,
943.0,7-0943-3-241,乌拉街清代建筑群,,清,吉林省吉林市龙潭区,
944.0,7-0944-3-242,阿城清真寺,,清,黑龙江省哈尔滨市阿城区,
945.0,7-0945-3-243,嘉定孔庙,,明至清,上海市嘉定区,
946.0,7-0946-3-244,海春轩塔,,唐,江苏省盐城市东台市,
947.0,7-0947-3-245,文通塔,,宋,江苏省淮安市淮安区,
948.0,7-0948-3-246,甲辰巷砖塔,,宋,江苏省苏州市姑苏区,
949.0,7-0949-3-247,思本桥,,宋,江苏省苏州市吴江区,
950.0,7-0950-3-248,东庙桥,,宋,江苏省苏州市吴江区,
951.0,7-0951-3-249,月塔,,宋,江苏省淮安市涟水县,
952.0,7-0952-3-250,聚沙塔,,宋,江苏省苏州市常熟市,
953.0,7-0953-3-251,兴国寺塔,,宋、明,江苏省无锡市江阴市,
954.0,7-0954-3-252,甘露寺铁塔,,宋、明,江苏省镇江市京口区,
955.0,7-0955-3-253,万佛石塔,,元,江苏省苏州市虎丘区,
956.0,7-0956-3-254,七桥瓮,,明,江苏省南京市秦淮区,
957.0,7-0957-3-255,蒲塘桥,,明,江苏省南京市溧水区,
958.0,7-0958-3-256,开元寺无梁殿,,明,江苏省苏州市姑苏区,
959.0,7-0959-3-257,玉燕堂,,明,江苏省苏州市昆山市,
960.0,7-0960-3-258,秦峰塔,,明,江苏省苏州市昆山市,
961.0,7-0961-3-259,慈云寺塔,,明,江苏省苏州市吴江区,
962.0,7-0962-3-260,广教禅寺,,明至清,江苏省南通市崇川区,
963.0,7-0963-3-261,周王庙及碑刻,,明至清,江苏省无锡市宜兴市,
964.0,7-0964-3-262,日涉园,,明至民国,江苏省泰州市海陵区,
965.0,7-0965-3-263,隆昌寺,,明至民国,江苏省镇江市句容市,
966.0,7-0966-3-264,浏河天妃宫遗迹,,清,江苏省苏州市太仓市,
967.0,7-0967-3-265,朝天宫,,清,江苏省南京市秦淮区,
968.0,7-0968-3-266,近园,,清,江苏省常州市天宁区,
969.0,7-0969-3-267,杨柳村古建筑群,,清,江苏省南京市江宁区,
970.0,7-0970-3-268,苏州织造署旧址,,清,江苏省苏州市姑苏区,
971.0,7-0971-3-269,卫道观前潘宅,,清,江苏省苏州市姑苏区,
972.0,7-0972-3-270,杨氏宅第,,清,江苏省苏州市张家港市,
973.0,7-0973-3-271,燕园,,清,江苏省苏州市常熟市,
974.0,7-0974-3-272,敬业堂,,清,江苏省苏州市昆山市,
975.0,7-0975-3-273,先蚕祠,,清,江苏省苏州市吴江区,
976.0,7-0976-3-274,耕乐堂,,清,江苏省苏州市吴江区,
977.0,7-0977-3-275,学政试院,,清,江苏省泰州市海陵区,
978.0,7-0978-3-276,适园,,清,江苏省无锡市江阴市,
979.0,7-0979-3-277,史可法墓祠,,清,江苏省扬州市邗江区,
980.0,7-0980-3-278,汪氏盐商住宅,,清,江苏省扬州市广陵区,
981.0,7-0981-3-279,贾氏盐商住宅,,清,江苏省扬州市广陵区,
982.0,7-0982-3-280,卢氏盐商住宅,,清,江苏省扬州市广陵区,
983.0,7-0983-3-281,逸圃,,清,江苏省扬州市广陵区,
984.0,7-0984-3-282,扬州重宁寺,,清,江苏省扬州市邗江区,
985.0,7-0985-3-283,如皋公立简易师范学堂旧址,,1903年,江苏省南通市如皋市,
986.0,7-0986-3-284,上池斋药店,,清至民国,江苏省泰州市兴化市,
987.0,7-0987-3-285,汪氏小苑,,清至民国,江苏省扬州市广陵区,
988.0,7-0988-3-286,瑞隆感应塔,,五代,浙江省台州市黄岩区,
989.0,7-0989-3-287,灵隐寺石塔和经幢,,五代、北宋,浙江省杭州市西湖区,
990.0,7-0990-3-288,保俶塔,,五代、明、民国,浙江省杭州市西湖区,
991.0,7-0991-3-289,二灵塔,,宋,浙江省宁波市鄞州区,
992.0,7-0992-3-290,国安寺塔,,宋,浙江省温州市龙湾区,
993.0,7-0993-3-291,观音寺石塔,,宋,浙江省温州市瑞安市,
994.0,7-0994-3-292,护法寺桥和塔,,宋,浙江省温州市苍南县,
995.0,7-0995-3-293,东化成寺塔,,宋,浙江省绍兴市诸暨市,
996.0,7-0996-3-294,龙德寺塔,,宋,浙江省金华市浦江县,
997.0,7-0997-3-295,南峰塔和福印山塔,,宋,浙江省台州市仙居县,
998.0,7-0998-3-296,乐清东塔,,宋,浙江省温州市乐清市,
999.0,7-0999-3-297,八卦桥和河西桥,,宋,浙江省温州市瑞安市,
1000.0,7-1000-3-298,栖真寺五佛塔,,宋,浙江省温州市平阳县,
1001.0,7-1001-3-299,西山桥,,南宋,浙江省杭州市建德市,
1002.0,7-1002-3-300,真如寺石塔,,元,浙江省温州市乐清市,
1003.0,7-1003-3-301,普庆寺石塔,,元,浙江省杭州市临安市,
1004.0,7-1004-3-302,千佛塔,,元,浙江省台州市临海市,
1005.0,7-1005-3-303,金昭牌坊和宪台牌坊,,明,浙江省温州市永嘉县,
1006.0,7-1006-3-304,七家厅,,明,浙江省金华市婺城区,
1007.0,7-1007-3-305,关西世家,,明,浙江省衢州市龙游县,
1008.0,7-1008-3-306,绍衣堂和横山塔,,明,浙江省衢州市龙游县,
1009.0,7-1009-3-307,西姜祠堂,,明,浙江省金华市兰溪市,
1010.0,7-1010-3-308,楠溪江宗祠建筑群,,明至清,浙江省温州市永嘉县,
1011.0,7-1011-3-309,寺平村乡土建筑,,明至清,浙江省金华市婺城区,
1012.0,7-1012-3-310,㹧𱮒湖避塘,,明至清,浙江省绍兴市绍兴县,
1013.0,7-1013-3-311,鸡鸣山民居苑,,明至清,浙江省衢州市龙游县,
1014.0,7-1014-3-312,南坞杨氏宗祠,,明至清,浙江省衢州市江山市,
1015.0,7-1015-3-313,河阳村乡土建筑,,明至清,浙江省丽水市缙云县,
1016.0,7-1016-3-314,潘公桥及潘孝墓,,明至清,浙江省湖州市吴兴区,
1017.0,7-1017-3-315,玉岩包氏宗祠,,明至清,浙江省温州市泰顺县,
1018.0,7-1018-3-316,华堂王氏宗祠,,明至清,浙江省绍兴市嵊州市,
1019.0,7-1019-3-317,世德堂,,明至清,浙江省金华市兰溪市,
1020.0,7-1020-3-318,上族祠,,明至清,浙江省金华市兰溪市,
1021.0,7-1021-3-319,积庆堂,,明至清,浙江省金华市兰溪市,
1022.0,7-1022-3-320,余庆堂,,明至清,浙江省金华市兰溪市,
1023.0,7-1023-3-321,吴氏宗祠,,明至清,浙江省衢州市衢江区,
1024.0,7-1024-3-322,三槐堂,,明至清,浙江省衢州市龙游县,
1025.0,7-1025-3-323,新叶村乡土建筑,,明至民国,浙江省杭州市建德市,
1026.0,7-1026-3-324,兰亭,,清,浙江省绍兴市绍兴县,
1027.0,7-1027-3-325,林宅,,清,浙江省宁波市海曙区,
1028.0,7-1028-3-326,雪溪胡氏大院,,清,浙江省温州市泰顺县,
1029.0,7-1029-3-327,陈阁老宅,,清,浙江省嘉兴市海宁市,
1030.0,7-1030-3-328,双林三桥,,清,浙江省湖州市南浔区,
1031.0,7-1031-3-329,舜王庙,,清,浙江省绍兴市绍兴县,
1032.0,7-1032-3-330,马上桥花厅,,清,浙江省金华市东阳市,
1033.0,7-1033-3-331,周宣灵王庙,,清,浙江省衢州市柯城区,
1034.0,7-1034-3-332,北二蓝氏宗祠,,清,浙江省衢州市柯城区,
1035.0,7-1035-3-333,三门源叶氏民居,,清,浙江省衢州市龙游县,
1036.0,7-1036-3-334,西洋殿,,清,浙江省丽水市庆元县,
1037.0,7-1037-3-335,普陀山普济寺,,清,浙江省舟山市普陀区,
1038.0,7-1038-3-336,泰顺土楼,,清至民国,浙江省温州市泰顺县,
1039.0,7-1039-3-337,黄山登山古道及古建筑,,唐至民国,安徽省黄山市黄山区,
1040.0,7-1040-3-338,黄金塔,,宋,安徽省芜湖市无为县,
1041.0,7-1041-3-339,太平塔,,宋,安徽省安庆市潜山县,
1042.0,7-1042-3-340,天寿寺塔,,宋,安徽省宣城市广德县,
1043.0,7-1043-3-341,长庆寺塔,,宋,安徽省黄山市歙县,
1044.0,7-1044-3-342,仙人塔,,宋,安徽省宣城市宁国市,
1045.0,7-1045-3-343,程大位故居,,明,安徽省黄山市屯溪区,
1046.0,7-1046-3-344,黄村进士第,,明,安徽省黄山市休宁县,
1047.0,7-1047-3-345,法云寺塔,,明,安徽省安庆市岳西县,
1048.0,7-1048-3-346,桐城文庙,,明至清,安徽省安庆市桐城市,
1049.0,7-1049-3-347,洪氏宗祠,,明至清,安徽省黄山市歙县,
1050.0,7-1050-3-348,奕世尚书坊和胡炳衡宅,,明至清,安徽省宣城市绩溪县,
1051.0,7-1051-3-349,寿县孔庙,,明至清,安徽省六安市寿县,
1052.0,7-1052-3-350,寿县清真寺,,明至清,安徽省六安市寿县,
1053.0,7-1053-3-351,太平山房,,明至清,安徽省池州市青阳县,
1054.0,7-1054-3-352,棠樾古民居,,明至民国,安徽省黄山市歙县,
1055.0,7-1055-3-353,九华山祇园寺,,明至民国,安徽省池州市青阳县,
1056.0,7-1056-3-354,上庄古建筑群,,明至民国,安徽省宣城市绩溪县,
1057.0,7-1057-3-355,九华山化城寺,,清,安徽省池州市青阳县,
1058.0,7-1058-3-356,九华山月身殿,,清,安徽省池州市青阳县,
1059.0,7-1059-3-357,安庆南关清真寺,,清,安徽省安庆市迎江区,
1060.0,7-1060-3-358,济阳曹氏宗祠,,清,安徽省池州市青阳县,
1061.0,7-1061-3-359,上章李氏宗祠,,清,安徽省池州市青阳县,
1062.0,7-1062-3-360,九华山百岁宫,,清,安徽省池州市青阳县,
1063.0,7-1063-3-361,旌德文庙,,清,安徽省宣城市旌德县,
1064.0,7-1064-3-362,北岸吴氏宗祠,,清,安徽省黄山市歙县,
1065.0,7-1065-3-363,员公支祠,,清,安徽省黄山市歙县,
1066.0,7-1066-3-364,昌溪周氏宗祠,,清,安徽省黄山市歙县,
1067.0,7-1067-3-365,北岸廊桥,,清,安徽省黄山市歙县,
1068.0,7-1068-3-366,兴村程氏宗祠,,清,安徽省黄山市黄山区,
1069.0,7-1069-3-367,南京巷钱庄,,清,安徽省亳州市谯城区,
1070.0,7-1070-3-368,太白楼,,清,安徽省马鞍山市雨山区,
1071.0,7-1071-3-369,汀州城墙,,唐至民国,福建省龙岩市长汀县,
1072.0,7-1072-3-370,龙江桥,,宋,福建省福州市福清市,
1073.0,7-1073-3-371,五塔岩石塔,,宋,福建省泉州市南安市,
1074.0,7-1074-3-372,龙华双塔,,宋、清,福建省莆田市仙游县,
1075.0,7-1075-3-373,宁海桥,,元,福建省莆田市涵江区,
1076.0,7-1076-3-374,罗星塔,,明,福建省福州市马尾区,
1077.0,7-1077-3-375,镇海卫城址,,明,福建省漳州市龙海市,
1078.0,7-1078-3-376,云峰寺大殿,,明,福建省南平市浦城县,
1079.0,7-1079-3-377,观音亭寨,,明至清,福建省宁德市霞浦县,
1080.0,7-1080-3-378,惠安青山宫,,明至清,福建省泉州市惠安县,
1081.0,7-1081-3-379,林公忠平王祖殿,,明至清,福建省宁德市周宁县,
1082.0,7-1082-3-380,安海龙山寺,,明至清,福建省泉州市晋江市,
1083.0,7-1083-3-381,大田土堡群,,明至清,福建省三明市大田县,
1084.0,7-1084-3-382,古田临水宫,,明至清,福建省宁德市古田县,
1085.0,7-1085-3-383,清水岩寺,,清,福建省泉州市安溪县,
1086.0,7-1086-3-384,平和城隍庙,,清,福建省漳州市平和县,
1087.0,7-1087-3-385,平海天后宫,,清,福建省莆田市秀屿区,
1088.0,7-1088-3-386,漈下建筑群,,清,福建省宁德市屏南县,
1089.0,7-1089-3-387,蓝廷珍府第,,清,福建省漳州市漳浦县,
1090.0,7-1090-3-388,九头马民居,,清,福建省福州市长乐市,
1091.0,7-1091-3-389,亭店杨氏民居,,清,福建省泉州市鲤城区,
1092.0,7-1092-3-390,南安林氏民居,,清,福建省泉州市南安市,
1093.0,7-1093-3-391,南安中宪第,,清,福建省泉州市南安市,
1094.0,7-1094-3-392,李光地宅和祠,,清,福建省泉州市安溪县,
1095.0,7-1095-3-393,玉井坊郑氏大厝,,清,福建省三明市尤溪县,
1096.0,7-1096-3-394,仙游文庙,,清,福建省莆田市仙游县,
1097.0,7-1097-3-395,建瓯文庙,,清,福建省南平市建瓯市,
1098.0,7-1098-3-396,官田李氏大宗祠,,清,福建省龙岩市上杭县,
1099.0,7-1099-3-397,凤岐吴氏大宅,,清,福建省宁德市柘荣县,
1100.0,7-1100-3-398,乘广禅师塔和甄叔禅师塔,,唐,江西省萍乡市上栗县,
1101.0,7-1101-3-399,石钟山古建筑及石刻,,唐至民国,江西省九江市湖口县,
1102.0,7-1102-3-400,槎滩陂,,五代,江西省吉安市泰和县,
1103.0,7-1103-3-401,永福寺塔,,宋,江西省上饶市鄱阳县,
1104.0,7-1104-3-402,逢渠桥,,宋,江西省宜春市宜丰县,
1105.0,7-1105-3-403,马祖塔亭,,宋,江西省宜春市靖安县,
1106.0,7-1106-3-404,大胜塔,,宋至明,江西省九江市浔阳区,
1107.0,7-1107-3-405,万安城墙,,宋至明,江西省吉安市万安县,
1108.0,7-1108-3-406,紫阳堤,,南宋,江西省九江市星子县,
1109.0,7-1109-3-407,龙虎山古建筑群,,南宋、元、清,江西省鹰潭市贵溪市,
1110.0,7-1110-3-408,明园,,明,江西省景德镇市昌江区,
1111.0,7-1111-3-409,锁江楼塔,,明,江西省九江市浔阳区,
1112.0,7-1112-3-410,庐山赐经亭,,明,江西省九江市庐山区,
1113.0,7-1113-3-411,景贤贾氏宗祠,,明,江西省宜春市高安市,
1114.0,7-1114-3-412,三清山古建筑群,,明,江西省上饶市玉山县、德兴市,
1115.0,7-1115-3-413,龙图学士和刺史传芳牌楼门,,明至清,江西省抚州市乐安县,
1116.0,7-1116-3-414,白鹭洲书院,,明至清,江西省吉安市吉州区,
1117.0,7-1117-3-415,万年桥和聚星塔,,明至清,江西省抚州市南城县,
1118.0,7-1118-3-416,羊角水堡,,明至清,江西省赣州市会昌县,
1119.0,7-1119-3-417,龙溪祝氏宗祠,,明至清,江西省上饶市广丰县,
1120.0,7-1120-3-418,庐山御碑亭,,明、民国,江西省九江市庐山区,
1121.0,7-1121-3-419,安福孔庙,,清,江西省吉安市安福县,
1122.0,7-1122-3-420,太平桥,,清,江西省赣州市龙南县,
1123.0,7-1123-3-421,羽琌山馆和云亭别墅,,清,江西省南昌市进贤县,
1124.0,7-1124-3-422,永镇桥,,清,江西省赣州市安远县,
1125.0,7-1125-3-423,玉带桥,,清,江西省赣州市信丰县,
1126.0,7-1126-3-424,龚氏宗祠两牌楼及浣纱记石雕,,清,江西省上饶市上饶县,
1127.0,7-1127-3-425,抚州玉隆万寿宫,,清,江西省抚州市临川区,
1128.0,7-1128-3-426,驿前石屋里民宅,,清,江西省抚州市广昌县,
1129.0,7-1129-3-427,赣州文庙,,清,江西省赣州市章贡区,
1130.0,7-1130-3-428,凤山查氏宗祠,,清,江西省上饶市婺源县,
1131.0,7-1131-3-429,新源俞氏宗祠,,清,江西省上饶市婺源县,
1132.0,7-1132-3-430,浒崦名分堂戏台,,清,江西省景德镇市乐平市,
1133.0,7-1133-3-431,镇窑,,清,江西省景德镇市昌江区,
1134.0,7-1134-3-432,东生围,,清,江西省赣州市安远县,
1135.0,7-1135-3-433,金口坝,,南北朝至明,山东省济宁市兖州市,
1136.0,7-1136-3-434,永丰塔,,宋,山东省菏泽市巨野县,
1137.0,7-1137-3-435,重兴塔,,宋,山东省济宁市邹城市,
1138.0,7-1138-3-436,兴国寺塔,,宋,山东省聊城市高唐县,
1139.0,7-1139-3-437,太子灵踪塔,,宋,山东省济宁市汶上县,
1140.0,7-1140-3-438,兴隆塔,,宋至清,山东省济宁市兖州市,
1141.0,7-1141-3-439,伏羲庙,,宋至清,山东省济宁市微山县,
1142.0,7-1142-3-440,宁阳颜子庙和颜林,,元,山东省泰安市宁阳县,
1143.0,7-1143-3-441,崂山道教建筑群,,元至清,山东省青岛市崂山区,
1144.0,7-1144-3-442,龙泉塔,,明,山东省枣庄市滕州市,
1145.0,7-1145-3-443,光善寺塔,,明,山东省济宁市金乡县,
1146.0,7-1146-3-444,平阴永济桥,,明,山东省济南市平阴县,
1147.0,7-1147-3-445,四世宫保坊,,明,山东省淄博市桓台县,
1148.0,7-1148-3-446,衡王府石坊,,明,山东省潍坊市青州市,
1149.0,7-1149-3-447,翠屏山多佛塔,,明至清,山东省济南市平阴县,
1150.0,7-1150-3-448,周公庙,,明至清,山东省济宁市曲阜市,
1151.0,7-1151-3-449,戚继光祠堂及戚继光墓,,明至清,山东省烟台市蓬莱市,
1152.0,7-1152-3-450,大汶口古石桥,,明至清,山东省泰安市岱岳区,
1153.0,7-1153-3-451,巨野文庙大成殿,,明至清,山东省菏泽市巨野县,
1154.0,7-1154-3-452,青城文昌阁,,清,山东省淄博市高青县,
1155.0,7-1155-3-453,青州真教寺,,清,山东省潍坊市青州市,
1156.0,7-1156-3-454,慈孝兼完坊,,清,山东省济宁市市中区,
1157.0,7-1157-3-455,百寿坊及百狮坊,,清,山东省菏泽市单县,
1158.0,7-1158-3-456,青山寺,,清至民国,山东省济宁市嘉祥县,
1159.0,7-1159-3-457,五龙口古代水利设施,,秦至清,河南省济源市,
1160.0,7-1160-3-458,正阳石阙,,东汉,河南省驻马店市正阳县,
1161.0,7-1161-3-459,阳台寺双石塔,,唐,河南省安阳市林州市,
1162.0,7-1162-3-460,少林寺,,唐至清,河南省郑州市登封市,
1163.0,7-1163-3-461,兴国寺塔,,宋,河南省许昌市鄢陵县,
1164.0,7-1164-3-462,千尺塔,,宋,河南省郑州市荥阳市,
1165.0,7-1165-3-463,寿圣寺双塔,,宋,河南省郑州市中牟县,
1166.0,7-1166-3-464,凤台寺塔,,宋,河南省郑州市新郑市,
1167.0,7-1167-3-465,五花寺塔,,宋,河南省洛阳市宜阳县,
1168.0,7-1168-3-466,玲珑塔,,宋,河南省新乡市原阳县,
1169.0,7-1169-3-467,广唐寺塔,,宋,河南省新乡市延津县,
1170.0,7-1170-3-468,大兴寺塔,,宋,河南省安阳市内黄县,
1171.0,7-1171-3-469,兴阳禅寺塔,,宋,河南省安阳市安阳县,
1172.0,7-1172-3-470,香山寺大悲观音大士塔及碑刻,,宋至清,河南省平顶山市宝丰县,
1173.0,7-1173-3-471,秀公戒师和尚塔,,金,河南省驻马店市平舆县,
1174.0,7-1174-3-472,清凉寺,,金至清,河南省郑州市登封市,
1175.0,7-1175-3-473,灵山寺,,金至清,河南省洛阳市宜阳县,
1176.0,7-1176-3-474,天王寺善济塔,,元,河南省新乡市辉县市,
1177.0,7-1177-3-475,药王庙大殿,,元,河南省焦作市山阳区,
1178.0,7-1178-3-476,坡街关王庙大殿,,元,河南省许昌市禹州市,
1179.0,7-1179-3-477,玄天洞石塔,,元至明,河南省鹤壁市淇滨区,
1180.0,7-1180-3-478,韩王庙与昼锦堂,,元至清,河南省安阳市文峰区,
1181.0,7-1181-3-479,显圣王庙,,元、清,河南省焦作市孟州市,
1182.0,7-1182-3-480,浚县古城墙及文治阁,,明,河南省鹤壁市浚县,
1183.0,7-1183-3-481,卢氏城隍庙,,明,河南省三门峡市卢氏县,
1184.0,7-1184-3-482,襄城文庙,,明,河南省许昌市襄城县,
1185.0,7-1185-3-483,襄城城墙,,明,河南省许昌市襄城县,
1186.0,7-1186-3-484,高贤寿圣寺塔,,明,河南省周口市太康县,
1187.0,7-1187-3-485,碧霞宫,,明至清,河南省鹤壁市浚县,
1188.0,7-1188-3-486,襄城乾明寺,,明至清,河南省许昌市襄城县,
1189.0,7-1189-3-487,永济桥,,明至清,河南省信阳市光山县,
1190.0,7-1190-3-488,南岳庙,,明至清,河南省郑州市登封市,
1191.0,7-1191-3-489,陕县安国寺,,明至清,河南省三门峡市陕县,
1192.0,7-1192-3-490,郑州城隍庙（含文庙大成殿）,,明至清,河南省郑州市管城回族区,
1193.0,7-1193-3-491,登封城隍庙,,明至清,河南省郑州市登封市,
1194.0,7-1194-3-492,朱仙镇岳飞庙（含关帝庙）,,明至清,河南省开封市开封县,
1195.0,7-1195-3-493,高阁寺,,明至清,河南省安阳市文峰区,
1196.0,7-1196-3-494,彰德府城隍庙,,明至清,河南省安阳市文峰区,
1197.0,7-1197-3-495,林州惠明寺,,明至清,河南省安阳市林州市,
1198.0,7-1198-3-496,寨卜昌村古建筑群,,明至清,河南省焦作市博爱县,
1199.0,7-1199-3-497,天宝宫,,明至清,河南省许昌市许昌县,
1200.0,7-1200-3-498,临沣寨,,明至清,河南省平顶山市郏县,
1201.0,7-1201-3-499,郑州清真寺,,清,河南省郑州市管城回族区,
1202.0,7-1202-3-500,密县县衙,,清,河南省郑州市新密市,
1203.0,7-1203-3-501,相国寺,,清,河南省开封市鼓楼区,
1204.0,7-1204-3-502,青龙宫,,清,河南省焦作市武陟县,
1205.0,7-1205-3-503,西关清真寺,,清,河南省焦作市博爱县,
1206.0,7-1206-3-504,许昌关帝庙,,清,河南省许昌市魏都区,
1207.0,7-1207-3-505,镇平菩提寺,,清,河南省南阳市镇平县,
1208.0,7-1208-3-506,邓城叶氏庄园,,清,河南省周口市商水县,
1209.0,7-1209-3-507,郏县山陕会馆,,清,河南省平顶山市郏县,
1210.0,7-1210-3-508,西蒋村马氏庄园,,清至民国,河南省安阳市安阳县,
1211.0,7-1211-3-509,庙上村地坑窑院,,清至民国,河南省三门峡市陕县,
1212.0,7-1212-3-510,双城塔,,宋,湖北省黄冈市红安县,
1213.0,7-1213-3-511,无影塔,,宋,湖北省武汉市武昌区,
1214.0,7-1214-3-512,胜像宝塔,,元至明,湖北省武汉市武昌区,
1215.0,7-1215-3-513,郑公塔,,元至明,湖北省黄冈市武穴市,
1216.0,7-1216-3-514,槐山矶驳岸,,明,湖北省武汉市江夏区,
1217.0,7-1217-3-515,白龙寺,,明,湖北省天门市,
1218.0,7-1218-3-516,禹稷行宫,,清,湖北省武汉市汉阳区,
1219.0,7-1219-3-517,杨家湾老屋,,清,湖北省宜昌市夷陵区,
1220.0,7-1220-3-518,百宝寨岩屋,,清,湖北省宜昌市当阳市,
1221.0,7-1221-3-519,甘氏宗祠,,清,湖北省十堰市竹溪县,
1222.0,7-1222-3-520,大丰仓,,清,湖北省十堰市郧县,
1223.0,7-1223-3-521,上津古城,,清,湖北省十堰市郧西县,
1224.0,7-1224-3-522,万年台戏台,,清,湖北省黄冈市浠水县,
1225.0,7-1225-3-523,沈鸿宾故居,,清,湖北省咸宁市咸安区,
1226.0,7-1226-3-524,王明璠府第,,清,湖北省咸宁市通山县,
1227.0,7-1227-3-525,彭家寨古建筑群,,清,湖北省恩施土家族苗族自治州宣恩县,
1228.0,7-1228-3-526,湘桂古道永州段,,战国至民国,湖南省永州市道县、江华瑶族自治县、江永县,
1229.0,7-1229-3-527,慈氏塔,,宋,湖南省岳阳市岳阳楼区,
1230.0,7-1230-3-528,花瓦寺塔,,宋,湖南省常德市澧县,
1231.0,7-1231-3-529,宝庆府古城墙,,宋至清,湖南省邵阳市大祥区,
1232.0,7-1232-3-530,武冈城墙,,宋至清,湖南省邵阳市武冈市,
1233.0,7-1233-3-531,绣衣坊（含范氏家庙和中丞公祠）,,明,湖南省郴州市汝城县,
1234.0,7-1234-3-532,廻龙塔,,明,湖南省永州市零陵区,
1235.0,7-1235-3-533,云龙坊与王氏虚堂,,明,湖南省永州市宁远县,
1236.0,7-1236-3-534,天心阁古城墙,,明,湖南省长沙市天心区,
1237.0,7-1237-3-535,大渔村王氏宗祠,,明至清,湖南省衡阳市衡南县,
1238.0,7-1238-3-536,普光禅寺古建筑群,,明至清,湖南省张家界市永定区,
1239.0,7-1239-3-537,龙溪李家大院,,明至清,湖南省永州市祁阳县,
1240.0,7-1240-3-538,涧岩头周家大院古建筑群,,明至清,湖南省永州市零陵区,
1241.0,7-1241-3-539,夹山寺,,明至清,湖南省常德市石门县,
1242.0,7-1242-3-540,濂溪故里古建筑群,,明至清,湖南省永州市道县,
1243.0,7-1243-3-541,荆坪村古建筑群,,明至清,湖南省怀化市中方县,
1244.0,7-1244-3-542,澧州文庙,,明至清,湖南省常德市澧县,
1245.0,7-1245-3-543,澧州古城墙,,明至清,湖南省常德市澧县,
1246.0,7-1246-3-544,龙家大院,,明至民国,湖南省永州市新田县,
1247.0,7-1247-3-545,黔城古建筑群,,明至民国,湖南省怀化市洪江市,
1248.0,7-1248-3-546,汝城古祠堂群,,明至民国,湖南省郴州市汝城县,
1249.0,7-1249-3-547,洞口宗祠建筑群,,明至民国,湖南省邵阳市洞口县,
1250.0,7-1250-3-548,星子宫古建筑群,,清,湖南省常德市桃源县,
1251.0,7-1251-3-549,芷江天后宫,,清,湖南省怀化市芷江侗族自治县,
1252.0,7-1252-3-550,荫家堂,,清,湖南省邵阳市邵东县,
1253.0,7-1253-3-551,新化北塔,,清,湖南省娄底市新化县,
1254.0,7-1254-3-552,浏阳文庙,,清,湖南省长沙市浏阳市,
1255.0,7-1255-3-553,湘阴文庙,,清,湖南省岳阳市湘阴县,
1256.0,7-1256-3-554,北五省会馆,,清,湖南省湘潭市雨湖区,
1257.0,7-1257-3-555,岁圆楼古建筑群,,清,湖南省永州市双牌县,
1258.0,7-1258-3-556,零陵文武双庙,,清,湖南省永州市零陵区,
1259.0,7-1259-3-557,乾州文庙,,清,湖南省湘西土家族苗族自治州吉首市,
1260.0,7-1260-3-558,恭城书院,,清,湖南省怀化市通道侗族自治县,
1261.0,7-1261-3-559,芙蓉楼,,清,湖南省怀化市洪江市,
1262.0,7-1262-3-560,兵书阁与文星桥,,清,湖南省怀化市通道侗族自治县,
1263.0,7-1263-3-561,广利桥,,清,湖南省永州市东安县,
1264.0,7-1264-3-562,久安背翰林祠,,清,湖南省永州市宁远县,
1265.0,7-1265-3-563,白衣观,,清,湖南省怀化市通道侗族自治县,
1266.0,7-1266-3-564,王船山故居及墓,,清,湖南省衡阳市衡阳县,
1267.0,7-1267-3-565,田家大院,,清,湖南省张家界市永定区,
1268.0,7-1268-3-566,安化风雨桥,,清、民国,湖南省益阳市安化县,
1269.0,7-1269-3-567,石堰坪古建筑群,,清、民国,湖南省张家界市永定区,
1270.0,7-1270-3-568,南粤雄关与古道,,唐至明,广东省韶关市南雄市,
1271.0,7-1271-3-569,文光塔,,宋至清,广东省汕头市潮阳区,
1272.0,7-1272-3-570,父子进士牌坊,,明,广东省梅州市大埔县,
1273.0,7-1273-3-571,五仙观及岭南第一楼,,明至清,广东省广州市越秀区,
1274.0,7-1274-3-572,潮州老城古民居建筑群,,明至清,广东省潮州市湘桥区,
1275.0,7-1275-3-573,镇海楼与广州明城墙,,明至民国,广东省广州市越秀区,
1276.0,7-1276-3-574,南海神庙,,清,广东省广州市黄埔区,
1277.0,7-1277-3-575,古榕武庙,,清,广东省揭阳市榕城区,
1278.0,7-1278-3-576,揭阳学宫,,清,广东省揭阳市榕城区,
1279.0,7-1279-3-577,清晖园,,清,广东省佛山市顺德区,
1280.0,7-1280-3-578,长围村围屋,,清,广东省韶关市始兴县,
1281.0,7-1281-3-579,茶东陈氏宗祠群,,清,广东省中山市,
1282.0,7-1282-3-580,大湾古建筑群,,清、民国,广东省云浮市郁南县,
1283.0,7-1283-3-581,湘山寺塔群与石刻,,宋至清,广西壮族自治区桂林市全州县,
1284.0,7-1284-3-582,永宁州城城墙,,明,广西壮族自治区桂林市永福县,
1285.0,7-1285-3-583,大芦村古建筑群,,明至清,广西壮族自治区钦州市灵山县,
1286.0,7-1286-3-584,富川瑶族风雨桥群,,明至清,广西壮族自治区贺州市富川瑶族自治县,
1287.0,7-1287-3-585,伏波庙,,清,广西壮族自治区南宁市横县,
1288.0,7-1288-3-586,和里三王宫,,清,广西壮族自治区柳州市三江侗族自治县,
1289.0,7-1289-3-587,惠爱桥,,清,广西壮族自治区北海市合浦县,
1290.0,7-1290-3-588,西林岑氏家族建筑群,,清,广西壮族自治区百色市西林县,
1291.0,7-1291-3-589,斗柄塔,,明至清,海南省文昌市,
1292.0,7-1292-3-590,文昌学宫,,清,海南省文昌市,
1293.0,7-1293-3-591,崖城学宫,,清,海南省三亚市,
1294.0,7-1294-3-592,独柏寺正殿,,元,重庆市潼南县,
1295.0,7-1295-3-593,重庆古城墙,,明,重庆市渝中区,
1296.0,7-1296-3-594,彭氏宗祠,,清,重庆市云阳县,
1297.0,7-1297-3-595,双桂堂,,清,重庆市梁平县,
1298.0,7-1298-3-596,离堆,,秦至清,四川省乐山市市中区,
1299.0,7-1299-3-597,灵岩寺及千佛塔,,唐至清,四川省成都市都江堰市,
1300.0,7-1300-3-598,丹棱白塔,,宋,四川省眉山市丹棱县,
1301.0,7-1301-3-599,旧州塔,,宋,四川省宜宾市翠屏区,
1302.0,7-1302-3-600,卓筒井,,宋,四川省遂宁市大英县,
1303.0,7-1303-3-601,中江北塔,,宋,四川省德阳市中江县,
1304.0,7-1304-3-602,广安白塔,,宋,四川省广安市广安区,
1305.0,7-1305-3-603,三江白塔,,宋,四川省乐山市井研县,
1306.0,7-1306-3-604,荣县镇南塔,,宋,四川省自贡市荣县,
1307.0,7-1307-3-605,白玉嘎托寺,,宋至元,四川省甘孜藏族自治州白玉县,
1308.0,7-1308-3-606,报恩塔,,南宋,四川省泸州市江阳区,
1309.0,7-1309-3-607,龙护舍利塔,,元,四川省德阳市旌阳区,
1310.0,7-1310-3-608,拉日马石板藏寨,,元至民国,四川省甘孜藏族自治州新龙县,
1311.0,7-1311-3-609,屏山楞嚴寺,,明,四川省宜宾市屏山县,
1312.0,7-1312-3-610,乡城夯土碉楼,,明,四川省甘孜藏族自治州乡城县,
1313.0,7-1313-3-611,阆中观音寺,,明,四川省南充市阆中市,
1314.0,7-1314-3-612,龙居寺中殿,,明,四川省德阳市广汉市,
1315.0,7-1315-3-613,仁壽甘泉寺,,明至清,四川省眉山市仁寿县,
1316.0,7-1316-3-614,开禧寺,,明至清,四川省绵阳市安县,
1317.0,7-1317-3-615,大藏寺,,明至清,四川省阿坝藏族羌族自治州马尔康县,
1318.0,7-1318-3-616,甲扎尔甲山洞窟壁画,,明至清,四川省阿坝藏族羌族自治州马尔康县,
1319.0,7-1319-3-617,慧严寺大殿,,明至清,四川省遂宁市蓬溪县,
1320.0,7-1320-3-618,慧剑寺,,明至清,四川省德阳市什邡市,
1321.0,7-1321-3-619,泸县龙桥群,,明至清,四川省泸州市泸县,
1322.0,7-1322-3-620,鱼泉寺,,明至清,四川省绵阳市游仙区,
1323.0,7-1323-3-621,潼川古城墙,,明至清,四川省绵阳市三台县,
1324.0,7-1324-3-622,云台观,,明至清,四川省绵阳市三台县,
1325.0,7-1325-3-623,尊胜寺,,明至清,四川省绵阳市三台县,
1326.0,7-1326-3-624,饶益寺,,明至清,四川省遂宁市射洪县,
1327.0,7-1327-3-625,南溪城墙,,明至清,四川省宜宾市南溪区,
1328.0,7-1328-3-626,尧坝镇古建筑群,,明至清,四川省泸州市合江县,
1329.0,7-1329-3-627,西充文庙,,明至清,四川省南充市西充县,
1330.0,7-1330-3-628,长青春科尔寺,,清,四川省甘孜藏族自治州理塘县,
1331.0,7-1331-3-629,圣水寺,,清,四川省内江市市中区,
1332.0,7-1332-3-630,噶丹·桑披罗布岭寺,,清,四川省甘孜藏族自治州乡城县,
1333.0,7-1333-3-631,马鞍寺,,清,四川省绵阳市游仙区,
1334.0,7-1334-3-632,宜宾大观楼,,清,四川省宜宾市翠屏区,
1335.0,7-1335-3-633,蓬溪奎塔,,清,四川省遂宁市蓬溪县,
1336.0,7-1336-3-634,八邦寺,,清,四川省甘孜藏族自治州德格县,
1337.0,7-1337-3-635,青林口古建筑群,,清,四川省绵阳市江油市,
1338.0,7-1338-3-636,盐神庙,,清,四川省内江市资中县,
1339.0,7-1339-3-637,巴巴寺,,清,四川省南充市阆中市,
1340.0,7-1340-3-638,曾达关碉,,清,四川省阿坝藏族羌族自治州金川县,
1341.0,7-1341-3-639,筹边楼,,清,四川省阿坝藏族羌族自治州理县,
1342.0,7-1342-3-640,沃日土司官寨经楼与碉,,清,四川省阿坝藏族羌族自治州小金县,
1343.0,7-1343-3-641,灌口城隍庙,,清,四川省成都市都江堰市,
1344.0,7-1344-3-642,奎光塔,,清,四川省成都市都江堰市,
1345.0,7-1345-3-643,寿安陈家大院,,清,四川省成都市温江区,
1346.0,7-1346-3-644,真佛山庙群,,清,四川省达州市达县,
1347.0,7-1347-3-645,渠县文庙,,清,四川省达州市渠县,
1348.0,7-1348-3-646,川北道贡院,,清,四川省南充市阆中市,
1349.0,7-1349-3-647,名山文庙,,清,四川省雅安市名山区,
1350.0,7-1350-3-648,九襄石牌坊,,清,四川省雅安市汉源县,
1351.0,7-1351-3-649,自贡桓侯宫,,清,四川省自贡市自流井区,
1352.0,7-1352-3-650,青城山古建筑群,,清至民国,四川省成都市都江堰市,
1353.0,7-1353-3-651,达扎寺,,清至民国,四川省阿坝藏族羌族自治州若尔盖县,
1354.0,7-1354-3-652,泸县屈氏庄园,,清至民国,四川省泸州市泸县,
1355.0,7-1355-3-653,高峰山古建筑群,,清至民国,四川省遂宁市蓬溪县,
1356.0,7-1356-3-654,鲍家屯水利工程,,明,贵州省安顺市西秀区,
1357.0,7-1357-3-655,镇远城墙,,明至清,贵州省黔东南苗族侗族自治州镇远县,
1358.0,7-1358-3-656,安顺武庙,,明至清,贵州省安顺市西秀区,
1359.0,7-1359-3-657,隆里古建筑群,,明至清,贵州省黔东南苗族侗族自治州锦屏县,
1360.0,7-1360-3-658,石阡府文庙,,明至清,贵州省铜仁市石阡县,
1361.0,7-1361-3-659,榕江大利村古建筑群,,明至清,贵州省黔东南苗族侗族自治州榕江县,
1362.0,7-1362-3-660,楼上村古建筑群,,明至民国,贵州省铜仁市石阡县,
1363.0,7-1363-3-661,岩门长官司城,,清,贵州省黔东南苗族侗族自治州黄平县,
1364.0,7-1364-3-662,锦屏飞山庙,,清,贵州省黔东南苗族侗族自治州锦屏县,
1365.0,7-1365-3-663,高阡鼓楼,,清,贵州省黔东南苗族侗族自治州从江县,
1366.0,7-1366-3-664,宰俄鼓楼,,清,贵州省黔东南苗族侗族自治州从江县,
1367.0,7-1367-3-665,金勾风雨桥,,清,贵州省黔东南苗族侗族自治州从江县,
1368.0,7-1368-3-666,鲁屯牌坊群,,清,贵州省黔西南布依族苗族自治州兴义市,
1369.0,7-1369-3-667,复兴江西会馆,,清,贵州省遵义市赤水市,
1370.0,7-1370-3-668,三门塘古建筑群,,清至民国,贵州省黔东南苗族侗族自治州天柱县,
1371.0,7-1371-3-669,可渡关驿道,,秦至清,云南省曲靖市宣威市,
1372.0,7-1372-3-670,弘圣寺塔,,唐至宋,云南省大理白族自治州大理市,
1373.0,7-1373-3-671,陆良大觉寺,,元、明,云南省曲靖市陆良县,
1374.0,7-1374-3-672,大觉宫壁画,,明,云南省丽江市古城区,
1375.0,7-1375-3-673,德丰寺,,明,云南省楚雄彝族自治州姚安县,
1376.0,7-1376-3-674,等觉寺,,明,云南省大理白族自治州巍山彝族回族自治县,
1377.0,7-1377-3-675,勐旺塔及西北塔,,明,云南省临沧市临翔区,
1378.0,7-1378-3-676,楚雄文庙,,明至清,云南省楚雄彝族自治州楚雄市,
1379.0,7-1379-3-677,诺邓白族乡土建筑群,,明至清,云南省大理白族自治州云龙县,
1380.0,7-1380-3-678,侬氏土司衙署,,明至清,云南省文山壮族苗族自治州广南县,
1381.0,7-1381-3-679,景谷傣族佛寺建筑群,,明至清,云南省普洱市景谷傣族彝族自治县,
1382.0,7-1382-3-680,沘江古桥梁群,,明至民国,云南省大理白族自治州云龙县,
1383.0,7-1383-3-681,景风阁古建筑群,,清,云南省大理白族自治州剑川县,
1384.0,7-1384-3-682,来鹤亭,,清,云南省红河哈尼族彝族自治州石屏县,
1385.0,7-1385-3-683,云南驿古建筑群,,清,云南省大理白族自治州祥云县,
1386.0,7-1386-3-684,大观楼,,清,云南省昆明市西山区,
1387.0,7-1387-3-685,绮罗文昌宫,,清,云南省保山市腾冲县,
1388.0,7-1388-3-686,景东文庙,,清,云南省普洱市景东彝族自治县,
1389.0,7-1389-3-687,星宿桥和丰裕桥,,清,云南省楚雄彝族自治州禄丰县,
1390.0,7-1390-3-688,郑氏宗祠,,清,云南省红河哈尼族彝族自治州石屏县,
1391.0,7-1391-3-689,建水朱家花园,,清,云南省红河哈尼族彝族自治州建水县,
1392.0,7-1392-3-690,曼春满佛寺,,清,云南省西双版纳傣族自治州景洪市,
1393.0,7-1393-3-691,南诏镇古建筑群,,清,云南省大理白族自治州巍山彝族回族自治县,
1394.0,7-1394-3-692,团山民居建筑群,,清至民国,云南省红河哈尼族彝族自治州建水县,
1395.0,7-1395-3-693,石屏文庙建筑群,,清至民国,云南省红河哈尼族彝族自治州石屏县,
1396.0,7-1396-3-694,丽江普济寺,,清至民国,云南省丽江市古城区,
1397.0,7-1397-3-695,红河县东门楼及迤萨民居,,清至民国,云南省红河哈尼族彝族自治州红河县,
1398.0,7-1398-3-696,仲嘎曲德寺,,宋、明,西藏自治区山南地区隆子县,
1399.0,7-1399-3-697,拉隆寺,,明,西藏自治区山南地区洛扎县,
1400.0,7-1400-3-698,拉让宁巴,,明,西藏自治区拉萨市城关区,
1401.0,7-1401-3-699,昌都强巴林寺,,明,西藏自治区昌都地区昌都县,
1402.0,7-1402-3-700,邦达仓,,明至清,西藏自治区拉萨市城关区,
1403.0,7-1403-3-701,贡嘎曲德寺,,明至清,西藏自治区山南地区贡嘎县,
1404.0,7-1404-3-702,桑珠颇章,,清,西藏自治区拉萨市城关区,
1405.0,7-1405-3-703,帕巴寺,,清,西藏自治区日喀则地区吉隆县,
1406.0,7-1406-3-704,冲赛康,,清,西藏自治区拉萨市城关区,
1407.0,7-1407-3-705,拉鲁颇章,,清,西藏自治区拉萨市城关区,
1408.0,7-1408-3-706,喜德寺,,清,西藏自治区拉萨市城关区,
1409.0,7-1409-3-707,达杰林寺,,清至民国,西藏自治区山南地区乃东县,
1410.0,7-1410-3-708,门孜康,,1916年,西藏自治区拉萨市城关区,
1411.0,7-1411-3-709,法源寺塔,,唐,陕西省渭南市富平县,
1412.0,7-1412-3-710,慧彻寺南塔,,唐,陕西省渭南市蒲城县,
1413.0,7-1413-3-711,净光寺塔,,唐,陕西省宝鸡市眉县,
1414.0,7-1414-3-712,开元寺塔,,唐,陕西省延安市富县,
1415.0,7-1415-3-713,罗山寺塔,,唐,陕西省渭南市合阳县,
1416.0,7-1416-3-714,清梵寺塔,,唐,陕西省咸阳市兴平市,
1417.0,7-1417-3-715,报本寺塔,,宋,陕西省咸阳市武功县,
1418.0,7-1418-3-716,柏山寺塔,,宋,陕西省延安市富县,
1419.0,7-1419-3-717,崇寿寺塔,,宋,陕西省渭南市蒲城县,
1420.0,7-1420-3-718,重兴寺塔,,宋,陕西省铜川市印台区,
1421.0,7-1421-3-719,大象寺塔,,宋,陕西省渭南市合阳县,
1422.0,7-1422-3-720,福严院塔,,宋,陕西省延安市富县,
1423.0,7-1423-3-721,敬德塔,,宋,陕西省西安市户县,
1424.0,7-1424-3-722,万凤塔,,宋,陕西省延安市洛川县,
1425.0,7-1425-3-723,延昌寺塔,,宋,陕西省铜川市耀州区,
1426.0,7-1426-3-724,汉中东塔,,南宋,陕西省汉中市汉台区,
1427.0,7-1427-3-725,韩城九郎庙,,元,陕西省渭南市韩城市,
1428.0,7-1428-3-726,鸿门寺塔,,元,陕西省榆林市横山县,
1429.0,7-1429-3-727,良马寺觉皇殿,,元,陕西省汉中市洋县,
1430.0,7-1430-3-728,庆善寺大佛殿,,元,陕西省渭南市韩城市,
1431.0,7-1431-3-729,紫云观三清殿,,元,陕西省渭南市韩城市,
1432.0,7-1432-3-730,智果寺,,元、明至清,陕西省汉中市洋县,
1433.0,7-1433-3-731,合阳文庙,,明,陕西省渭南市合阳县,
1434.0,7-1434-3-732,慧照寺塔,,明,陕西省渭南市临渭区,
1435.0,7-1435-3-733,七星庙,,明,陕西省榆林市府谷县,
1436.0,7-1436-3-734,武功城隍庙,,明,陕西省咸阳市武功县,
1437.0,7-1437-3-735,北杜铁塔,,明,陕西省咸阳市渭城区,
1438.0,7-1438-3-736,大学习巷清真寺,,明至清,陕西省西安市莲湖区,
1439.0,7-1439-3-737,金台观,,明至清,陕西省宝鸡市金台区,
1440.0,7-1440-3-738,勉县武侯祠（包括武侯墓）,,明至民国,陕西省汉中市勉县,
1441.0,7-1441-3-739,骡帮会馆,,清,陕西省商洛市山阳县,
1442.0,7-1442-3-740,桥上桥,,清,陕西省渭南市华县,
1443.0,7-1443-3-741,瓦房店会馆群,,清,陕西省安康市紫阳县,
1444.0,7-1444-3-742,毓秀桥,,清,陕西省渭南市韩城市,
1445.0,7-1445-3-743,绥德党氏庄园,,清至民国,陕西省榆林市绥德县,
1446.0,7-1446-3-744,塔儿庄塔,,五代,甘肃省庆阳市宁县,
1447.0,7-1447-3-745,栗川砖塔,,宋,甘肃省陇南市徽县,
1448.0,7-1448-3-746,白马造像塔,,宋,甘肃省庆阳市华池县,
1449.0,7-1449-3-747,脚扎川万佛塔,,宋,甘肃省庆阳市华池县,
1450.0,7-1450-3-748,环县塔,,宋,甘肃省庆阳市环县,
1451.0,7-1451-3-749,肖金塔,,宋,甘肃省庆阳市西峰区,
1452.0,7-1452-3-750,塔儿湾造像塔,,宋,甘肃省庆阳市合水县,
1453.0,7-1453-3-751,双塔寺造像塔,,宋,甘肃省庆阳市华池县,
1454.0,7-1454-3-752,崆峒山古建筑群,,宋、明至清,甘肃省平凉市崆峒区,
1455.0,7-1455-3-753,周旧邦木坊,,明,甘肃省庆阳市庆城县,
1456.0,7-1456-3-754,洮州卫城,,明至清,甘肃省甘南藏族自治州临潭县,
1457.0,7-1457-3-755,威远楼,,明至清,甘肃省定西市陇西县,
1458.0,7-1458-3-756,兴隆山古建筑群,,明至清,甘肃省庆阳市环县,
1459.0,7-1459-3-757,青城古民居,,明至民国,甘肃省兰州市榆中县,
1460.0,7-1460-3-758,五泉山建筑群,,明至民国,甘肃省兰州市城关区,
1461.0,7-1461-3-759,海藏寺,,明至民国,甘肃省武威市凉州区,
1462.0,7-1462-3-760,圣容寺,,明至民国,甘肃省武威市民勤县,
1463.0,7-1463-3-761,酒泉鼓楼,,清,甘肃省酒泉市肃州区,
1464.0,7-1464-3-762,兰州府城隍庙,,清,甘肃省兰州市城关区,
1465.0,7-1465-3-763,金天观,,清,甘肃省兰州市七里河区,
1466.0,7-1466-3-764,夏琼寺,,元至清,青海省海东地区化隆回族自治县,
1467.0,7-1467-3-765,文都寺及班禅大师故居,,元至清,青海省海东地区循化撒拉族自治县,
1468.0,7-1468-3-766,旦斗寺,,明至清,青海省海东地区化隆回族自治县,
1469.0,7-1469-3-767,佑宁寺,,明至清,青海省海东地区互助土族自治县,
1470.0,7-1470-3-768,洪水泉清真寺,,明至清,青海省海东地区平安县,
1471.0,7-1471-3-769,保安古屯田寨堡古建筑群,,明至清,青海省黄南藏族自治州同仁县,
1472.0,7-1472-3-770,东关清真大寺,,明至民国,青海省西宁市城东区,
1473.0,7-1473-3-771,赛宗寺,,明至民国,青海省海南藏族自治州兴海县,
1474.0,7-1474-3-772,文昌庙,,清,青海省海南藏族自治州贵德县,
1475.0,7-1475-3-773,珍珠寺,,清,青海省海南藏族自治州贵德县,
1476.0,7-1476-3-774,拉加寺,,清,青海省果洛藏族自治州玛沁县,
1477.0,7-1477-3-775,石藏寺,,清,青海省海南藏族自治州同德县,
1478.0,7-1478-3-776,阿河滩清真寺,,清,青海省海东地区化隆回族自治县,
1479.0,7-1479-3-777,撒拉族清真寺古建筑群,,清,青海省海东地区循化撒拉族自治县,
1480.0,7-1480-3-778,湟源城隍庙,,清至民国,青海省西宁市湟源县,
1481.0,7-1481-3-779,宏佛塔,,宋,宁夏回族自治区银川市贺兰县,
1482.0,7-1482-3-780,康济寺塔,,宋、明,宁夏回族自治区吴忠市同心县,
1483.0,7-1483-3-781,鸣沙洲塔,,明,宁夏回族自治区中卫市中宁县,
1484.0,7-1484-3-782,银川玉皇阁,,清,宁夏回族自治区银川市兴庆区,
1485.0,7-1485-3-783,纳家户清真寺,,清,宁夏回族自治区银川市永宁县,
1486.0,7-1486-3-784,田州塔,,清,宁夏回族自治区石嘴山市平罗县,
1487.0,7-1487-3-785,平罗玉皇阁,,清至民国,宁夏回族自治区石嘴山市平罗县,
1488.0,7-1488-3-786,中卫高庙,,清至民国,宁夏回族自治区中卫市沙坡头区,
1489.0,7-1489-3-787,巴仑台黄庙古建筑群,,清,新疆维吾尔自治区巴音郭楞蒙古自治州和静县,
1490.0,7-1490-3-788,拜吐拉清真寺宣礼塔,,清,新疆维吾尔自治区伊犁哈萨克自治州伊宁市,
1491.0,7-1491-3-789,哈纳喀及赛提喀玛勒清真寺宣礼塔,,清,新疆维吾尔自治区塔城地区塔城市,
1492.0,7-1492-3-790,惠远钟鼓楼,,清,新疆维吾尔自治区伊犁哈萨克自治州霍城县,
1493.0,7-1493-3-791,库车大寺,,清,新疆维吾尔自治区阿克苏地区库车县,
1494.0,7-1494-3-792,纳达齐牛录关帝庙,,清,新疆维吾尔自治区伊犁哈萨克自治州察布查尔锡伯自治县,
1495.0,7-1495-3-793,莎车加满清真寺,,清,新疆维吾尔自治区喀什地区莎车县,
1496.0,7-1496-3-794,伊宁陕西大寺,,清,新疆维吾尔自治区伊犁哈萨克自治州伊宁市,
1497.0,7-1497-3-795,乌鲁木齐陕西大寺大殿,,清,新疆维吾尔自治区乌鲁木齐市天山区,
198.0,8-0198-3-001,长椿寺,,清,北京市西城区,
199.0,8-0199-3-002,智珠寺,,清,北京市东城区,
200.0,8-0200-3-003,北京湖广会馆,,清至民国,北京市西城区,
201.0,8-0201-3-004,武安舍利塔,,北宋,河北省武安市,
202.0,8-0202-3-005,涞水龙严寺塔,,辽,河北省涞水县,
203.0,8-0203-3-006,邢台清风楼,,明,河北省邢台市桥东区,
204.0,8-0204-3-007,正定梁氏宗祠,,明,河北省正定县,
205.0,8-0205-3-008,涉县清泉寺,,明清,河北省涉县,
206.0,8-0206-3-009,上党西岩寺塔,,唐,山西省长治市上党区,
207.0,8-0207-3-010,栖岩寺塔林,,唐至清,山西省永济市,
208.0,8-0208-3-011,泽州崇寿寺,,北宋至清,山西省泽州县,
209.0,8-0209-3-012,上党长春玉皇庙,,北宋至清,山西省长治市上党区,
210.0,8-0210-3-013,昔阳离相寺,,宋至清,山西省昔阳县,
211.0,8-0211-3-014,原平普济桥,,金,山西省原平市,
212.0,8-0212-3-015,平定马齿岩寺,,金至清,山西省平定县,
213.0,8-0213-3-016,新绛寿圣寺大殿,,元,山西省新绛县,
214.0,8-0214-3-017,长子文庙大成殿,,元,山西省长子县,
215.0,8-0215-3-018,峪口圣母庙,,元至清,山西省汾阳市,
216.0,8-0216-3-019,盂北泰山庙,,元至清,山西省盂县,
217.0,8-0217-3-020,潦河头关帝庙,,元至清,山西省长治市潞城区,
218.0,8-0218-3-021,西社卫公庙,,元至清,山西省平顺县,
219.0,8-0219-3-022,西下庄昭泽王庙,,元至清,山西省黎城县,
220.0,8-0220-3-023,武乡福源院,,元至清,山西省武乡县,
221.0,8-0221-3-024,田庄全神庙,,元至清,山西省陵川县,
222.0,8-0222-3-025,团东清化寺,,元至清,山西省高平市,
223.0,8-0223-3-026,梁村洪福寺,,元至清,山西省祁县,
224.0,8-0224-3-027,霍州祝圣寺,,元至清,山西省霍州市,
225.0,8-0225-3-028,北辛舍利塔,,明,山西省万荣县,
226.0,8-0226-3-029,祁县镇河楼,,明,山西省祁县,
227.0,8-0227-3-030,大武鼓楼,,明,山西省方山县,
228.0,8-0228-3-031,右玉宝宁寺,,明,山西省右玉县,
229.0,8-0229-3-032,汾阳关帝庙,,明,山西省汾阳市,
230.0,8-0230-3-033,胡家沟砖塔,,明,山西省兴县,
231.0,8-0231-3-034,普救寺塔,,明,山西省永济市,
232.0,8-0232-3-035,永济万固寺,,明,山西省永济市,
233.0,8-0233-3-036,繁峙琉璃塔,,明,山西省繁峙县,
234.0,8-0234-3-037,平城兴国寺,,明,山西省大同市平城区,
235.0,8-0235-3-038,大同鼓楼,,明,山西省大同市平城区,
236.0,8-0236-3-039,西关三圣寺大殿,,明,山西省盂县,
237.0,8-0237-3-040,永济扁鹊庙,,明,山西省永济市,
238.0,8-0238-3-041,董村戏台,,明,山西省永济市,
239.0,8-0239-3-042,崞阳文庙,,明清,山西省原平市,
240.0,8-0240-3-043,阳城文庙,,明清,山西省阳城县,
241.0,8-0241-3-044,长则普明寺,,明清,山西省平遥县,
242.0,8-0242-3-045,热留关帝庙,,明清,山西省古县,
243.0,8-0243-3-046,阳曲轩辕庙,,明清,山西省阳曲县,
244.0,8-0244-3-047,霍州鼓楼,,明清,山西省霍州市,
245.0,8-0245-3-048,东姚温牌坊,,明清,山西省永济市,
246.0,8-0246-3-049,阳城寿圣寺及琉璃塔,,明清,山西省阳城县,
247.0,8-0247-3-050,高平铁佛寺,,明清,山西省高平市,
248.0,8-0248-3-051,墙下关帝庙,,明清,山西省夏县,
249.0,8-0249-3-052,留晖洪福寺,,明清,山西省定襄县,
250.0,8-0250-3-053,五台山南山寺,,明至民国,山西省五台县,
251.0,8-0251-3-054,静乐文庙,,明至民国,山西省静乐县,
252.0,8-0252-3-055,汾阳后土圣母庙,,明至民国,山西省汾阳市,
253.0,8-0253-3-056,于成龙故居,,清,山西省方山县,
254.0,8-0254-3-057,阳武朱氏牌楼,,清,山西省原平市,
255.0,8-0255-3-058,阮氏双碑楼,,清,山西省河津市,
256.0,8-0256-3-059,解州同善义仓,,清,山西省运城市盐湖区,
257.0,8-0257-3-060,曲沃薛家大院,,清,山西省曲沃县,
258.0,8-0258-3-061,怀覃会馆,,清,山西省晋城市城区,
259.0,8-0259-3-062,五台山尊胜寺,,民国,山西省五台县,
260.0,8-0260-3-063,昆都仑召,,清,内蒙古自治区包头市昆都仑区,
261.0,8-0261-3-064,朝阳南塔,,辽,辽宁省朝阳市双塔区,
262.0,8-0262-3-065,开原崇寿寺塔,,辽金,辽宁省开原市,
263.0,8-0263-3-066,永安石桥,,清,辽宁省沈阳市于洪区,
264.0,8-0264-3-067,垂虹断桥,,元明,江苏省苏州市吴江区,
265.0,8-0265-3-068,西方寺大殿,,明,江苏省扬州市广陵区,
266.0,8-0266-3-069,常熟言子祠,,明,江苏省常熟市,
267.0,8-0267-3-070,洑溪徐氏宗祠,,明,江苏省宜兴市,
268.0,8-0268-3-071,南京鼓楼,,明清,江苏省南京市鼓楼区,
269.0,8-0269-3-072,仙鹤寺,,明清,江苏省扬州市广陵区,
270.0,8-0270-3-073,常州唐氏民宅,,明至民国,江苏省常州市天宁区,
271.0,8-0271-3-074,荡口华氏老义庄,,清,江苏省无锡市锡山区,
272.0,8-0272-3-075,安吉永安寺塔,,五代至南宋,浙江省安吉县,
273.0,8-0273-3-076,义乌大安寺塔,,北宋,浙江省义乌市,
274.0,8-0274-3-077,杭州忠义桥,,南宋,浙江省杭州市西湖区,
275.0,8-0275-3-078,灵鹫寺石塔,,南宋,浙江省丽水市莲都区,
276.0,8-0276-3-079,绍兴大善寺塔,,南宋,浙江省绍兴市越城区,
277.0,8-0277-3-080,南渡广济桥,,元、清,浙江省宁波市奉化区,
278.0,8-0278-3-081,詹宝兄弟牌坊,,明,浙江省松阳县,
279.0,8-0279-3-082,梅城南峰塔和北峰塔,,明,浙江省建德市,
280.0,8-0280-3-083,独山石牌坊,,明,浙江省遂昌县,
281.0,8-0281-3-084,湖州潮音桥,,明,浙江省湖州市吴兴区,
282.0,8-0282-3-085,林应麒功德牌坊,,明,浙江省仙居县,
283.0,8-0283-3-086,紫薇山民居,,明清,浙江省东阳市,
284.0,8-0284-3-087,石楠塘徐氏宗祠,,明清,浙江省金华市婺城区,
285.0,8-0285-3-088,赤岸朱宅建筑群,,明至民国,浙江省义乌市,
286.0,8-0286-3-089,厚吴村古建筑群,,明至民国,浙江省永康市,
287.0,8-0287-3-090,吴文简祠,,清,浙江省庆元县,
288.0,8-0288-3-091,下柏石陈大宗祠,,清,浙江省永康市,
289.0,8-0289-3-092,余姚通济桥,,清,浙江省余姚市,
290.0,8-0290-3-093,金清大桥,,清,浙江省温岭市,
291.0,8-0291-3-094,江山文昌宫,,清,浙江省江山市,
292.0,8-0292-3-095,兰溪通洲桥,,清,浙江省兰溪市,
293.0,8-0293-3-096,雅端村古建筑群,,清,浙江省义乌市,
294.0,8-0294-3-097,塘下方大宗祠,,清,浙江省义乌市,
295.0,8-0295-3-098,椒江戚继光祠,,清,浙江省台州市椒江区,
296.0,8-0296-3-099,东阳白坦民宅,,清,浙江省东阳市,
297.0,8-0297-3-100,芜湖广济寺塔,,北宋,安徽省芜湖市镜湖区,
298.0,8-0298-3-101,贵池百牙山塔,,明,安徽省池州市贵池区,
299.0,8-0299-3-102,贵池清溪塔,,明,安徽省池州市贵池区,
300.0,8-0300-3-103,滁州无梁殿,,明,安徽省滁州市琅琊区,
301.0,8-0301-3-104,池河太平桥,,明清,安徽省定远县,
302.0,8-0302-3-105,洪坑牌坊群及洪氏家庙,,明清,安徽省黄山市徽州区,
303.0,8-0303-3-106,三阳洪氏宗祠,,明清,安徽省歙县,
304.0,8-0304-3-107,屯溪镇海桥,,明清,安徽省黄山市屯溪区,
305.0,8-0305-3-108,石潭吴氏宗祠,,明清,安徽省歙县,
306.0,8-0306-3-109,蜀源牌坊群,,明清,安徽省黄山市徽州区,
307.0,8-0307-3-110,屏山舒氏祠堂,,明清,安徽省黟县,
308.0,8-0308-3-111,稠墅牌坊群,,明清,安徽省歙县,
309.0,8-0309-3-112,姥山塔,,明清,安徽省巢湖市,
310.0,8-0310-3-113,歙县太平桥,,明清,安徽省歙县,
311.0,8-0311-3-114,巴慰祖宅,,明清,安徽省歙县,
312.0,8-0312-3-115,歙县许氏宗祠,,明至民国,安徽省歙县,
313.0,8-0313-3-116,唐模檀干园,,清,安徽省黄山市徽州区,
314.0,8-0314-3-117,亳州薛阁塔,,清,安徽省亳州市谯城区,
315.0,8-0315-3-118,歙县鲍氏宗祠,,清,安徽省歙县,
316.0,8-0316-3-119,休宁登封桥,,清,安徽省休宁县,
317.0,8-0317-3-120,休宁同安堂,,清,安徽省休宁县,
318.0,8-0318-3-121,大阜潘氏宗祠,,清,安徽省歙县,
319.0,8-0319-3-122,泾县张氏宗祠,,清,安徽省泾县,
320.0,8-0320-3-123,昌溪太湖祠,,清,安徽省歙县,
321.0,8-0321-3-124,绩溪文庙,,清,安徽省绩溪县,
322.0,8-0322-3-125,荔城报恩寺塔,,北宋,福建省莆田市荔城区,
323.0,8-0323-3-126,崇福寺应庚塔,,北宋,福建省泉州市鲤城区,
324.0,8-0324-3-127,建瓯值庆桥,,明,福建省建瓯市,
325.0,8-0325-3-128,安溪土楼,,明清,福建省安溪县,
326.0,8-0326-3-129,黄道周讲学处,,明清,福建省漳浦县,
327.0,8-0327-3-130,芷溪宗祠建筑,,清,福建省连城县,
328.0,8-0328-3-131,福安黄氏祠堂,,清,福建省福安市,
329.0,8-0329-3-132,泉港土坑村古建筑群,,清,福建省泉州市泉港区,
330.0,8-0330-3-133,坂埔古厝,,清,福建省南安市,
331.0,8-0331-3-134,永春文庙,,清,福建省永春县,
332.0,8-0332-3-135,永泰庄寨建筑群,,清,福建省永泰县,
333.0,8-0333-3-136,采陔公祠,,清,福建省连城县,
334.0,8-0334-3-137,水美土堡群,,清,福建省沙县,
335.0,8-0335-3-138,浮梁双峰塔,,北宋,江西省浮梁县,
336.0,8-0336-3-139,福寿沟,,北宋,江西省赣州市章贡区,
337.0,8-0337-3-140,浮梁红塔,,北宋、明,江西省浮梁县,
338.0,8-0338-3-141,大司马牌坊,,明,江西省宜黄县,
339.0,8-0339-3-142,龙南乌石围,,明,江西省龙南县,
340.0,8-0340-3-143,济美石坊,,明,江西省奉新县,
341.0,8-0341-3-144,棠阴古建筑群,,明清,江西省宜黄县,
342.0,8-0342-3-145,官溪胡氏宗祠,,明清,江西省玉山县,
343.0,8-0343-3-146,十都王家大屋,,清,江西省上饶市广丰区,
344.0,8-0344-3-147,奎璧联辉民宅,,清,江西省广昌县,
345.0,8-0345-3-148,浮梁县衙,,清,江西省浮梁县,
346.0,8-0346-3-149,玉山考棚,,清,江西省玉山县,
347.0,8-0347-3-150,浒湾书坊建筑群,,清至民国,江西省金溪县,
348.0,8-0348-3-151,卧化塔,,唐,山东省成武县,
349.0,8-0349-3-152,郓城观音寺塔,,五代,山东省郓城县,
350.0,8-0350-3-153,洄村古楼,,明,山东省淄博市淄川区,
351.0,8-0351-3-154,王渔洋故居,,明至民国,山东省桓台县,
352.0,8-0352-3-155,安阳永和桥,,北宋,河南省安阳县,
353.0,8-0353-3-156,三祖庵塔,,金,河南省登封市,
354.0,8-0354-3-157,轵城关帝庙,,金、清,河南省济源市,
355.0,8-0355-3-158,丹霞寺塔林,,元至清,河南省南召县,
356.0,8-0356-3-159,禹州天宁万寿寺,,元至清,河南省禹州市,
357.0,8-0357-3-160,舞阳彼岸寺大殿,,元至清,河南省舞阳县,
358.0,8-0358-3-161,阳安寺大殿,,明,河南省镇平县,
359.0,8-0359-3-162,汝宁石桥,,明,河南省汝南县,
360.0,8-0360-3-163,延津大觉寺万寿塔,,明,河南省延津县,
361.0,8-0361-3-164,杞县大云寺塔,,明,河南省杞县,
362.0,8-0362-3-165,龙泉澧河石桥,,明,河南省叶县,
363.0,8-0363-3-166,原武城隍庙,,明清,河南省原阳县,
364.0,8-0364-3-167,许昌文庙,,明清,河南省许昌市魏都区,
365.0,8-0365-3-168,弦歌台,,明清,河南省周口市淮阳区,
366.0,8-0366-3-169,济源二仙庙,,明清,河南省济源市,
367.0,8-0367-3-170,登封玉溪宫,,明清,河南省登封市,
368.0,8-0368-3-171,侯湾泰山庙,,明清,河南省汝州市,
369.0,8-0369-3-172,温县遇仙观,,明清,河南省温县,
370.0,8-0370-3-173,大程书院,,清,河南省扶沟县,
371.0,8-0371-3-174,龙亭大殿,,清,河南省开封市龙亭区,
372.0,8-0372-3-175,偃师九龙庙,,清,河南省偃师市,
373.0,8-0373-3-176,怀邦会馆,,清,河南省禹州市,
374.0,8-0374-3-177,登封崇福宫,,清,河南省登封市,
375.0,8-0375-3-178,新安洞真观,,清,河南省新安县,
376.0,8-0376-3-179,宜阳福昌阁,,清,河南省宜阳县,
377.0,8-0377-3-180,偃师兴福寺大殿,,清,河南省偃师市,
378.0,8-0378-3-181,花洲书院,,清,河南省邓州市,
379.0,8-0379-3-182,黄梅高塔寺塔,,北宋,湖北省黄梅县,
380.0,8-0380-3-183,宜昌天然塔,,清,湖北省宜昌市伍家岗区,
381.0,8-0381-3-184,高家花屋,,清,湖北省竹山县,
382.0,8-0382-3-185,南边民居,,清,湖北省宜昌市夷陵区,
383.0,8-0383-3-186,丹江口饶氏庄园,,清至民国,湖北省丹江口市,
384.0,8-0384-3-187,麻城雷氏祠,,清至民国,湖北省麻城市,
385.0,8-0385-3-188,中田村古建筑群,,明至民国,湖南省常宁市,
386.0,8-0386-3-189,许家桥将军府,,明,湖南省永州市零陵区,
387.0,8-0387-3-190,板梁村古建筑群,,明清,湖南省永兴县,
388.0,8-0388-3-191,勾蓝瑶寨,,明至民国,湖南省江永县,
389.0,8-0389-3-192,湘昆古戏台,,清,湖南省桂阳县,
390.0,8-0390-3-193,杉木桥胡家大院,,清,湖南省永州市零陵区,
391.0,8-0391-3-194,石门文庙,,清,湖南省石门县,
392.0,8-0392-3-195,芷江文庙,,清,湖南省芷江侗族自治县,
393.0,8-0393-3-196,神下李氏宗祠,,清,湖南省宁远县,
394.0,8-0394-3-197,澧县多安桥,,清,湖南省澧县,
395.0,8-0395-3-198,虎溪黄氏宗祠,,清,湖南省蓝山县,
396.0,8-0396-3-199,溆浦崇实书院,,清,湖南省溆浦县,
397.0,8-0397-3-200,桃树湾刘氏大屋,,清,湖南省浏阳市,
398.0,8-0398-3-201,浦市镇古建筑群,,清,湖南省泸溪县,
399.0,8-0399-3-202,宝镜何家大院,,清至民国,湖南省江华瑶族自治县,
400.0,8-0400-3-203,梅城文武庙古建筑群,,清至民国,湖南省安化县,
401.0,8-0401-3-204,东安头翰林祠,,清至民国,湖南省宁远县,
402.0,8-0402-3-205,大颠祖师塔,,唐,广东省汕头市潮阳区,
403.0,8-0403-3-206,高州宝光塔,,明,广东省高州市,
404.0,8-0404-3-207,联丰花萼楼,,明,广东省大埔县,
405.0,8-0405-3-208,揭阳城隍庙,,明清,广东省揭阳市榕城区,
406.0,8-0406-3-209,陈白沙祠,,明清,广东省江门市蓬江区,
407.0,8-0407-3-210,国恩寺,,明至民国,广东省新兴县,
408.0,8-0408-3-211,沙湾留耕堂,,清,广东省广州市番禺区,
409.0,8-0409-3-212,大埔泰安楼,,清,广东省大埔县,
410.0,8-0410-3-213,冲虚古观,,清,广东省博罗县,
411.0,8-0411-3-214,龙门鹤湖围,,清,广东省龙门县,
412.0,8-0412-3-215,大埔光禄第,,清,广东省大埔县,
413.0,8-0413-3-216,桂林静江府城墙,,南宋至明,广西壮族自治区桂林市叠彩区、秀峰区,
414.0,8-0414-3-217,来宾文辉塔,,明,广西壮族自治区来宾市兴宾区,
415.0,8-0415-3-218,左江归龙斜塔,,明清,广西壮族自治区崇左市江州区,
416.0,8-0416-3-219,贺州江氏客家围屋,,清,广西壮族自治区贺州市八步区,
417.0,8-0417-3-220,乐湾村古建筑群,,清至民国,广西壮族自治区恭城瑶族自治县,
418.0,8-0418-3-221,石𱵄村冯氏祠堂,,明清,海南省澄迈县,
419.0,8-0419-3-222,琼山侯家大院,,清,海南省海口市琼山区,
420.0,8-0420-3-223,溪北书院,,清,海南省文昌市,
421.0,8-0421-3-224,湾底谭氏民居,,清,重庆市石柱土家族自治县,
422.0,8-0422-3-225,花林寺大殿,,元,四川省盐亭县,
423.0,8-0423-3-226,蓬溪金仙寺大殿,,元,四川省蓬溪县,
424.0,8-0424-3-227,南部永安庙大殿,,元至清,四川省南部县,
425.0,8-0425-3-228,盐亭文星庙,,明,四川省盐亭县,
426.0,8-0426-3-229,泸县圆通寺,,明,四川省泸县,
427.0,8-0427-3-230,龙藏寺,,明清,四川省成都市新都区,
428.0,8-0428-3-231,蓝池庙,,明清,四川省三台县,
429.0,8-0429-3-232,七宝寺,,明清,四川省南充市嘉陵区,
430.0,8-0430-3-233,福宝古建筑群,,明清,四川省合江县,
431.0,8-0431-3-234,南部观音庵大殿,,明清,四川省南部县,
432.0,8-0432-3-235,井研雷氏民居,,清,四川省井研县,
433.0,8-0433-3-236,屏山龙氏山庄,,清,四川省屏山县,
434.0,8-0434-3-237,自贡玉川公祠,,清,四川省自贡市自流井区,
435.0,8-0435-3-238,甘孜惠远寺,,清,四川省道孚县,
436.0,8-0436-3-239,正安尹道真务本堂,,明清,贵州省正安县,
437.0,8-0437-3-240,镇远天后宫,,清,贵州省镇远县,
438.0,8-0438-3-241,泸西万寿寺三佛殿,,明,云南省泸西县,
439.0,8-0439-3-242,建水土主庙,,明清,云南省建水县,
440.0,8-0440-3-243,蒙自玉皇阁,,明清,云南省蒙自市,
441.0,8-0441-3-244,建水玉皇阁及崇文塔,,明清,云南省建水县,
442.0,8-0442-3-245,新安所古建筑群,,明清,云南省蒙自市,
443.0,8-0443-3-246,期纳古建筑群,,明清,云南省永胜县,
444.0,8-0444-3-247,天峰山古建筑群,,明至民国,云南省祥云县,
445.0,8-0445-3-248,弥渡五台大寺,,明至民国,云南省弥渡县,
446.0,8-0446-3-249,云南提督府旧址,,清,云南省大理市,
447.0,8-0447-3-250,叶枝土司衙署,,清,云南省维西傈僳族自治县,
448.0,8-0448-3-251,洄澜桥阁,,清,云南省石屏县,
449.0,8-0449-3-252,江川文庙,,清,云南省玉溪市江川区,
450.0,8-0450-3-253,流浪河磨房群,,清,云南省凤庆县,
451.0,8-0451-3-254,墨江文庙,,清,云南省墨江哈尼族自治县,
452.0,8-0452-3-255,海口川字闸,,清,云南省昆明市西山区,
453.0,8-0453-3-256,建水学政考棚,,清,云南省建水县,
454.0,8-0454-3-257,同乐傈僳族民居建筑群,,清至民国,云南省维西傈僳族自治县,
455.0,8-0455-3-258,保山光尊寺,,清至民国,云南省保山市隆阳区,
456.0,8-0456-3-259,曲西碉楼群,,北宋至明,西藏自治区洛扎县,
457.0,8-0457-3-260,乃宁曲德寺,,北宋至清,西藏自治区康马县,
458.0,8-0458-3-261,艾旺寺,,北宋至清,西藏自治区康马县,
459.0,8-0459-3-262,达律王府,,元,西藏自治区贡觉县,
460.0,8-0460-3-263,西安二龙塔,,唐,陕西省西安市长安区,
461.0,8-0461-3-264,富平万斛寺塔,,唐,陕西省富平县,
462.0,8-0462-3-265,蒲城海源寺塔,,金,陕西省蒲城县,
463.0,8-0463-3-266,户县化羊庙东岳献殿,,元至清,陕西省西安市鄠邑区,
464.0,8-0464-3-267,合阳千金塔,,明,陕西省合阳县,
465.0,8-0465-3-268,柳枝关帝庙,,明清,陕西省韩城市,
466.0,8-0466-3-269,马庄华严寺,,明至民国,陕西省韩城市,
467.0,8-0467-3-270,蒲城考院,,清,陕西省蒲城县,
468.0,8-0468-3-271,米脂常氏庄园,,清至民国,陕西省米脂县,
469.0,8-0469-3-272,福津广严院,,南宋、清,甘肃省陇南市武都区,
470.0,8-0470-3-273,武山圣寿寺,,元至民国,甘肃省武山县,
471.0,8-0471-3-274,正宁文庙大成殿,,明,甘肃省正宁县,
472.0,8-0472-3-275,张掖东仓,,明清,甘肃省张掖市甘州区,
473.0,8-0473-3-276,静宁文庙,,明清,甘肃省静宁县,
474.0,8-0474-3-277,永昌北海子塔,,明清,甘肃省永昌县,
475.0,8-0475-3-278,天水纪信祠,,明至民国,甘肃省天水市秦州区,
476.0,8-0476-3-279,张掖高总兵宅院,,清,甘肃省张掖市甘州区,
477.0,8-0477-3-280,天祝东大寺,,清,甘肃省天祝藏族自治县,
