line_no,name,building_type,start_dynasty,start_year,century,century_num,province,address,start_time_confidence,建筑结构体系_terms,建筑材料_terms,建筑功能_terms,营造技艺_terms,建筑空间布局_terms,material_categories
11,安济桥,桥梁,隋,595,6世纪,6,河北省,河北省赵县,0.96,拱券结构;敞肩拱;石拱桥,石材;石灰砂浆;铁榫,交通桥梁;泄洪通道,干砌法;拱券砌筑;铁件加固,单跨拱桥;对称布局,灰浆胶结类;石材类;金属类
13,永通桥,桥梁,唐,765,8世纪,8,河北省,河北省赵县,0.85,单孔敞肩弧形坦拱;并列券敞肩式;纵向并列砌筑,石桥;拱券石;浮雕石材,通济交通;车行便桥,纵向并列砌筑法;斗子蜀柱;荷叶墩;驼峰托斗,主副拱组合;四小拱伏设;桥面梯形平面,石材类
53,故宫,宫殿,明,1406,15世纪,15,北京市,北京市,0.98,九梁十八柱七十二条脊;抬梁式,汉白玉;木材,外朝;内廷;佛堂,预制拼装;官式营造,中轴对称;外朝内廷;院落组合,木材类
65,沈阳故宫,宫殿,清,1625,17世纪,17,辽宁省,辽宁省沈阳市,0.99,重檐八角亭式;彻上明造;单檐硬山顶;须弥座台基,绿剪边黄琉璃瓦;大青石;黑琉璃瓦;宝瓶火焰珠攒尖顶,理政殿;登基大典场所;藏书阁,修缮开放展示,东路-中路-西路三段式;宫高殿低;八旗帐殿布局,石材类;砖瓦类
66,国子监,官府,隋,581,6世纪,6,北京市,北京市东城区,0.92,合院式布局;中轴对称,青砖灰瓦;木构架,中央官学;科举考核;士子教育;德行规管;留学生接待,抬梁式构架;官式彩画,成贤街;四牌楼;国子监街;牌坊布局,木材类;砖瓦类
73,杜甫草堂,民居,唐,760,8世纪,8,四川省,四川省成都市,0.95,中轴对称;回廊结构,茅草;木材,展览馆;纪念祠;书斋,茅屋营造;传统木构,中轴线布局;对称回廊;围院结构,木材类
76,避暑山庄,宫殿,清,1703,18世纪,18,河北省,河北省承德市,0.99,汉藏结合式;藏式寺庙;汉式寺庙,楠木;金漆木雕;铜,行宫;听政殿;接见外使;皇家园林,取法自然;融合南北造园艺术;仿天一阁,宫殿区与苑景区;湖泊区;平原区;山峦区,木材类;金属类
91,皇史宬,官府,明,1534,16世纪,16,北京市,北京市,0.99,拱券式无梁结构;砖木仿石结构;庑殿顶,磨砖;汉白玉;黄琉璃筒瓦;樟木,皇家档案馆;石室金匮,拱券砌筑;防潮构造;防火设计,围院结构;中轴对称布局;配殿对置,木材类;砖瓦类
94,古观象台,官府,明,1442,15世纪,15,北京市,北京市,0.98,城堡式高台;展厅结构,灰砖,国家天文台;钦天监外署;博物馆,大规模维修;内部掏空改建,四合院;观象台与四合院组合;围院结构,砖瓦类
99,蓬莱水城及蓬莱阁,官府,宋,1061,11世纪,11,山东省,山东省蓬莱县,0.98,水门;防波堤;城墙;敌台;炮台,土城;包砖,海防要塞;水军基地;操练水师;停泊船舰,土城夯筑;外包砖砌;依山就势,不规则长方形;山麓依附;南宽北窄;山城一体,土类;砖瓦类
102,恭王府及花园,官府,清,1777,18世纪,18,北京市,北京市,0.92,四合院;后罩楼;多进院落;三路并列,青砖灰瓦;木构架;琉璃构件,祭祀空间;戏楼演出;厅堂会客,抬梁式构架;榫卯结构;彩画装饰,中轴对称;三路分区;前府后园;院落串联,木材类;砖瓦类
103,网师园,民居,宋,1174,12世纪,12,江苏省,江苏省苏州市,0.85,宅园合一;中轴对称;四进院落,石材;木材;砖瓦,宴乐空间;书房;夜花园,叠石;临水布局;亭宇增建,中轴主园;内园紧凑;池水为中心;东宅西园,木材类;石材类;砖瓦类
116,正阳门,官府,明,1419,15世纪,15,北京市,北京市,0.99,木结构;重檐歇山顶;砖砌城台;菱花格扇门窗,木材;朱红砖;灰筒瓦;绿琉璃剪边,御用门道;箭窗防御;国货陈列所;礼制通道,形制放大重建;西洋纹饰融合;汉白玉栏杆加设;半弧形遮阳华盖,瓮城布局;城楼-箭楼对置;月墙侧门;庙宇对称配置,木材类;砖瓦类
117,清远楼,官府,明,1482,15世纪,15,河北省,河北省张家口市宣化区,0.98,高台楼阁式;重檐歇山顶;回廊结构;抱厦,青砖;条石;琉璃瓦;布瓦,钟楼;报时建筑;镇城设施,三踩单翘斗拱;九踩斗拱;通天柱;六椽结构,十字门洞;四门通衢;中心偏东布局,石材类;砖瓦类
118,光岳楼,官府,明,1374,14世纪,14,山东省,山东省聊城市,0.92,四重檐十字脊;全木结构;楼阁式;金柱支撑;斗拱结构,木材;基条石;余木,瞭望;御敌;军事指挥,浅性基础;斗拱营造;原物保留修缮,中心对称布局;面阔进深递减;拱门四向设制;单入口通达,木材类;石材类
119,岳阳楼,官府,东汉,215,3世纪,3,湖南省,湖南省岳阳市,0.96,纯木结构;盔顶;四柱;飞檐;如意斗拱,楠木;玻璃筒瓦;桐油石灰;糯米粉调细瓷灰,阅军楼;宴席之地;观览风景;凭吊场所,榫合结构;无钉构造;桐油石灰粘结;糯米灰浆砌筑,三层楼阁;后移布局;贴金雕花门窗,木材类;灰浆胶结类;石材类;砖瓦类
120,观音桥,桥梁,宋,1014,11世纪,11,江西省,江西省星子县,0.9,石拱桥,石材,交通桥梁;文物保护单位,干砌石工;券拱技术,单孔拱券;跨涧而建,石材类
122,广济桥,桥梁,宋,1171,12世纪,12,广东省,广东省潮州市,0.98,浮梁结合结构;梁桥;浮桥;拱桥;十八梭船廿四洲,石材;木材;铁件,交通要津;旅游观光步行桥,启闭式桥梁;梁桥与浮桥并存,横跨韩江;联结东西两岸;十八梭船廿四洲,木材类;石材类;金属类
123,古纤道,桥梁,唐,815,9世纪,9,浙江省,浙江省绍兴市,0.96,石墩梁桥;拱桥;实体纤道;双面临水纤道;单面靠岸纤道,条石;石板;石砌;石甃,行舟背纤通道;运河附属设施;纤道,石砌工艺;石甃修葺;大规模修整,水中长堤;两面环水;笔直无曲;线性延展,石材类
124,直隶总督署,官府,清,1730,18世纪,18,河北省,河北省保定市,0.85,抬梁式;穿斗式,木材;砖石;琉璃瓦,官署;行政办公,榫卯结构;糯米灰浆,中轴对称;围院结构,木材类;石材类;砖瓦类
125,卓克基土司官寨,官府,元,1286,13世纪,13,四川省,四川省马尔康县,0.85,石木结构;收分墙体;通高柱;横梁穿插,青石;黄泥;木材;片石,政教中心;居住空间;防御碉楼;经堂空间,暗榫连接;子母榫;树枝泥土层;望板铺筑,四合院式;中轴对称;天井回廊;四方碉楼,木材类;石材类
126,大屯土司庄园,官府,清,1821,19世纪,19,贵州省,贵州省毕节县,0.95,砖木结构,砖;木材,大堂;正堂;祠堂;绣楼;仓房,依山而建;三路分合;院落联通,三路布局;中轴对称;院落联通,木材类;砖瓦类
139,泰宁尚书第,官府,明,1621,17世纪,17,福建省,福建省泰宁县,0.95,木构架;抬梁式,青砖;木材;石材,府第;尚书府邸,榫卯结构;雕花装饰,五福堂;三进院落;坐西朝东;多院并联,木材类;石材类;砖瓦类
140,丁村民宅,民居,明,1593,16世纪,16,山西省,山西省襄汾县,0.96,四合院;单体四合院;二进四合院,木材;砖石,正厅;厢房;绣楼;观景楼;民俗博物馆,抬梁式构架;木雕装饰;砖雕工艺,四合院格局;北中南三组群;疏密均匀;错落有致,木材类;石材类;砖瓦类
141,潜口民宅,民居,明,1368,14世纪,14,安徽省,安徽省歙县,0.85,抬梁式;穿斗式,砖石;木材,民宅;祠堂;路亭;石牌坊,原貌复建;拆迁重建,传统村落布局;顺地势布局;单体建筑式样,木材类;石材类;砖瓦类
142,东阳卢宅,民居,宋,1421,15世纪,15,浙江省,浙江省东阳县,0.85,抬梁式木构架;穿斗式木构架,木材;木雕,家族聚居;宗祠功能,木雕工艺;九进厅堂营造,轴线对称;多进院落;宗支建筑群;纵深布局,木材类
143,祥集弄民宅,民居,明,1465,15世纪,15,江西省,江西省景德镇市,0.95,穿斗式;抬梁式;木构架;五架穿斗式;穿斗抬梁混合式,木材;石雕,江南城镇民宅;民居建筑,石雕装饰;构件纹饰,天井;四正两厢;上堂下堂;后房,木材类;石材类
144,崇礼住宅,民居,清,1875,19世纪,19,北京市,北京市东城区（东四六条63－65号四合院）,0.9,抬梁式;木构架,木材;砖石,住宅;花园;宿舍,装饰精美;布局严谨,三路院落;南北轴线;围院结构;院落贯通,木材类;石材类;砖瓦类
145,牟氏庄园,民居,清,1723,18世纪,18,山东省,山东省栖霞县,0.98,套院式;四合院;多重院落,木材;砖石;生土,家宅;私塾;耕读空间,抬梁式;穿斗式;糯米灰浆,套院式布局;三组六院;四至六进,土类;木材类;石材类;砖瓦类
148,十笏园,民居,清,1885,19世纪,19,山东省,山东省潍坊市,0.95,木构架;院落式,假山石;木材;砖石,私家园林;文化收藏;影视取景,叠石理水;小中见大;借景,紧凑布局;庭院组合;山水点景;小中见大,木材类;石材类;砖瓦类
149,罗布林卡,宫殿,清,1740,18世纪,18,西藏自治区,西藏自治区拉萨市,0.96,歇山博脊挑角;汉式金顶;石墙贝玛草顶,方石;贝玛草;黄釉,夏宫;宗教法事场所;行政办公场所,汉式亭台楼阁;唐卡装饰;壁画彩绘,多组院落群;湖心亭布局;主体建筑群分区,石材类
150,何园,民居,清,1862,19世纪,19,江苏省,江苏省扬州市,0.98,双层折廊;复廊;楼廊,石材;砖石,住宅园林;祠堂;后花园;园居院落,叠山;假山造景;片石叠山,前宅后园;双层廊分划;复廊通全园,石材类;砖瓦类
151,个园,民居,明,1818,19世纪,19,江苏省,江苏省扬州市,0.85,前宅后院;江南私家园林结构,压舱石;假山石,盐商园林;名园,四季假山;石垒造景,庭院楼阁布局;围院结构;南北轴线布局,石材类
213,旅顺监狱旧址,官府,清,1902,20世纪,20,辽宁省,辽宁省大连市,0.98,三叉形布局;双层牢房楼;铁网监视结构,红砖;青砖;砖砌围墙,牢房;刑讯室;绞刑室;监狱工厂;教诲室,砖砌工艺,大字形布局;西南入口布局;分区功能布局;东部工厂区,砖瓦类
217,龙脑桥,桥梁,明,1378,14世纪,14,四川省,四川省泸县,0.95,石质梁桥;梁桥结构,石材;石料,交通桥梁;跨河桥,石雕工艺;瑞兽雕刻;迎水雕饰,多墩梁式布局;对称墩位布置;中轴石梁架设,石材类
253,姬氏民居,民居,元,1294,13世纪,13,山西省,山西省高平市,0.98,彻上露明造;四椽栿;单檐悬山顶;三柱式,砂岩;砂石柱;素面覆盆式柱础,民居;住宅,四铺作单抄计心造;麻叶形耍头;隐刻泥道慢栱;收分侧角,坐北朝南;面阔三间;进深六椽;矩形平面,石材类
255,绛州大堂,官府,唐,1271,13世纪,13,山西省,山西省新绛县,0.95,减柱造;大额式结构;单檐歇山顶;八椽进深;面阔七间,古朴木材;覆盆式莲花柱础,州署正堂;帅正堂;官署办公场所,减柱造;大额式结构;五铺作双下昂;重栱计心造,坐北朝南;面阔七间;进深八椽;前抱厦三间,木材类
257,霍州州署大堂,官府,元,1304,14世纪,14,山西省,山西省霍州市,0.95,单檐歇山顶;六椽栿对乳栿;通檐用三柱;抬梁式,自然材;木材,衙署主堂;政权机构遗存,山西元代地方手法;粗加工营造,中轴对称布局;月台高起;坐北朝南,木材类
268,北京鼓楼、钟楼,官府,元,1272,13世纪,13,北京市,北京市东城区,0.99,砖石结构;无梁式券洞;三重檐歇山顶;台基结构,灰筒瓦;绿琉璃剪边;黑琉璃瓦;砖石,报时建筑;定更设施;公共文化空间,单昂单翘五踩斗栱;旋子彩画;砖雕仿木;无梁券洞砌筑,中轴线布局;坐北朝南;十字形券洞;面阔五间进深三间,石材类;砖瓦类
274,万里长城－九门口,桥梁,南北朝,1381,14世纪,14,辽宁省,辽宁省绥中县、河北省抚宁县,0.92,跨河城桥;梭形桥墩;边台;围城;敌楼,方石;巨型木门,军事防御体系;泄洪通道;关隘防御,石砌河床;券门结构;双层木门安装,南北走向;纵深布局;关城组合;烽火台配置,木材类;石材类
275,䌽衣堂,民居,明,1368,14世纪,14,江苏省,江苏省常熟市,0.85,五架梁;前后廊;九椽屋;硬山顶,木材;砖;石材,主厅;孝道文化空间,苏式彩绘;梁柱彩绘,主轴线第三进;三间面阔,木材类;石材类;砖瓦类
276,诸葛、长乐村民居,民居,宋,1270,13世纪,13,浙江省,浙江省兰溪市,0.85,木构架;穿斗式,青砖;木材;马头墙,宗祠;住宅;厅堂,雕花门窗;天井院落,九宫八卦阵,木材类;砖瓦类
280,老屋阁及绿绕亭,民居,元,1328,14世纪,14,安徽省,安徽省黄山市,0.96,砖木结构;分心三柱;卷杀;宋法式做法,砖;木材,楼上厅;过街亭;飞来椅,卷杀;柱有收分;侧脚;插栱,口字形四合院;5间3进;人字形山墙;不对称布局,木材类;砖瓦类
284,归德府城墙,官府,明,1503,16世纪,16,河南省,河南省商丘县,0.95,砖城墙;土城墙;瓮城;敌台;角楼,生土;砖石,防御体系;三位一体防御,维修加固;城墙修缮,四门八开;瓮城布局;城湖格局,土类;石材类;砖瓦类
289,许驸马府,民居,宋,1064,11世纪,11,广东省,广东省潮州市,0.98,驷马拖车;工字格局;三进五开间,青砖;木构架;灰瓦屋面,私府;宋代建筑遗存,抬梁式构架;穿斗式构架;潮州传统砌筑,三进五开间;火巷;天井院落;围屋布局,木材类;砖瓦类
291,莫土司衙署,官府,明,1582,16世纪,16,广西壮族自治区,广西壮族自治区忻城县,0.99,砖木结构,砖;木材,衙署;府第,抬梁式;穿斗式;榫卯结构,中轴对称;围院结构;坐南朝北,木材类;砖瓦类
292,靖江王府及王陵,宫殿,明,1372,14世纪,14,广西壮族自治区,广西壮族自治区桂林市,0.98,夯土城墙;外包条石;城砖包砌;四门对称;中轴线布局,夯土;条石;城砖;石材,王府;贡院;御苑;寝宫;行政驻地,传统夯筑;石作工艺,前朝后寝;中轴对称;围山布局;多进建筑;附属院落群,土类;石材类;砖瓦类
293,丘浚故居及墓,民居,明,1369,14世纪,14,海南省,海南省琼山市、海口市,0.95,单檐硬山式;简板布瓦顶,黄棱木;石,藏书,木构架;石雕,三进院落;面阔三间;神道;石象生;石牌坊,木材类;石材类
308,盂城驿,官府,明,1375,14世纪,14,江苏省,江苏省高邮市,0.99,抬梁式;木构架,红木;砖石,接官厅;驿丞宅;马神庙;驿卒舍,传统木作;明代营造法,围院结构;坐北朝南;多进院落,木材类;石材类;砖瓦类
309,玉海楼,民居,清,1888,19世纪,19,浙江省,浙江省瑞安市,0.99,重檐结构;木制结构;回廊连接,木材;砖,藏书楼;民居;私家园林,传统木构架;砖筑台门;仿木牌楼式,三轴并联;前后两进;天井回廊;坐北朝南,木材类;砖瓦类
310,二宜楼,民居,清,1740,18世纪,18,福建省,福建省华安县,0.98,单元式围楼;双环圆形土楼;垂直单元结构,生土;红壤;杉木条;糯米粉汤;火烧瓦,居防合一;四代同堂;仓储防御,夯土技艺;整墙倾斜干固法;土楼营造技艺,垂直单元布局;双环结构;分层功能布局,土类;木材类;砖瓦类
311,魏氏庄园,民居,清,1865,19世纪,19,山东省,山东省惠民县,0.98,砖木结构;抬梁式,青砖;木材;灰瓦,民居;防御性住宅,雕花门窗;硬山顶,三堂并列;院落组合;轴线布局;组团式布局,木材类;砖瓦类
312,丁氏故宅,民居,清,1736,18世纪,18,山东省,山东省龙口市,0.92,砖木结构;硬山顶;砖石木结构;北方硬山式,青瓦;花岗岩;糯米灰浆;白石灰,宅第;博物馆;营房;学校,隔扇门窗;雕梁画栋;糯米灰浆砌筑,中轴对称布局;四合院落;五进院落;四路堂院;私家园林,灰浆胶结类;石材类;砖瓦类
315,内乡县衙,官府,元,1304,14世纪,14,河南省,河南省内乡县,0.98,单檐硬山;面阔五间;飞椽;中轴线布局,木材;砖石,政务活动场所;审案空间;办公起居;监狱;狱神庙,清代官式营造;南北风格融合;礼制规制施工,坐北朝南;前朝后寝;左文右武;狱房居南;五门制度,木材类;石材类;砖瓦类
318,满堂围,民居,清,1833,19世纪,19,广东省,广东省始兴县,0.95,方围;围楼;四合院式布局;城堡式结构,砖瓦;砖石,民俗研究载体;古建筑研究实物;客家文化展示空间,客家四角楼工艺;传统砌筑技艺,三围单元组合;围院结构;北方城堡与四合院融合布局,石材类;砖瓦类
322,夕佳山民居,民居,明,1612,17世纪,17,四川省,四川省江安县,0.98,穿斗式;悬山顶,木材;青瓦;石材,民居;旅游景区,穿斗构架;木构榫卯;台基砌筑,四合院式;三进院落;中轴对称;多天井,木材类;石材类;砖瓦类
326,伊犁将军府,官府,清,1762,18世纪,18,新疆维吾尔自治区,新疆维吾尔自治区伊宁市,0.96,抬梁式;硬山顶;歇山顶,土坯;青瓦,衙署;金库;粮仓;文庙,抬梁式结构;落架维修,中轴对称;三重门院;四合院;坐北朝南,土类;砖瓦类
328,可园,民居,清,1850,19世纪,19,北京市,北京市东城区,0.95,木构架;抬梁式,青砖;木材;灰塑,住宅;庭院;书斋;博物馆;文物展示,岭南灰塑;砖雕;木雕,亭台楼阁;山水桥榭;厅堂轩院;高低错落;曲折回环,木材类;砖瓦类
329,孚王府,宫殿,清,1730,18世纪,18,北京市,北京市朝阳区,0.98,中轴对称;三路布局;前庭后寝;银安殿制,青砖灰瓦;木构架;硬山顶,居住区;府库;执事住所;厨厩,抬梁式;斗拱结构;榫卯连接,三路院落;坐北朝南;中轴线布局;后罩楼庭院,木材类;砖瓦类
330,景山,宫殿,金,1179,12世纪,12,北京市,北京市西城区,0.85,土山结构;亭台殿阁组合,生土;渣土,皇家园林;习射场所;祭祖空间;官学场所,堆筑法;土山营造,中轴对称;制高点布局;殿宇移建,土类
343,鸡鸣驿城,官府,辽,1368,14世纪,14,河北省,河北省怀来县,0.6,夯土城墙;木构架,青砖;灰瓦;夯土,驿站;驿城,夯筑;砖砌,贺家大院;明清古建筑群;围院结构,土类;砖瓦类
345,定州贡院,官府,清,1738,18世纪,18,河北省,河北省定州市,0.99,半四角攒尖顶;楼阁式;面阔七间;进深九间,石碑,科举考场;考生应试场所;考官办公居住,攒尖顶营造;中轴对称营造;木构架施工,中轴式布局;坐北朝南;影壁起点;方形平面,石材类
353,腰山王氏庄园,民居,清,1647,17世纪,17,河北省,河北省顺平县,0.98,四合院;三进院落;贯通式院落,石材;青砖;木材,将军府邸;豪门宅第;清代官宅,石雕;砖雕;木雕,四合院群;三进四合院;轴线对称布局;南园北堂格局,木材类;石材类;砖瓦类
357,大同九龙壁,宫殿,明,1392,14世纪,14,山西省,山西省大同市,0.95,须弥座;壁顶;壁体,琉璃;灰砖,照壁;装饰性临街建筑;彰显地位,浮雕;琉璃烧制;构图严谨,对称布局;临街设置,砖瓦类
367,边靖楼,官府,明,1374,14世纪,14,山西省,山西省代县,0.99,砖木结构;四檐歇山顶;重檐楼阁;回廊结构;平坐层,砖;木材;石券,军事瞭望;指挥作战;制高点防御,斗栱;五踩重翘;五踩重昂;六架椽屋;重叠柱网,坐北朝南;台基楼身组合;面阔七间;进深五间;上楼马道,木材类;石材类;砖瓦类
388,临晋县衙,官府,元,1297,13世纪,13,山西省,山西省临猗县,0.94,单檐硬山顶;面阔五间;进深六椽;进深三间,木构架;青砖墙体;灰瓦屋面,县级行政机构;理政场所;衙署建筑,抬梁式构架;斗栱铺作;榫卯结构,坐北朝南;中轴对称;三堂序列,木材类;砖瓦类
394,乔家大院,民居,清,1756,18世纪,18,山西省,山西省祁县,0.98,城堡式建筑群;悬山顶;硬山顶;歇山顶;卷棚顶,黄椽木;砖石;木材,防御性住宅;民俗博物馆;封闭式院落,清代北方民居风格;中西合璧营造法;多样化门窗结构,囍字形布局;四合院;穿心院;偏正套院;过庭院,木材类;石材类;砖瓦类
412,和硕恪靖公主府,官府,清,1697,17世纪,17,内蒙古自治区,内蒙古自治区呼和浩特市,0.95,硬山式;卷棚式;大木架结构,汉白玉;木材,公主府邸;博物馆,传统礼制营造;中轴对称施工,中轴对称布局;四进院落;东西厢房,木材类
415,徐霞客故居及晴山堂石刻,民居,明,1368,14世纪,14,江苏省,江苏省江阴市,0.9,三进院落;抬梁式,砖雕;砖石,纪念性建筑;陈列展示;孝亲庆贺,明式砖雕;镌刻工艺,三进院落;坐北朝南;厢房对称,石材类;砖瓦类
416,退思园,民居,清,1885,19世纪,19,江苏省,江苏省苏州市,0.98,木构架;抬梁式;穿斗式,砖石;木材,待客;居住;宴客,环水布局;紧凑布局;亭廊结合,横向布局;回廊围合;住宅-庭院-花园序列,木材类;石材类;砖瓦类
417,宝带桥,桥梁,唐,816,9世纪,9,江苏省,江苏省苏州市,0.98,联拱石桥;多孔石桥;连拱石桥,石材;石砌,纤道桥;交通桥,干砌法;拱券砌筑;石构榫卯,南北向布局;跨河布局;平行运河布局,石材类
418,耦园,民居,清,1723,18世纪,18,江苏省,江苏省苏州市,0.95,重楼连接;四进厅堂;两两呼应,黄石;湖石;假山石,书斋;藏书楼;住宅园林,黄石叠山;湖石理水;对景借景,中轴对称;东西对偶;山主池辅;三段式布局,石材类
420,水绘园,民居,明,1573,16世纪,16,江苏省,江苏省如皋市,0.85,画舫式;二层楼阁,木材;砖石,客座;暖阁,传统木构;榫卯结构,临水布局;画舫式布局;池畔建筑,木材类;石材类;砖瓦类
421,古月桥,桥梁,宋,1213,13世纪,13,浙江省,浙江省义乌市,0.99,单拱折边形石拱桥;五边形拱;纵联分节并列砌置,条石;横锁石,交通桥梁;跨河通道,纵联分节并列砌置法;横锁石承接,单跨拱桥;引桥对称布局,石材类
422,黄山八面厅,民居,清,1796,18世纪,18,浙江省,浙江省义乌市,0.98,中轴对称;横纵轴线布局,木材;砖石;木雕,八厅七井;前园后宅,木雕;砖雕;石雕,中轴线布局;三合院;前园后宅,木材类;石材类;砖瓦类
428,如龙桥,桥梁,明,1625,17世纪,17,浙江省,浙江省庆元县,0.65,木拱廊桥;单孔木拱;廊屋结构,木材;木构,交通通行;休憩遮蔽;亭台楼阁复合功能,宋代遗风;木拱架设技艺,九间廊屋;南北走向;横跨溪流,木材类
431,文澜阁,官府,清,1782,18世纪,18,浙江省,浙江省杭州市,0.98,重檐歇山顶;六开间;夹层结构;仿天一阁式,砖石;木材;奇石,藏书阁;四库全书贮藏;图书馆前身,传统江南营造法;庭院叠山技艺,三进院落;江南庭院式布局;池阁相映格局;轴线对称布局;仿天一阁布局,木材类;石材类;砖瓦类
433,八字桥,桥梁,宋,1131,12世纪,12,浙江省,浙江省绍兴市,0.75,梁桥;石拱桥,石材;砖石,古桥;交通设施,干砌石工;榫卯石构,八字形布局;多向引桥,石材类;砖瓦类
434,吕府,官府,明,1554,16世纪,16,浙江省,浙江省绍兴市,0.95,硬山式,木材;青砖;石材,府邸,彩绘,纵轴横轴布局;十三院落;吕府十三厅,木材类;石材类;砖瓦类
436,台州府城墙,官府,东晋,317,4世纪,4,浙江省,浙江省临海市,0.95,马面;瓮城;弧形马面;依山就势布局,砖石;糯米灰浆,军事防御;防洪堤;城门防洪,砖石包砌;弧形马面工艺;天窗结构;捍城护城技术,子母双城;棋盘式街巷;两山两水格局;不规则城池轮廓,灰浆胶结类;石材类;砖瓦类
440,绮园,民居,清,1870,19世纪,19,浙江省,浙江省海盐县,0.98,硬山顶;九檩;堂楼;三乐堂,砖雕;青砖,住宅;园林;疗养院;公共公园,水随山转，山因水活;三山夹两池;自然山水造园;苏扬杭融合风格,三山夹两水;南北两区;九曲桥;潭影轩;绮园十景,砖瓦类
441,斯氏古民居建筑群,民居,唐,1644,17世纪,17,浙江省,浙江省诸暨市,0.75,木构架;穿斗式,青砖;木材;石材,聚族而居;宗族建筑,江南民居建筑技术;生态营造,围院结构;合院组合;轴线对称,木材类;石材类;砖瓦类
449,程氏三宅,民居,元,1368,14世纪,14,安徽省,安徽省黄山市,0.85,穿斗式;砖木结构,砖;木材,民居,木雕;砖雕;石雕,一脊两堂;三合院;天井;五开间,木材类;砖瓦类
452,宏村古建筑群,民居,宋,1131,12世纪,12,安徽省,安徽省黟县,0.99,天井院落;回廊式;二进院落,木材;砖雕;石雕,住宅;宗祠;书院;私家园林,木雕;砖雕;石雕,牛形布局;水街巷;月沼中心布局,木材类;石材类;砖瓦类
453,西递村古建筑群,民居,宋,1086,11世纪,11,安徽省,安徽省黟县,0.95,穿斗式;抬梁式;徽派木构架,青石;木材;砖石,古民居;祠堂;公共建筑,木雕;石雕;砖雕;石雕漏窗,主道贯穿东西;街巷沿溪而设;窄巷纵横;小广场前置,木材类;石材类;砖瓦类
457,安贞堡,民居,清,1885,19世纪,19,福建省,福建省永安市,0.98,夯土墙;跑马道;碉楼;悬山式顶;歇山式顶,石料;生土;松木;楠木,防御功能;谷仓;会客厅;贮藏间,木雕;彩绘;泥塑;壁画;浮雕,三进院落;围院结构;天井布局;依山就势,土类;木材类;石材类
459,蔡氏古民居建筑群,民居,清,1855,19世纪,19,福建省,福建省南安市,0.95,穿斗式;硬山屋顶;卷棚式屋顶,花岗岩;石材,交通通道;晒谷场;休憩空间,传统木构营造;石路铺筑,多进院落;护厝布局;厢房对称;独立连通,石材类
464,江东桥,桥梁,宋,1190,12世纪,12,福建省,福建省漳州市,0.98,石梁桥;桥墩结构;巨石桥面,石材;石墩;巨石,交通枢纽;军事要冲;三省通衢,巨石吊装技术;石桥营造法,跨水道布局;国道桥梁选址,石材类
465,赵家堡—诒安堡,民居,明,1600,16世纪,16,福建省,福建省漳浦县,0.98,内外双城结构;完璧楼;瓮城;防御性城墙,石刻;砖石;仿宋建材,防御性居城;宗族聚居;陈列展示,仿汴京营造法;传统城池建造技艺,三重规制布局;仿汴京格局;官厅群布局;园林式布局,石材类;砖瓦类
466,流坑村古建筑群,民居,五代十国,937,10世纪,10,江西省,江西省乐安县,0.95,穿斗式木构架;抬梁式结构,青砖;木材;石材,赣派建筑;历史文化载体;民俗展示空间,雕花门窗;天井院落营造;马头墙砌筑,依山傍水;沿江布局;村落环山,木材类;石材类;砖瓦类
467,关西新围、燕翼围,民居,清,1644,17世纪,17,江西省,江西省龙南县,0.75,围院结构;高墙厚壁;敌楼;枪眼望孔,生土;砖石,住宅;祠堂;书院;防御城堡,夯土技术;糯米灰浆,坐西南朝东北;近正方形平面;多进院落,土类;石材类;砖瓦类
469,临清运河钞关,官府,明,1429,15世纪,15,山东省,山东省临清市,0.98,木构架;抬梁式,青砖;灰瓦;木材,钞关;榷税机构;漕运税收衙署,传统官式营造;榫卯结构,三进院落;围院结构;南北穿厅;跨院布局,木材类;砖瓦类
472,康百万庄园,民居,明,1773,18世纪,18,河南省,河南省巩义市,0.95,窑洞;四合院;堡垒式建筑;楼房与寨墙结合,黄土;砖石;木材,自给自足综合体;多功能集成;小社会化空间;仓储与生产兼备,砖雕;木雕;石雕;天人合一选址,多区并置;主宅居中;院落组合;功能分区明确,土类;木材类;石材类;砖瓦类
476,小商桥,桥梁,隋,584,6世纪,6,河南省,河南省临颍县,0.99,单拱敞肩;坦拱敞肩石桥;并列砌筑拱券;腰铁加固,红砂岩,跨河桥梁;交通通道,并列砌筑法;腰铁连接;咬铁连接;石刻装饰,南北走向;单主拱双小拱;对称敞肩布局,其他材料
477,南阳知府衙门,官府,元,1271,13世纪,13,河南省,河南省南阳市,0.85,木构架;抬梁式,青砖;灰瓦;木材,官署;行政中心;知府衙门,重修;扩修;捐俸修葺,规制完备;中轴对称;院落式布局,木材类;砖瓦类
492,大水井古建筑群,民居,明,1846,19世纪,19,湖北省,湖北省利川市,0.85,抬梁式;穿斗式;四合院式,青花瓷片;木材;砖石,宗祠;宅院;祭祀空间,木雕;浮雕;楹联装饰,中轴对称;三进四厢;三路三进,木材类;石材类;砖瓦类
494,襄阳王府绿影壁,宫殿,明,1438,15世纪,15,湖北省,湖北省襄樊市,0.98,仿木结构;四柱三楼牌坊式;壁座壁身壁顶三段式,绿泥片岩;汉白玉;绿矾,照壁;王府前导空间,浮雕;龙纹雕刻;须弥座束腰雕饰;云纹海水纹装饰,坐南朝北;三段式横向布局;中段突出,其他材料
499,张谷英村古建筑群,民居,明,1371,14世纪,14,湖南省,湖南省岳阳县,0.95,干枝式结构;天井单元;屋连屋结构,砖石;木材,排水系统;采光通风;防火设施;烟火堂,天井院落营造;干枝式布局施工;巷道贯通工艺,干枝式布局;天井院落;巷道连通;庭院一体,木材类;石材类;砖瓦类
500,芋头侗寨古建筑群,民居,明,1368,14世纪,14,湖南省,湖南省通道侗族自治县,0.85,鼓楼;风雨桥;门楼,木材;生土,集会;交通;祭祀,榫卯结构;干栏式营造,吊脚楼群;鼓楼中心布局;古驿道串联;萨岁台分布,土类;木材类
503,东华里古建筑群,民居,清,1736,18世纪,18,广东省,广东省佛山市,0.85,砖木结构;硬山顶,青砖;木材;灰塑,民居建筑群;珠三角风格,维修改造;清代营造,主路布局;集中式院落;规整街巷,木材类;砖瓦类
507,肇庆古城墙,官府,宋,1053,11世纪,11,广东省,广东省肇庆市,0.98,敌台;炮台;城门;兵房;濠堑,砖石;条石;黄土碎石;三合土;铭文砖,防御;防洪;军事驻守;城防体系,露龈造砌;三合土包边;串楼建造;仿古青砖墁道,长方形城制;四门格局;月城;角楼;依山傍水布局,土类;石材类;砖瓦类
510,岜团桥,桥梁,清,1896,19世纪,19,广西壮族自治区,广西壮族自治区三江侗族自治县,0.98,双层木桥;二台一墩;两孔三亭;歇山顶,木材;石料,人畜分道;侗族立交桥;双层功能分工,侗族建桥技艺;传统木构营造,三座桥楼;双层廊道;歇山顶布局,木材类;石材类
532,郎德上寨古建筑群,民居,明,1368,14世纪,14,贵州省,贵州省雷山县,0.85,干栏式;吊脚楼;木结构,木材;青瓦,居住;畜养;公共活动;储粮;消防,传统木作;榫卯结构,依山而建;背山面水;阶梯式布局;路网密集,木材类;砖瓦类
533,海龙屯,官府,宋,1257,13世纪,13,贵州省,贵州省遵义县,0.98,瓮城防御体系;一字形城墙;内外城结构;关隘体系,石构;石砌拱券;土城墙,军事防御;土司城址;山城;军事大本营,因山为城;阶梯式坡道;九五之尊布局,三路格局;台阶式布局;前低后高;衙署区,土类;石材类
534,地坪风雨桥,桥梁,清,1882,19世纪,19,贵州省,贵州省黎平县,0.95,悬臂梁结构;木梁桥,木材,廊桥;休憩设施,悬臂梁承托;木构架技艺,三阁楼布局;廊道连接;攒尖顶中阁;歇山顶端阁,木材类
536,喜洲白族古建筑群,民居,明,1368,14世纪,14,云南省,云南省大理市,0.85,土木砖石结构;大出厦;宽走廊,土;木;砖;石,民居;聚居;居住,门楼装饰;堂屋门窗装饰;外观装饰,三坊一照壁;四合五天井;三方一照壁,土类;木材类;石材类;砖瓦类
539,朗色林庄园,民居,明,1368,14世纪,14,西藏自治区,西藏自治区扎囊县,0.85,碉楼;土石结构;多重围墙,生土;石块;石板;木材,经堂;神殿;库房;作坊;防御设施,夯土墙;木石台阶;收分墙体,围院结构;主附楼布局;护城壕,土类;木材类;石材类
563,胡氏古民居建筑,民居,明,1522,16世纪,16,甘肃省,甘肃省天水市,0.92,抬梁式木构架;穿斗式混合结构,青砖;木材;灰瓦,品官府邸;民俗博物馆;民居集大成者,榫卯结构;雕花装饰;影壁营造,三进院落;围院结构;多院组合;正院侧院,木材类;砖瓦类
585,德胜门箭楼,官府,明,1371,14世纪,14,北京市,北京市西城区,0.98,重檐歇山顶;金柱承重;穿插梁;跨空枋;砖石城台,砖石;灰筒瓦;绿琉璃,箭孔;军事防御;展览馆,收分墙体;之字形台阶;券门砌筑,前楼后厦;面阔七间;瓮城布局;围院结构,石材类;砖瓦类
594,醇亲王府,宫殿,清,1644,17世纪,17,北京市,北京市西城区,0.65,府邸;花园;马号,石,办公用房;故居;学校,传统木构架;院落式布局施工;官式彩画,三路并列;坐北朝南;院落分隔,石材类
598,安徽会馆,官府,清,1869,19世纪,19,北京市,北京市宣武区,0.92,抬梁式;穿斗式,木材;砖石;琉璃瓦,会馆;议事厅,糯米灰浆;榫卯结构,围院结构;中轴对称,木材类;石材类;砖瓦类
600,石家大院,民居,清,1875,19世纪,19,天津市,天津市西青区,0.98,砖木结构;合院式,青砖;木材;石材,起居室;花厅;戏楼;佛堂,砖雕;木雕;石雕,四进院落;正偏布局;坐北朝南;长甬道,木材类;石材类;砖瓦类
617,永济桥,桥梁,明,1574,16世纪,16,河北省,河北省涿州市,0.99,九孔石桥;分水尖;引桥;涵洞,长方巨石;汉白玉;条形方石;铸铁,跨河交通;破冰防凌,起拱技法;石砌拱券,主桥-引桥布局;对称栏板望柱;地袱,石材类;金属类
624,常平仓,官府,明,1368,14世纪,14,河北省,河北省蔚县,0.85,悬山式;木柱结构,木材;砖石,官办粮仓;赈灾仓储;平抑粮价,通风天窗;墙体通风孔;抗撑压木构,围院结构;中轴对称;四合仓院,木材类;石材类;砖瓦类
626,单桥,桥梁,明,1629,17世纪,17,河北省,河北省献县,0.95,石拱桥;五孔拱桥;不对称拱桥,青石;石材,泄水腹拱;通航孔;减重结构,依地势设计;腹拱减重法;非对称起拱,南高北低;不对称布局;随形就势,石材类
627,弘济桥,桥梁,明,1582,16世纪,16,河北省,河北省永年县,0.4,单孔石拱桥;双敞肩式,青石,横跨桥;交通桥,浮雕装饰;吸水兽雕刻;龙纹雕饰;缠枝花纹;栏板雕花,东西横跨;线性布局,石材类
628,永年城,官府,唐,619,7世纪,7,河北省,河北省永年县,0.92,城墙;重门楼;瓮城;护城河,砖;土,府治;县治;防御,砖包土筑;大堤修筑;瓮城建造,卧牛城;四角设门;环城街道;护城河环绕,土类;砖瓦类
632,伍仁桥,桥梁,明,1599,16世纪,16,河北省,河北省安国市,0.98,石拱桥;五孔拱券,石材;砖石,交通桥梁;河道跨越,明代石作;拱券砌筑,跨河线性布局;多孔对称布局,石材类;砖瓦类
633,万全右卫城,官府,明,1393,14世纪,14,河北省,河北省万全县,0.98,包砖夯土结构;城墙结构,青砖;夯土,军事防御;行政中心;仓储功能;居住功能;文教功能,夯筑技术;外包砖工艺,十字街布局;功能分区布局,土类;砖瓦类
736,柳氏民居,民居,明,1406,15世纪,15,山西省,山西省沁水县,0.92,悬山顶;二层楼阁式;四合院;过街楼,石牌坊;砖木结构,祠堂;文庙;防御体系;府邸,榫卯结构;砖雕;木构架,中轴对称;坐北朝南;三区布局;环形小街,木材类;石材类;砖瓦类
737,湘峪古堡,民居,明,1614,17世纪,17,山西省,山西省沁水县,0.95,蜂窝城;内城外城结构,砖石砌筑;夯土墙;窑洞式墙体,基层防御;堡寨体系;军事辅助功能,依山就势营造;堡寨联防布局;窑洞嵌墙技法,三街九巷;围院式布局;三都堂中心布局,土类;石材类;砖瓦类
744,王家大院,民居,明,1573,16世纪,16,山西省,山西省灵石县,0.85,城堡式住宅;依山而建;坐北朝南,砖;石;木,民居;博物馆;艺术馆,砖雕;石雕;木雕,院落式布局;东大院;西大院;孝义祠;坐北朝南,木材类;石材类;砖瓦类
748,曹家大院,民居,明,1573,16世纪,16,山西省,山西省太谷县,0.92,堂楼结构;穿堂院落;四层木构,砖石;木材,民居;博物馆,南北融合风格;中西合璧营造,寿字形布局;三进院落;十五小院,木材类;石材类;砖瓦类
759,潞安府衙,官府,隋,583,6世纪,6,山西省,山西省长治市,0.96,重檐歇山顶;高台建筑;四角瑞兽装饰,青砖;木材;灰瓦,衙署;知府眷属院;办公院;西花园,榫卯结构;斗拱承重;台基砌筑,中轴线对称布局;坐北朝南;钟鼓楼对峙;多进院落,木材类;砖瓦类
760,渠家大院,民居,清,1736,18世纪,18,山西省,山西省祁县,0.92,城堡式;歇山顶;悬山顶;卷棚顶;硬山顶,青砖;木材;灰瓦,晋商文化博物馆;茶庄旧址,抬梁式;穿斗式;砖雕装饰,坐北朝南;多进院落;统楼院;戏台院;栏杆院,木材类;砖瓦类
766,师家沟古建筑群,民居,清,1769,18世纪,18,山西省,山西省汾西县,0.95,四合院;三合院;砖房结构;窑洞结构,砖;生土;石材,居住;宗族聚居,依山砌筑;窑洞开凿,依山就势;围院结构;坡地布局;背山面沟,土类;石材类;砖瓦类
774,绥远城墙和将军衙署,官府,清,1735,18世纪,18,内蒙古自治区,内蒙古自治区呼和浩特市,0.98,角楼;堆拨;城门楼;官式城垣,城砖,军事驻防城;边疆驻防将军府;衙署,清代官式制式;城池营造规范,中轴对称;六进院落;东西跨院;围院结构,砖瓦类
780,僧格林沁王府,官府,清,1826,19世纪,19,内蒙古自治区,内蒙古自治区科尔沁左翼后旗,0.92,硬山式;五重四进;三路并列,木材;砖石,礼政区;旗政办公区;生活保障区,雕梁画栋;飞檐反宇;清代官式,三路并列;五重四进;围合紧凑,木材类;石材类;砖瓦类
783,中前所城,官府,明,1428,15世纪,15,辽宁省,辽宁省绥中县,0.95,城墙结构;方形城制,砖石;生土,军事防御;千户所驻地,明代筑城法;清代重修工艺,方形布局;三门设瓮城;围院结构,土类;石材类;砖瓦类
784,广宁城,官府,明,1390,14世纪,14,辽宁省,辽宁省北宁市,0.98,瓮城;角楼;城楼;马道;女儿墙,砖石;夯土;条石;内石外砖,卫所;点将台;军政中心,包砌砖石;夯土筑城;重修续筑;砖木结构,十字街;四卫分驻;鼓楼居中;大街轴线,土类;石材类;砖瓦类
800,太仓石拱桥,桥梁,元,1329,14世纪,14,江苏省,江苏省太仓市,0.98,单孔石拱;三孔石拱;石拱桥,石材;石砌,交通通行;跨河连街,拱券砌筑;石构干砌,沿河布局;街桥一体;致和塘沿线,石材类
801,盘门,官府,东周,-514,公元前6世纪,-6,江苏省,江苏省苏州市,0.98,瓮城;水陆城门;曲尺形布局;双重城垣,木材;木制蟠龙;砖石,防御设施;藏兵洞;水闸;射孔,城垣砌筑;水陆门交错布局;飞檐翘角构造,曲尺形;瓮城布局;内外两重;暗道连接,木材类;石材类;砖瓦类
806,户部山古建筑群,民居,明,1624,17世纪,17,江苏省,江苏省徐州市,0.98,四合院;围院结构,青砖;青石;木材,民居;民俗博物馆,雕梁画栋;精细琢刻,因山就势;参差错落;规整划一,木材类;石材类;砖瓦类
807,瞻园,官府,明,1522,16世纪,16,江苏省,江苏省南京市,0.95,抬梁式;穿斗式;楼榭亭台,太湖石;木材;砖石,王府;布政使衙署;历史博物馆,江南园林营造;假山叠石;传统修复技艺,东西分部;主园与小庭院;三面环水一面依陆,木材类;石材类;砖瓦类
811,赵用贤宅,民居,明,1553,16世纪,16,江苏省,江苏省常熟市,0.99,月梁;四椽袱;平梁,木材;彩画颜料;木雕材料,藏书楼;古琴艺术馆;私家宅第,斗拱出挑;苏式彩画;沥粉堆塑;浮雕装饰,中路轴线;三路院落;前庭藏书厅,木材类
812,张溥宅第,民居,明,1621,17世纪,17,江苏省,江苏省太仓市,0.95,走马堂楼;复道廊,青砖;木构架;黛瓦,聚会场所;复社活动地,穿斗式;抬梁式;榫卯结构,走马堂楼;三进院落;复道廊连通,木材类;砖瓦类
813,东山民居,民居,明,1450,15世纪,15,江苏省,江苏省苏州市,0.75,抬梁式;穿斗式,砖;木材,大厅;花厅;书房;客房;佛楼,砖雕;木雕;苏式彩绘,门楼;大厅;两厢;仪门;书楼,木材类;砖瓦类
814,艺圃,民居,明,1541,16世纪,16,江苏省,江苏省苏州市,0.98,抬梁式;井字形天花;单檐攒尖;面阔五间,湖石;木材,书堂;厅堂;水榭,叠山理水;取法自然;登山石径,池水为中心;建筑-水池-山林;小庭园辅景,木材类;石材类
816,淮安府衙,官府,明,1370,14世纪,14,江苏省,江苏省淮安市,0.98,抬梁式;官式建筑;七间五间制,金丝楠木;木材,迎宾;军捕;内宅;办公,拆旧建新;木构架重建;照壁营造,三路并列;中轴对称;多进院落;照壁对置,木材类
817,师俭堂,民居,清,1801,19世纪,19,江苏省,江苏省苏州市,0.98,多进院落;西宅东园;主次轴线,砖雕;石雕;木雕,商铺;内宅;米行;正厅,云头挑梓;梁檩结构,西宅东园;街穿天井;袖珍园林;券门通巷,木材类;石材类;砖瓦类
819,吴氏宅第,民居,清,1888,19世纪,19,江苏省,江苏省扬州市,0.95,木构架;抬梁式,青砖;木材;石材,住宅;花园;祠堂;医院,仿宁波道台衙门;仿天一阁,多轴线布局;火巷分隔;东西两块;三进院落,木材类;石材类;砖瓦类
821,小盘谷,民居,清,1736,18世纪,18,江苏省,江苏省扬州市,0.85,木构架;抬梁式,青砖;木材;太湖石,园林;住宅,假山叠石;峰回路转布局,东园西宅;园林住宅分置;合院式布局,木材类;石材类;砖瓦类
823,甘熙宅第,民居,清,1796,18世纪,18,江苏省,江苏省南京市,0.95,穿堂式;马头墙;跑马楼,青砖;小瓦;木材,民俗博物馆;展览空间;居住与商用混合,传统木作;花格窗工艺,多进院落;四组毗邻建筑群;坐南朝北,木材类;砖瓦类
826,新河闸桥群,桥梁,宋,960,10世纪,10,浙江省,浙江省温岭市,0.95,石伸臂梁式结构;叠涩悬挑;仿拱形结构;分水尖;梁式闸桥,条石;石梁;桥面板;石砌,闸桥合一;水利排蓄;交通通行,仿斗拱出挑;叠涩砌筑;隐出柱构;分水尖工艺,多孔桥布局;东西走向;南北走向,石材类
828,寿昌桥,桥梁,宋,1265,13世纪,13,浙江省,浙江省德清县,0.96,单孔石拱桥;实腹圆弧拱;石拱结构,长方块石;须弥座石栏板;莲瓣望柱,交通桥;古驿道桥梁,逐层收分砌筑;南宋原貌保存;江南石拱桥技艺,南北走向;单孔跨河布局;桥面收分式,石材类
829,赤溪五洞桥,桥梁,宋,1267,13世纪,13,浙江省,浙江省苍南县,0.95,五孔梁式石桥;梁式桥;石梁桥,石板;规则石块,交通桥梁;村落通道;跨溪通行,船形墩;分水尖;石板并铺;纪年题刻,南北走向;五孔布局;线性桥道,石材类
833,芝堰村建筑群,民居,宋,1174,12世纪,12,浙江省,浙江省兰溪市,0.95,木构架;抬梁式,青砖;木材;石材,宗祠;民居,榫卯结构;雕花装饰,中轴线布局;骑楼;古街布局,木材类;石材类;砖瓦类
834,芙蓉村古建筑群,民居,唐,1368,14世纪,14,浙江省,浙江省永嘉县,0.7,木构架;抬梁式,青砖;木材;石材,寨墙寨门;宗祠;书院;亭;大屋,榫卯结构;雕花装饰,七星八斗;星斗布局;水井布局;路灯系统,木材类;石材类;砖瓦类
836,安城城墙,官府,元,1356,14世纪,14,浙江省,浙江省安吉县,0.98,梯形断面城墙;环城马道;城台;椭圆形平面,条石包砌;块石包砌;黄土杂石混筑;石城,防御功能;防洪功能;双重功能城墙,石质闸槽;城墙加高;城门改造,四门布局;桃形平面;护城河引水;州署居中,土类;石材类
840,王守仁故居和墓,民居,明,1472,15世纪,15,浙江省,浙江省余姚市、绍兴县,0.92,重檐硬山;木结构;两层楼房;三开间,砖雕;石柱;仿木结构,故居;哲学家宅第,砖雕工艺;仿木构作;中轴对称营造,中轴线布局;门厅-轿厅-大厅-瑞云楼序列;东西侧屋;后罩屋,木材类;石材类;砖瓦类
841,青藤书屋和徐渭墓,民居,明,1521,16世纪,16,浙江省,浙江省绍兴市、绍兴县,0.85,木构架;砖木混合结构,砖石;木材,故居;书屋;墓葬,传统木作;江南园林营造,三开间;前后两室;坐北朝南;天池布局;方形墓制,木材类;石材类;砖瓦类
843,泰顺廊桥,桥梁,唐,1673,17世纪,17,浙江省,浙江省泰顺县,0.65,木拱廊桥;八字形拱架;三折边;五折边;剪刀撑,木材;木拱结构;廊屋,交通功能;遮风挡雨;休憩场所;信仰场所;商贸交流,木拱桥传统营造技艺;编木拱技艺;非遗营造工艺,集中分布;廊桥文化园;廊桥博物园,木材类
844,仕水矴步,桥梁,清,1794,18世纪,18,浙江省,浙江省泰顺县,0.96,一字形布局;高低齿状结构;桥梁雏形,白色花岗岩;青石;双色石材,双人并行通道;夜间辨识功能;防洪踏步,木质框架护基;卵石砌筑;石材深埋工艺,一字形延伸;等距齿列;碑记附属布局,石材类
847,崇仁村建筑群,民居,宋,1041,11世纪,11,浙江省,浙江省嵊州市,0.85,抬梁式;穿斗式,木材,当铺;公共建筑,木雕,台门组合;宗祠,木材类
849,顺溪古建筑群,民居,清,1736,18世纪,18,浙江省,浙江省平阳县,0.95,穿斗式;抬梁式,粉墙;黛瓦;木材,聚族而居;宗族空间,传统木构;手工砌筑,多院落;大开间;围院结构,木材类;砖瓦类
850,莫氏庄园,民居,清,1897,19世纪,19,浙江省,浙江省平湖市,0.99,砖石高墙;围院结构,深色油漆;白色墙面;彩塑屋脊;砖石,住宅;祠堂;书房;花厅,彩塑堆饰;传统木构;砖石砌筑,三组四进;前堂后寝;备弄;天井;回廊,石材类;砖瓦类
855,南屏村古建筑群,民居,宋,1368,14世纪,14,安徽省,安徽省黟县,0.95,抬梁式;穿斗式;砖木结构,木材;木雕,宗祠;支祠;家祠;古民居;染坊,木雕;匾额制作;对联雕刻,轴线布局;宗族分治格局;聚落形态,木材类
856,江村古建筑群,民居,隋,605,7世纪,7,安徽省,安徽省旌德县,0.85,石构建筑;祠堂建筑;民居建筑;牌坊,石材,祠堂;民居;牌坊;书舍,传统木作;石雕工艺;风水布局,枕山环水;东北至西南走向;聚秀湖布局,石材类
862,世太史第,民居,明,1573,16世纪,16,安徽省,安徽省安庆市,0.95,砖木结构,青砖;砖雕,翰林宅;爱国主义教育基地;故居,修旧如旧,中轴线布局;多进院落;五开间;后花园,砖瓦类
878,闽东北廊桥,桥梁,清,1751,18世纪,18,福建省,福建省屏南县、寿宁县、柘荣县、古田县、武夷山市,0.95,木拱廊桥;单孔跨度,木材;木构,交通功能;人文空间,木拱营造技艺;浙闽廊桥工艺,廊屋式布局;桥上廊道,木材类
889,鸣水桥,桥梁,宋,1111,12世纪,12,江西省,江西省樟树市,0.98,石砌单孔拱桥;拱券结构,石材;石拱,交通桥;山口通道,拱券砌筑;原貌整修,桥亭结合;峡谷崖口布局,石材类
890,清华彩虹桥,桥梁,宋,1127,12世纪,12,江西省,江西省婺源县,0.85,梁桥;廊桥;四墩五孔,木材;条石,廊亭;祭祀空间;休憩设施,分水桥墩;木梁架设;徽州营造法,六亭五廊;引桥-桥墩-廊屋复合布局;两坡顶廊屋,木材类;石材类
891,袁州谯楼,官府,五代十国,944,10世纪,10,江西省,江西省宜春市,0.99,抬梁式;重檐歇山顶,木材,测时;守时;授时;天文台,维修,π字形布局;主台;观天台;石劵拱门,木材类
894,理坑村民居,民居,明,1368,14世纪,14,江西省,江西省婺源县,0.75,徽派建筑;抬梁式;穿斗式,砖石;木材,官厅;尚书第;司马第;祠堂;花厅,传统木构;徽州三雕,住宅为主体;园林式布局;围院结构,木材类;石材类;砖瓦类
898,卞桥,桥梁,唐,618,7世纪,7,山东省,山东省泗水县,0.85,三孔联拱;石拱桥;梭形迎水墩,石材;透雕龙首;莲花托石;须弥座,景观桥;交通桥,透雕;浮雕;券砌,三孔对称布局;引桥结构;栏板望柱序列,石材类
905,蒲松龄故宅,民居,清,1640,17世纪,17,山东省,山东省淄博市,0.95,土坯墙;青石墙基;青砖立柱;小青瓦顶;草顶,青石;土坯;青砖;小青瓦;茅草,书房;卧室;客厅;创作空间;文化研究中心,传统砌筑;手工草顶铺设,坐北朝南;一正两厢;门楼东向;三开间;院落式布局,土类;石材类;砖瓦类
922,叶县县衙,官府,明,1369,14世纪,14,河南省,河南省叶县,0.95,木构架;抬梁式,青砖;灰瓦;木材,监狱;厨院;知县宅;虚受堂;思补斋,榫卯结构;斗拱,中轴线布局;三路并列;东侧副线;西侧副线;围院结构,木材类;砖瓦类
928,阳台宫,宫殿,明,1428,15世纪,15,河南省,河南省济源市,0.65,抬梁式;穿斗式,木材;砖石,道教宫观,榫卯结构;琉璃瓦作,中轴对称;院落式,木材类;石材类;砖瓦类
930,望京楼,宫殿,明,1591,16世纪,16,河南省,河南省卫辉市,0.95,无梁殿;砖石结构;十字形拱券,青石;白石;砖石,藏书楼;读书楼,拱券结构;无木构造;十字拱,坐北朝南;长方形平面;两层楼阁,石材类;砖瓦类
945,鱼木寨,民居,明,1369,14世纪,14,湖北省,湖北省利川市,0.95,寨楼;三阳关;亮梯子;土家古堡,石材;石碑;石作,军事防御;政治中心;文化载体;土司居所,石构营造;穴居营造;山地垒砌,椭圆寨顶;闭合区域;联体保护,石材类
956,高椅村古建筑群,民居,明,1380,14世纪,14,湖南省,湖南省会同县,0.95,穿斗式;抬梁式,木材;生土;砖石,文化教育;政治活动;宗族聚居,明代江南营造法式;沅湘营造技艺;侗家营造技艺,梅花状布局;中心辐射式;五通庙中心布局,土类;木材类;石材类;砖瓦类
960,坪坦风雨桥,桥梁,清,1761,18世纪,18,湖南省,湖南省通道侗族自治县,0.98,迭梁穿斗式;伸臂梁式;单孔伸臂梁式;三墩两孔,青石;砾石;小青瓦;木板;石板,避风雨;乘凉歇息;交通设施;风水构筑物,拱伸臂梁式;双悬臂迭梁式;单悬臂迭梁式;侗族桥梁营造技艺,四柱三间排架;廊庑式通廊;桥亭;廊道,木材类;石材类;砖瓦类
963,凤凰古城堡,官府,清,1644,17世纪,17,湖南省,湖南省凤凰县,0.85,石砌城墙;错缝砌筑,青光岩石;糯米石灰浆;桐油,军事要塞;屯边要塞;防御堡垒,糯米灰浆勾缝;错缝砌筑,依险设防;围石墙布局;多重军事设施布局,灰浆胶结类;石材类
970,道韵楼,民居,明,1477,15世纪,15,广东省,广东省饶平县,0.99,三进围屋;三层楼房;八卦形平面,三合土;竹钉;土布瓦砖;红糖糯米灰浆,八防功能;防火攻;抗震;储粮供水,版筑夯土;竹钉连接;土布包烧制瓦,八卦布局;三进三环围;中心广场;八巷道,土类;灰浆胶结类;砖瓦类
1005,波日桥,桥梁,元,1644,17世纪,17,四川省,四川省新龙县,0.85,伸臂桥;木构桥梁;悬臂结构,木材;原木,交通桥梁;跨江桥,传统木构架技艺;榫卯结构,线性布局;窄幅长桥,木材类
1012,宝箴塞,民居,清,1910,20世纪,20,四川省,四川省武胜县,0.95,环形炮楼;条石寨墙;银铤状平面,条石;石材,军事防御;生活起居;仓储设施,闽南团城风格;江南民居特色;依山而建,七天井四院落;多门系统;地下通道连接,石材类
1017,寨英村古建筑群,民居,明,1385,14世纪,14,贵州省,贵州省松桃苗族自治县,0.9,干栏式;三合院式;四合院式;吊脚楼,木材,古民居;会馆;商铺;手工作坊;军事屯堡,自流供排水系统;消防系统,街巷布局;结构严谨;布局精巧,木材类
1022,葛镜桥,桥梁,明,1618,17世纪,17,贵州省,贵州省福泉市,0.98,变截面圆弧尖拱;三孔联拱;石拱桥,石材;石砌,交通通行;景观构筑,依势建桥;预应力平衡;传统石作,天人合一;虚实相生;自然融合,石材类
1030,宝山石头城,民居,元,1264,13世纪,13,云南省,云南省玉龙纳西族自治县,0.9,石砌结构;山地石构,石材;石头,州治所;行政中心,就地取材;石砌工艺;山地凿筑,山地聚落;石上村落;依山就势,石材类
1037,朝阳楼,官府,明,1389,14世纪,14,云南省,云南省建水县,0.98,抬梁式;三重檐歇山式;木构架,木材;砖石;铜,城门楼;防御建筑,分层支撑;迥廊周通;三重檐歇山式屋顶,五开间;三进间;迥廊环绕,木材类;石材类;砖瓦类;金属类
1040,金龙桥,桥梁,清,1880,19世纪,19,云南省,云南省丽江市,0.99,铁索桥;悬索结构;铁链承重体系,铁链;木板;扁钢条,交通通行;旅游景点,私人捐资营建;铁环扣联工艺;加固重修技艺,东西走向桥体;桥台锚碇系统;桥廊休息空间,木材类;金属类
1041,孟连宣抚司署,官府,明,1406,15世纪,15,云南省,云南省孟连傣族拉祜族佤族自治县,0.98,汉式衙署结构;傣汉融合结构,木材;青砖;瓦顶,土司衙署;行政司法中心;仓储生活区;礼仪祭祀场所,榫卯结构;雕花装饰;抬梁式构架,中轴对称布局;围院结构;坐北朝南;多进院落,木材类;砖瓦类
1043,双龙桥,桥梁,清,1736,18世纪,18,云南省,云南省建水县,0.95,多孔厚墩联拱桥;尖孔拱;半圆拱;石拱桥,石块;拱券石;护拱石;石砌护栏,交通要道;通行桥梁,分期扩建;十七连环拱;多跨不等弧拱,三层重檐歇山顶楼阁;八角攒尖顶桥亭;品字状歇山小顶;飞阁三座,石材类
1067,吴堡石城,民居,明,1368,14世纪,14,陕西省,陕西省吴堡县,0.75,硬山顶;四合院,砖石;木材,办公场所;教学空间;集会娱乐,传统木构;合院营造,三进四合院;围院结构;轴线对称,木材类;石材类;砖瓦类
1069,榆林卫城,官府,明,1437,15世纪,15,陕西省,陕西省榆林市,0.98,城墙;城门;夯土结构;包砖墙体,生土;砖石,军事防御;卫所城池;城门建制,传统夯筑;城垣砌筑,依山就势;东高西低;临河设防;半山半川格局,土类;石材类;砖瓦类
1076,盘龙山古建筑群,宫殿,明,1643,17世纪,17,陕西省,陕西省米脂县,0.95,单檐歇山顶;五架梁;通柱做法;围廊;腰檐平座,木材;砖石,行宫;古建筑群,三踩出单昂;三彩如意斗拱;出昂瘦削尖曲;楼阁营造,院落组合;轴线序列;多进建筑,木材类;石材类;砖瓦类
1077,姜氏庄园,民居,清,1862,19世纪,19,陕西省,陕西省米脂县,0.9,明五暗四六厢窑;窑洞院落,砖;木;石,私宅;民居,砖雕;木雕;石雕,上院;中院;下院;院前;合院式布局,木材类;石材类;砖瓦类
1078,丰图义仓,官府,清,1882,19世纪,19,陕西省,陕西省大荔县,0.98,仓墙合一;城中城;夯土筑城,夯土;生土,仓储;防御;粮仓,夯土版筑;仓城合构,城中城;内城外城;仓墙合一,土类
1084,张掖鼓楼,官府,明,1507,16世纪,16,甘肃省,甘肃省张掖市,0.98,重檐四面坡;攒尖顶;三层木构塔形;飞檐翘角,青砖;青筒瓦;琉璃吻兽;石条;铜合金,交通穿行;地标性建筑;历史纪念,砖券砌筑;彩绘修复;梁架修缮;台明修复,十字型门洞;中轴对称;四向通街;女墙围护,石材类;砖瓦类;金属类
1087,永昌钟鼓楼,官府,明,1586,16世纪,16,甘肃省,甘肃省永昌县,0.96,重檐盝顶;重檐庑殿顶;二层三檐;楼阁式,夯土;青砖;明式砖;铁铸,钟鼓楼;声教楼;交通穿行;报时设施,汉式形制;蒙古族布局;落架重修;传统工艺结合现代技术,十字穿心拱洞;方形台基;四向通达;西北登台,土类;砖瓦类;金属类
1093,董府,官府,清,1902,20世纪,20,宁夏回族自治区,宁夏回族自治区吴忠市,0.98,砖木结构;黄土夯筑;硬山顶,青砖;黄土;琉璃瓦;甘南木料;陕西石料,祖先堂;宅邸;军事驻防,煤炭地基处理;砖雕;彩绘;硬山顶营造,三进院落;三宫六院;中轴对称;双四合院,土类;木材类;石材类;砖瓦类
1103,琉璃河大桥,桥梁,明,1418,15世纪,15,北京市,北京市房山区,0.99,石拱桥;多孔拱券;桥墩台,石材;石栏板;石望柱,交通桥梁;古驿道节点;公路桥（历史）,铁梁镇河;石雕工艺;车辙留痕,南北轴线;对称桥孔;牌坊入口,石材类
1107,克勤郡王府,官府,清,1644,17世纪,17,北京市,北京市西城区,0.92,抬梁式;中轴对称;多进院落;翼楼结构,青筒灰瓦;黄琉璃瓦;木材;砖石,王府住宅;祠堂;书房;仆役用房,修旧如旧;规制复建;传统木作;专家指导修复,三路多进;中轴线布局;丹墀前出;东西配殿;后罩房,木材类;石材类;砖瓦类
1131,灵寿石牌坊,官府,明,1641,17世纪,17,河北省,河北省石家庄市灵寿县,0.98,四柱五楼;三重檐;仿木结构;石雕斗拱,花岗岩;灵寿绿,功绩表彰;敕建牌坊,透雕;浮雕;夹柱石狮;流云雕刻,坐北朝南;横跨道路;两面一体,石材类
1137,永平府城墙,官府,东汉,207,3世纪,3,河北省,河北省秦皇岛市卢龙县,0.94,砖石结构;垛口墙;瞭望孔,青砖;夯土,军事防御;长城防御体系,垛口墙砌筑;护城河整修,不规则矩形平面;四门制;瓮城,土类;砖瓦类
1138,下胡良桥,桥梁,明,1574,16世纪,16,河北省,河北省保定市涿州市,0.98,石拱桥;五孔拱,花岗岩;石材,交通桥梁;京畿要道,望柱雕刻;素面柱身;卷尖叶纹,对称栏板;双侧望柱;线性桥面,石材类
1142,保定钟楼,官府,金,1181,12世纪,12,河北省,河北省保定市南市区,0.75,重檐歇山顶;抬梁式;六椽三柱;斗拱结构,木材;铁;布瓦;石柱,报时;文物遗存;声学展示,斗拱;彩画;清水砌墙;T型枋构,台基式;面阔三间;廊柱环绕;金柱支撑,木材类;石材类;砖瓦类;金属类
1143,正定城墙,官府,东晋,352,4世纪,4,河北省,河北省石家庄市正定县,0.95,砖城;瓮城;月城;角楼;护城河,大青砖;土墙;青石;条石,防御体系;拱卫京师;望河楼;看花楼,城砖拱券;青石铺基;条石甬道;垛口;马面,官帽形制;四门直角瓮城;曲折迂回布局;南北长东西窄,土类;石材类;砖瓦类
1146,方顺桥,桥梁,西晋,309,4世纪,4,河北省,河北省保定市满城县,0.98,单圆拱;附拱;横向交错砌筑,花岗岩;料石;长条石;汉白玉,泄洪;桥身保护,横向交错砌筑;悬砌;拱券工艺,弧形桥面;望柱;吞水兽;桥头雕饰,石材类
1147,登瀛桥,桥梁,明,1368,14世纪,14,河北省,河北省沧州市沧县,0.85,抬梁式;穿斗式,木材;砖石,居住;行政办公,榫卯;斗拱,围院结构;中轴对称,木材类;石材类;砖瓦类
1154,衡水安济桥,桥梁,明,1457,15世纪,15,河北省,河北省衡水市桃城区,0.98,七孔连拱石桥;拱桥结构,石材;钢筋水泥,交通桥梁;河道跨越,石雕栏板;卷云纹雕刻,对称望柱布局;石栏板与望柱组合,石材类;金属类
1156,淮军公所,官府,清,1644,17世纪,17,河北省,河北省保定市南市区,0.6,抬梁式;穿斗式,青砖;木材;灰瓦,全国重点文物保护单位;近现代文物,雕花门窗;砖雕;彩绘,院落;军区院落遗址;戏楼,木材类;砖瓦类
1157,清河道署,官府,清,1726,18世纪,18,河北省,河北省保定市南市区,0.98,抬梁式;硬山顶;歇山顶;卷棚顶;悬山垂花门,砖;木材;磨砖对缝;彩绘,前衙后邸;办公场所;官员居所;休憩聚会空间,砖雕;木雕;彩绘装饰;透雕花罩,三路轴线对称;中轴线布局;院落组合;一正两厢;庑廊连接,木材类;砖瓦类
1158,深州盈亿义仓,官府,清,1898,19世纪,19,河北省,河北省衡水市深州市,0.98,四合院式;围院结构,青砖;木材;灰瓦,粮仓;赈灾仓库;自救仓储,防潮技术;防火设计;抗震构造;通风设计,四合院式;围院布局,木材类;砖瓦类
1183,襄垣永惠桥,桥梁,金,1131,12世纪,12,山西省,山西省长治市襄垣县,0.95,单孔石拱桥;石拱结构,条石;石材,交通通道;城门连接桥,纵联式砌筑法;拱券技术,跨河桥位;城门间布局,石材类
1242,隰县鼓楼,官府,明,1617,17世纪,17,山西省,山西省临汾市隰县,0.98,重檐十字歇山顶;梁架结构;墩台结构,青砖;朱红涂料,报时设施;地标建筑,明代原构;修葺可考工艺,十字券门洞;四面悬匾布局;露天梯道,砖瓦类
1261,陈廷敬故居,民居,明,1429,15世纪,15,山西省,山西省晋城市阳城县,0.95,城堡式;内城外城结构;依山就势,石刻;砖石,宗祠;藏兵洞;御书楼;内宅;城墙,砖木结构营造;防御性营造;官式营造,内城外城布局;院落式;依山就势布局;附属建筑群,石材类;砖瓦类
1276,唱经楼,官府,明,1368,14世纪,14,山西省,山西省太原市杏花岭区,0.9,歇山顶;重檐十字歇山顶;悬山式顶;拱券窑洞式;木构楼阁,孔雀蓝琉璃瓦,科举唱榜场所;宣唱名次建筑;科举文化建筑,落架拆卸维修;整体拆卸复原,工字形格局;坐南朝北;楼阁院落组合,砖瓦类
1291,平遥惠济桥,桥梁,清,1671,17世纪,17,山西省,山西省晋中市平遥县,0.95,石拱桥;九墩联孔,石材;石砌,交通桥梁;水利设施,拱券砌筑;传统石作,弧形桥面;线性布局,石材类
1292,雷履泰旧居,民居,清,1821,19世纪,19,山西省,山西省晋中市平遥县,0.92,三进两院过道厅;窑洞加前廊;主院与跨院组合,青砖;灰瓦;木构架,住宅;厨房及佣人生活处;书房;先祖圣龛,抬梁式木构;砖雕装饰;合院布局营造,中轴对称布局;晋元楼;夹道;四院贯通,木材类;砖瓦类
1302,闫景李家大院,民居,清,1821,19世纪,19,山西省,山西省运城市万荣县,0.95,竖井式四合院;晋南民居风格;哥特式门楼,砖雕;石雕;木雕;铁艺,私塾;学校,镂空仿木砖雕;砖雕善字影壁;晋南三雕技艺,竖井式聚财型四合院;多院落组合;祠堂花园配置,木材类;石材类;砖瓦类;金属类
1306,奈曼蒙古王府,宫殿,清,1863,19世纪,19,内蒙古自治区,内蒙古自治区通辽市奈曼旗,0.95,抬梁式木构架;硬山顶,砖石;木材,王府;文物保护单位,榫卯结构;雕花门窗,四合院;回廊式;东院西院分置;正殿配殿布局,木材类;石材类;砖瓦类
1312,四子王旗王府,宫殿,清,1644,17世纪,17,内蒙古自治区,内蒙古自治区乌兰察布市四子王旗,0.95,抬梁式木构架;硬山顶,琉璃瓦;砖石,理政;居住,逾制营造;规制限制,王城;四合院;城门城墙,石材类;砖瓦类
1335,延吉边务督办公署旧址,官府,清,1909,20世纪,20,吉林省,吉林省延边朝鲜族自治州延吉市,0.98,围廊式;重檐结构;柱承重结构,青砖;木材;红漆圆柱;石鼓,行政办公;军事机构;边务督署,石雕;木构彩绘;几何图案雕刻;中式传统装饰,四面围廊;通透式布局,木材类;石材类;砖瓦类
1342,思本桥,桥梁,宋,1253,13世纪,13,江苏省,江苏省苏州市吴江区,0.96,单孔拱桥;分节并列砌筑;无横向联系构造,武康石,交通桥梁;村落连通,分节并列砌筑;条石衔接;弧形桥面石;乳钉纹饰,东西走向;单孔拱形布局,石材类
1343,东庙桥,桥梁,宋,1223,13世纪,13,江苏省,江苏省苏州市吴江区,0.95,石梁桥;拱形桥面,武康石;花岗石,交通桥;古桥遗存,排柱平接;石雕装饰;横系石构造,三孔布局;六梁并列,石材类
1349,七桥瓮,桥梁,明,1440,15世纪,15,江苏省,江苏省南京市秦淮区,0.99,七孔不等跨石拱桥;梭形桥墩;分水尖,花岗岩;糯米灰浆;桐油灰浆;石灰岩,交通要道;水位标识;军事要冲,并列砌筑;素平技法;半圆拱券,七孔联拱;中孔最大;对称递减跨径,灰浆胶结类;石材类
1350,蒲塘桥,桥梁,明,1508,16世纪,16,江苏省,江苏省南京市溧水区,0.99,九孔不等跨连续坦拱桥;薄墩石拱桥;分水尖桥墩,火山凝灰岩;花岗岩;仰天石,驿路桥;公路桥;步行桥,无铰横联砌置;桩木基础;条石收分砌筑,中孔最大两侧递减;石栏杆与石狮柱;燕翅墙,石材类
1352,玉燕堂,民居,明,1436,15世纪,15,江苏省,江苏省苏州市昆山市,0.95,抬梁式;穿斗式;五进院落,木材;砖石,门厅;轿厅;正厅;堂楼;备弄,糯米灰浆;木构架,坐东朝西;前后五进;临街面河;桥从门前进，船自家中过,木材类;石材类;砖瓦类
1357,日涉园,民居,明,1574,16世纪,16,江苏省,江苏省泰州市海陵区,0.95,歇山半亭;山响草堂;来青阁,石笋;古柏,私人住宅园林;下榻场所,依图复建;明代风貌保留,前后两园;东西分隔;山响草堂为中心;来青阁连接,石材类
1361,近园,民居,清,1668,17世纪,17,江苏省,江苏省常州市天宁区,0.98,硬山顶;爬山廊;民居风格,黄石;假山石,厅堂;书斋;轩馆,一隔;虚实结合;对比手法,西宅东园;中有大池;池周环建;池中一岛,石材类
1362,杨柳村古建筑群,民居,明,1572,16世纪,16,江苏省,江苏省南京市江宁区,0.85,穿斗式;抬梁式;混合式木构架,青石;雕砖;石板,宗祠;民俗博物馆;客厅;书房,传统木构营造;地方建筑工艺,多进院落;中轴对称;三纵列院落;高墙深院,石材类;砖瓦类
1363,苏州织造署旧址,官府,明,1645,17世纪,17,江苏省,江苏省苏州市姑苏区,0.85,砖石照壁;房廊;头门;仪门,砖石;太湖石,织造衙门;行宫;机房;吏舍,增建修理;围墙砌筑;碑刻镌制,围院结构;三门布局;前后两所;多局分设,石材类;砖瓦类
1364,卫道观前潘宅,民居,清,1787,18世纪,18,江苏省,江苏省苏州市姑苏区,0.95,木构架;抬梁式,砖;砖雕,住宅;民居,砖雕技艺;雕刻工巧,五路六进;多进院落;礼耕堂布局,砖瓦类
1365,杨氏宅第,民居,清,1644,17世纪,17,江苏省,江苏省苏州市张家港市,0.95,清代仿明建筑,石刻;砖石,孝子祠;孝子坊;榜眼府,石雕;木构架;镂空雕刻,一进院落;二进正厅,石材类;砖瓦类
1366,燕园,宫殿,金,1644,17世纪,17,江苏省,江苏省苏州市常熟市,0.75,木构架;台基结构,青砖;木材;太湖石,皇家园林;校园环境;古典园林,叠山理水;借景;传统园林造景,北方园林;江南山水园林;园林化布局;多园组合,木材类;石材类;砖瓦类
1367,敬业堂,民居,清,1742,18世纪,18,江苏省,江苏省苏州市昆山市,0.98,走马楼;多进院落,上等木料;木材,正厅;门厅;茶厅,木雕;砖雕;斗拱;马头墙,七进五门楼;坐东朝西;多进院落布局,木材类
1369,耕乐堂,民居,明,1436,15世纪,15,江苏省,江苏省苏州市吴江区,0.98,硬山顶;三明两暗合院;前宅后园;抬梁式,青砖;竹丝板门;白皮松,堂楼;绣楼;鸳鸯厅;备弄,鹤胜三弯椽;大坡屋顶;传统修缮,前宅后园;备弄分界;回廊连接;池心布局,砖瓦类
1370,学政试院,官府,五代十国,1644,17世纪,17,江苏省,江苏省泰州市海陵区,0.85,抬梁式木构架;硬山顶,青砖;木材;灰瓦,院试场所;办公场所;科举博物馆,榫卯结构;雕花门窗,中轴对称布局;围合式广场;考棚对列;多进院落;辅助用房环绕,木材类;砖瓦类
1373,汪氏盐商住宅,民居,清,1875,19世纪,19,江苏省,江苏省扬州市广陵区,0.96,硬山顶;多进院落,汉白玉;砖雕;木雕;石雕,盐商住宅;文化研究实物,砖雕浮雕;木格窗;雕花栏杆,双轴线布局;火巷分隔;坐北朝南;多进院落,木材类;石材类;砖瓦类
1374,贾氏盐商住宅,民居,清,1821,19世纪,19,江苏省,江苏省扬州市广陵区,0.75,抬梁式木构架;穿斗式木构架;砖木混合结构,黄石;砖石,前客厅;花厅;大厅;住宅楼;会客楼,早园水做,东西两轴;坐北朝南;四进院落;住宅园林分置,石材类;砖瓦类
1375,卢氏盐商住宅,民居,清,1897,19世纪,19,江苏省,江苏省扬州市广陵区,0.98,前宅后院;多进厅堂;七间主厅;五间大门,紫藤;石舫;曲桥,会客;读书;藏书;景点兼饭店,木构架;砖雕装饰;假山叠石,前宅后院;九进建筑;天井花园;长廊曲桥,石材类
1376,逸圃,民居,清,1910,20世纪,20,江苏省,江苏省扬州市广陵区,0.99,五山封火墙;七檩结构;步廊木栏杆,木材;瓷板,大厅;书斋;读书楼,木雕;贴璧叠山;复道廊,西宅东园;火巷分隔;曲尺隙地造园;后花园,木材类
1392,八卦桥和河西桥,桥梁,宋,1174,12世纪,12,浙江省,浙江省温州市瑞安市,0.96,五孔梁式石桥;八字斜撑;副墩加固,花岗岩;桥面石板;方形石柱,交通通行;跨河连接,石板磨光刻花;八字斜撑结构;副墩架梁加固,南北走向;东西横跨;跨河布局,石材类
1394,西山桥,桥梁,宋,1265,13世纪,13,浙江省,浙江省杭州市建德市,0.98,条石折边单拱桥;单拱桥;折边拱,青石;条石;石板,交通桥;民用桥梁,联锁式砌法;石砌拱券,线性布局;单跨布局,石材类
1398,金昭牌坊和宪台牌坊,官府,明,1505,16世纪,16,浙江省,浙江省温州市永嘉县,0.98,六柱三楼式;单间加擎檐柱式;木构架;官式牌坊,花岗岩;木材;薄砖;方石柱,进士及第纪念坊;官员功德坊,偷心造插栱;雀替;丁头栱;双落翼式悬山顶,横长方形平面;南北走向,木材类;石材类;砖瓦类
1399,七家厅,民居,明,1368,14世纪,14,浙江省,浙江省金华市婺城区,0.8,结构简练;用材规整,木材;砖石,前厅;后厅;厢房,传统木构;规整营造,方形布局;围院结构;天井;照壁,木材类;石材类;砖瓦类
1404,寺平村乡土建筑,民居,明,1368,14世纪,14,浙江省,浙江省金华市婺城区,0.75,木构架;穿斗式;抬梁式,砖雕;砖石,民居;厅堂,徽派建筑风格;砖雕技艺,民居格局;厅堂布局,石材类;砖瓦类
1405,㹧𱮒湖避塘,桥梁,明,1621,17世纪,17,浙江省,浙江省绍兴市绍兴县,0.92,实体塘堤;单孔平梁石桥;三孔平梁石桥;石路亭,条石;大块石板;石碑,避风浪;交通连接;护田,顺丁叠砌;顺叠砌筑;收分工艺,南北向S形布局;桥亭间隔布局;坐东朝西,石材类
1408,河阳村乡土建筑,民居,五代十国,1368,14世纪,14,浙江省,浙江省丽水市缙云县,0.95,木构架;穿斗式,砖石;木材,古民居;宗祠;寺庙;古井,榫卯结构;雕花装饰,棋盘式格局;四纵五横;中轴线布局;一溪二坑,木材类;石材类;砖瓦类
1409,潘公桥及潘孝墓,桥梁,明,1585,16世纪,16,浙江省,浙江省湖州市吴兴区,0.98,三孔石拱桥;石室墓圹;三合土墓圹,石材;三合土,交通要道;墓葬,石拱砌筑;三合土夯筑,轴线式墓道;垣墉围合;西北—东南向布局,土类;石材类
1415,余庆堂,民居,明,1368,14世纪,14,浙江省,浙江省金华市兰溪市,0.85,砖木结构;硬山顶;阴阳瓦,花岗岩;山石;清水墙,神龛;祭祖空间,石条砌筑;券拱门;砖木结构营造,三进一穿堂;面阔五间;角楼;禾坪;半月形池塘,石材类
1420,林宅,民居,清,1862,19世纪,19,浙江省,浙江省宁波市海曙区,0.95,结构轻巧;抬梁式;穿斗式,木材;砖石,住宅;民居,雕刻精致;封闭式布局;轴线对称,围院结构;纵轴布局;厢房对称;封闭式院落,木材类;石材类;砖瓦类
1421,雪溪胡氏大院,民居,清,1832,19世纪,19,浙江省,浙江省温州市泰顺县,0.98,二进院落;中轴对称;宗族建筑群;台门体系,麻石;石材墙体,厅堂;宗祠;书斋;祭祀空间,月梁;牛腿;斗拱;法式与乡土融合工艺,二进台门;上堂下堂;南北厢房;面阔五/七间,石材类
1422,陈阁老宅,官府,明,1644,17世纪,17,浙江省,浙江省嘉兴市海宁市,0.9,抬梁式;穿斗式,砖石;木材,书斋;花厅;戏楼;库房;祠堂,雕花装饰;榫卯结构,三轴线布局;后花园;坐南朝北;坐北朝南;院落序列,木材类;石材类;砖瓦类
1423,双林三桥,桥梁,元,1314,14世纪,14,浙江省,浙江省湖州市南浔区,0.92,三孔薄墩薄拱实腹石拱桥;联拱石拱桥,花岗岩;青石,交通桥梁;跨河通道,纵联分节并列砌置法;靴钉式砌置法;券睑石;系梁;间壁石,线性排列;等距分布,石材类
1425,马上桥花厅,民居,清,1820,19世纪,19,浙江省,浙江省金华市东阳市,0.99,抬梁式;穿斗式,木材,住宅,东阳木雕;木雕,四进院落;门楼;照壁;正厅;厢房,木材类
1428,三门源叶氏民居,民居,清,1846,19世纪,19,浙江省,浙江省衢州市龙游县,0.98,一进院落;三进二明堂;一字形布局,考究木材;青砖,民居;庭院生活,砖雕;戏曲题材雕刻;门楼装饰工艺,坐东朝西;依山临水;江南民居布局;一字形排列,木材类;砖瓦类
1431,泰顺土楼,民居,清,1851,19世纪,19,浙江省,浙江省温州市泰顺县,0.92,夯土墙;木构架;多层结构,生土;条石;木材;黄土,防御功能;住宅;仓储;城堡式建筑,夯筑;条石砌基,口字形平面;天井;两坡顶;面阔五间,土类;木材类;石材类
1438,程大位故居,民居,明,1506,16世纪,16,安徽省,安徽省黄山市屯溪区,0.85,砖木结构;一脊两堂;马头山墙,砖;木材,居室;祭祖楼;纪念馆,曲梁斗拱;挑檐;马头山墙,三开间两进;前后厢房;主体建筑与偏房组合;庭院布局,木材类;砖瓦类
1439,黄村进士第,官府,明,1532,16世纪,16,安徽省,安徽省黄山市休宁县,0.98,封闭式布局;四进院落;坐南朝北,白墙;青瓦;木材,纪念性建筑;宗族礼制建筑;进士府第,徽派建筑技艺;木雕;石雕;彩绘,四进五开间;纵轴线布局;天井院落;门楼—门屋—享堂—寝楼序列,木材类;砖瓦类
1447,棠樾古民居,民居,宋,1127,12世纪,12,安徽省,安徽省黄山市歙县,0.95,木构架;穿斗式;抬梁式,砖石;木材,住宅;祠堂;药店;墓园,徽州三雕;天井院落;马头墙砌筑,二横主干道;小巷连接;枕山环水面屏,木材类;石材类;砖瓦类
1449,上庄古建筑群,民居,明,1368,14世纪,14,安徽省,安徽省宣城市绩溪县,0.75,抬梁式;穿斗式,木材;砖石;生土,民居;祠堂,榫卯结构;糯米灰浆,围院结构;合院式,土类;木材类;石材类;砖瓦类
1460,北岸廊桥,桥梁,清,1644,17世纪,17,安徽省,安徽省黄山市歙县,0.85,石拱桥;三孔两墩;廊屋,石材;砖木结构;木材;砖,风雨廊桥;美人靠;交通通行;休憩空间,传统石作;木构架搭建,十一开间;对称布局;佛龛设置;风洞窗;桥门额题,木材类;石材类;砖瓦类
1468,宁海桥,桥梁,元,1334,14世纪,14,福建省,福建省莆田市涵江区,0.98,石墩石梁桥;船形墩,巨石;石雕;石材,交通要道;经济枢纽;文化通道,宋代福建桥式,桥侧佛塔;对称布局,石材类
1476,大田土堡群,民居,宋,1368,14世纪,14,福建省,福建省三明市大田县,0.75,防御设施;居住堂屋;堡垒式结构,生土;砖石,防御为主;居住为主;堡垒性功能,糯米灰浆;夯土技术,前方后圆;方型土堡;逐级升高布局;府第式布局,土类;石材类;砖瓦类
1482,蓝廷珍府第,官府,清,1644,17世纪,17,福建省,福建省漳州市漳浦县,0.85,抬梁式;穿斗式,木材;砖石;生土,府第;官邸,榫卯结构;糯米灰浆,围院结构;中轴对称,土类;木材类;石材类;砖瓦类
1483,九头马民居,民居,清,1796,18世纪,18,福建省,福建省福州市长乐市,0.95,穿斗式;抬梁式;防火墙;高墙围合,杉木;楠木;柯木;石质柱础,五落透后;广场;水井;望楼,木雕;石刻;浮雕,五列布局;坐北朝南;夹弄;框门相通;方形平面,木材类;石材类
1484,亭店杨氏民居,民居,清,1894,19世纪,19,福建省,福建省泉州市鲤城区,0.98,抬梁式;穿斗式;三进院落;五开间;双护厝,青石;砖石;木材;生土,侨商住宅;民居,平雕;浮雕;透雕;闽南营造技艺,五开间;三进院落;双护厝;围院结构,土类;木材类;石材类;砖瓦类
1485,南安林氏民居,民居,清,1908,20世纪,20,福建省,福建省泉州市南安市,0.95,硬山顶;四合院;护厝;角楼,泉州红砖;进口水泥花砖,宗祠;住宅;书房;宗亲纽带,南洋风格融合;红砖砌筑;中西合璧装饰,坐北朝南;并列式布局;石埕;水塘,砖瓦类
1486,南安中宪第,民居,清,1644,17世纪,17,福建省,福建省泉州市南安市,0.7,穿斗式;抬梁式,砖石;木材,家族宅第,雕花装饰;砖木结合,九十九间;围院结构,木材类;石材类;砖瓦类
1488,玉井坊郑氏大厝,民居,清,1644,17世纪,17,福建省,福建省三明市尤溪县,0.85,抬梁式;穿斗式,木材;生土;砖石,居住;祭祀,糯米灰浆;榫卯结构,围院结构;中轴对称,土类;木材类;石材类;砖瓦类
1492,凤岐吴氏大宅,民居,清,1736,18世纪,18,福建省,福建省宁德市柘荣县,0.95,中轴对称格局;三进院落;三路布局;围院结构,原木;原砖;原色材料,一村一屋;主从有序;功能分明,依山就势;围合式营造;中轴对称施工,中轴对称格局;依山而建;前后二院;由内向外分布;坐东北朝西南,木材类;砖瓦类
1497,逢渠桥,桥梁,宋,1098,11世纪,11,江西省,江西省宜春市宜丰县,0.98,陡拱;纵向单券并列;石拱桥,花岗石;矩形石,纪念性桥梁;宗教纪念建筑,石券砌筑;纵横通缝工艺;承重拱板构造,单跨布局;线性通道,石材类
1500,万安城墙,官府,宋,1071,11世纪,11,江西省,江西省吉安市万安县,0.96,梯形城墙;垛口结构,青砖;红米石,军事防御;革命遗址,一丁一顺砌法;平摆顺砌,六门布局;临江段城墙;观澜门;五云门,石材类;砖瓦类
1501,紫阳堤,桥梁,宋,982,10世纪,10,江西省,江西省九江市星子县,0.85,石砌堤坝;拱洞桥,石条;石材,港口石堤;渔舟通道,石条叠砌;干砌石工,弧形堤体;石桥连接;内港围合,石材类
1503,明园,民居,明,1522,16世纪,16,江西省,江西省景德镇市昌江区,0.85,三进院落;抬梁式,木材;砖石,祠堂;商铺;宅院,明代营造法;传统木构,三进布局;门厅-享堂-后寝序列;中轴对称,木材类;石材类;砖瓦类
1515,太平桥,桥梁,清,1805,19世纪,19,江西省,江西省赣州市龙南县,0.95,拱券结构;双孔石拱,石拱;石材,交通要道;府际桥梁;公路桥,干砌石工;拱券砌筑,单跨拱桥;矩形平面,石材类
1516,羽琌山馆和云亭别墅,民居,清,1863,19世纪,19,江西省,江西省南昌市进贤县,0.95,抬梁式木构架;穿斗式木构架,青砖;木材;灰瓦,治经室;宝俭庐;还读楼;恋春阁;磨砚山房,雕花门窗;马头墙砌筑;天井排水系统,西庄园;东庄园;庄园式布局;院落组合,木材类;砖瓦类
1517,永镇桥,桥梁,清,1652,17世纪,17,江西省,江西省赣州市安远县,0.95,石墩木梁悬臂式廊桥;三孔二墩二台;悬臂梁结构,花岗岩条石;石灰砂浆;杉条木,桥梁演变实物资料,悬臂梁叠建;疏排法;密排法;纵横交错叠梁,长廊叠梁式屋架;九间廊屋,木材类;灰浆胶结类;石材类
1518,玉带桥,桥梁,清,1644,17世纪,17,江西省,江西省赣州市信丰县,0.85,拱券结构;石拱桥,石材;青石;糯米灰浆,交通通行;景观装饰,干砌法;拱券砌筑,单孔跨河;弧形桥面,灰浆胶结类;石材类
1521,驿前石屋里民宅,民居,清,1716,18世纪,18,江西省,江西省抚州市广昌县,0.99,三厅式;连幢布局,石材;青石;磨光石砌,民居,水磨砖铺地;暗沟排水;石雕盖板,三进院落;坐北朝南;长方形平面;天井布局,石材类
1527,东生围,民居,清,1842,19世纪,19,江西省,江西省赣州市安远县,0.98,土木结构;全砖结构;实心炮楼,卵石;砖;生土,防火;防水;防盗;防御外侵,实心炮楼做法;围屋营造,回字形布局;九井十八厅;坐东朝西,土类;石材类;砖瓦类
1528,金口坝,桥梁,南北朝,514,6世纪,6,山东省,山东省济宁市兖州市,0.98,条石砌筑;木桩基础;五孔闸坝,条石,交通;灌溉;济运;游览;水闸调控,石砌工艺;木桩地基技术,东西走向;五洞闸门布局,石材类
1539,平阴永济桥,桥梁,明,1500,15世纪,15,山东省,山东省济南市平阴县,0.98,单孔拱券;石拱桥,青石;石栏板;方体望柱,交通桥梁;实用与艺术结合,拱券砌筑;浮雕装饰,弧形桥面;对称栏板布局;引桥衔接,石材类
1541,衡王府石坊,宫殿,明,1488,15世纪,15,山东省,山东省潍坊市青州市,0.95,四柱三间式;石构架,巨石;石材,王府遗存;纪念建筑,圆雕;剔地阳文;浮雕,对称布局;轴线排列,石材类
1545,大汶口古石桥,桥梁,明,1567,16世纪,16,山东省,山东省泰安市岱岳区,0.95,石板梁桥;简支石梁,石材;石板,交通桥梁;跨河通道,干砌石工;石板铺装,线性布局;跨河轴线;南北走向,石材类
1578,襄城城墙,官府,东周,-540,公元前6世纪,-6,河南省,河南省许昌市襄城县,0.96,夯土城墙;砖券拱形;瓮城,黄土;青砖;红石;砖石,军事防御;城池驻守,夯土技术;砖券砌筑;砖石包砌,瓮城布局;半圆形瓮城,土类;石材类;砖瓦类
1582,永济桥,桥梁,明,1574,16世纪,16,河南省,河南省信阳市光山县,0.98,九孔石桥;分水尖;引桥;涵洞,长方巨石;汉白玉;条形方石;铸铁,跨河交通;破冰防凌,起拱技法;石砌拱券,主桥-引桥组合;轴线对称;多孔连拱,石材类;金属类
1591,寨卜昌村古建筑群,民居,明,1368,14世纪,14,河南省,河南省焦作市博爱县,0.85,干栏式;木结构,木材,人畜分居;居住;牲畜圈养,穿斗式构架;榫卯结构;木作技艺,背山面水;依山而建;公共活动广场;风雨桥,木材类
1595,密县县衙,官府,隋,616,7世纪,7,河南省,河南省郑州市新密市,0.98,硬山式;五进院落;卷棚;两层阁楼,青砖;灰瓦;砖石,大堂;二堂;三堂;监狱,券洞;甬道排水,座北朝南;五进院落;莲池对称;监狱分院,石材类;砖瓦类
1601,邓城叶氏庄园,民居,清,1662,17世纪,17,河南省,河南省周口市商水县,0.85,硬山式;四合院组群;三进院落,青砖;石板;手工烧制砖瓦;青灰色调材料,当铺院;粮库;民俗博物馆,砖雕;木刻雕花,三进堂楼院;五门照;高门台;坐北朝南,石材类;砖瓦类
1603,西蒋村马氏庄园,民居,清,1875,19世纪,19,河南省,河南省安阳市安阳县,0.85,砖木结构,砖;木材;灰瓦,住宅;教育空间,四合院营造;多路院落布局;传统木构架,四合院;多路院落;三区布局,木材类;砖瓦类
1612,杨家湾老屋,民居,清,1787,18世纪,18,湖北省,湖北省宜昌市夷陵区,0.98,穿斗式;硬山搁檩式,砖木混合结构;木材;砖,民居,穿斗式木构架;硬山搁檩,对称布局;天井院落;纵深两进;横连十一屋,木材类;砖瓦类
1613,百宝寨岩屋,民居,清,1644,17世纪,17,湖北省,湖北省宜昌市当阳市,0.95,岩洞结构;人工开凿结构;自然洞穴改建,岩石;生土,防御功能;避难功能;宗教功能;生活功能,人工开凿;洞穴改建;岩壁雕凿,岩屋群布局;分散式布局;多点聚落,土类;石材类
1615,大丰仓,官府,清,1881,19世纪,19,湖北省,湖北省十堰市郧县,0.99,木构架;框架结构,青砖;黑瓦,粮仓;仓储建筑,通风窗;百叶窗式通风;排水沟系统,丁字形布局;主副仓布局,砖瓦类
1618,沈鸿宾故居,民居,清,1896,19世纪,19,湖北省,湖北省咸宁市咸安区,0.85,一进三重;中轴对称,砖石;木材,涉台文物;乡土建筑研究实例,飞檐翘尾,中轴对称布局;天井院落;鄂东南民居格局,木材类;石材类;砖瓦类
1619,王明璠府第,民居,清,1644,17世纪,17,湖北省,湖北省咸宁市通山县,0.95,抬梁式木构架;穿斗式木构架,砖石;木材,宗祠;府第;住宅,榫卯结构;雕花装饰;青砖砌筑,中轴对称;棋盘格布局;多进院落;座北朝南,木材类;石材类;砖瓦类
1620,彭家寨古建筑群,民居,清,1644,17世纪,17,湖北省,湖北省恩施土家族苗族自治州宣恩县,0.7,吊脚楼;风雨桥,木材;生土,居住;村落聚居,干栏式营造;榫卯结构,依山临水;聚落布局;吊脚楼群,土类;木材类
1632,龙溪李家大院,民居,明,1498,15世纪,15,湖南省,湖南省永州市祁阳县,0.95,木构架;穿斗式,青砖;木材;石材,祠堂;仓廪;花厅;闺房;囚房,榫卯结构;雕花装饰,围院结构;长方形布局;品字书屋;上院下院,木材类;石材类;砖瓦类
1633,涧岩头周家大院古建筑群,民居,明,1550,16世纪,16,湖南省,湖南省永州市零陵区,0.98,木构架;穿斗式;抬梁式,木材;砖石,民居,砖雕;木雕;传统合院营造,北斗七星状布局;宅院组合,木材类;石材类;砖瓦类
1635,濂溪故里古建筑群,民居,明,1368,14世纪,14,湖南省,湖南省永州市道县,0.85,天井式院落,青砖;清水墙,门楼;祠堂;爱莲堂,木构架;砖木结构;石刻工艺,四房三门格局;门楼组团聚居;五横一纵路网,砖瓦类
1639,龙家大院,民居,宋,1078,11世纪,11,湖南省,湖南省永州市新田县,0.95,穿斗式木构架;抬梁式木构架;砖木混合结构,木材;石材;泥塑材料;彩绘颜料,私塾;书楼;长工房;库房;马厩,木雕;石刻;泥塑;彩绘,围院结构;堂屋;亭;榭楼;池塘布局,木材类;石材类
1645,荫家堂,民居,清,1823,19世纪,19,湖南省,湖南省邵阳市邵东县,0.99,砖木结构;外庭院内天井;封火山墙,青砖;木材;石材;糯米灰浆,祠堂;天井采光通风;家族祭祀;公共交流空间,四水归堂;原工艺修缮;天井排水系统,纵四进横十一排;中轴对称;天井院落群;连廊交通系统,木材类;灰浆胶结类;石材类;砖瓦类
1655,兵书阁与文星桥,桥梁,清,1664,17世纪,17,湖南省,湖南省怀化市通道侗族自治县,0.95,木构架;穿斗式,石材;木材,交通枢纽;历史文化名城,榫卯结构;雕花装饰,轴线对称;院落组合,木材类;石材类
1656,广利桥,桥梁,清,1773,18世纪,18,湖南省,湖南省永州市东安县,0.98,三拱廊桥;木结构;石砌拱,青石条;填土,交通通行;济民便民,金鸡脚;豆腐腰;薄拱脚;尖钩状迎水,东西走向;三跨布局;廊道式,土类;石材类
1659,王船山故居及墓,民居,清,1675,17世纪,17,湖南省,湖南省衡阳市衡阳县,0.98,砖木结构;一进三间,砖;木材;汉白玉,居所;书房;堂屋,传统湘南民居营造法;砖木榫卯工艺,坐北朝南;一进三间;左居室右书房,木材类;砖瓦类
1660,田家大院,民居,宋,1044,11世纪,11,湖南省,湖南省张家界市永定区,0.95,天井式四合院;封火墙建筑,砖木结构;砖;木材,故居;书院,穿斗式构架;封火墙砌筑;天井排水系统,坐北朝南;东西对称;天井式;四合院布局,木材类;砖瓦类
1661,安化风雨桥,桥梁,清,1644,17世纪,17,湖南省,湖南省益阳市安化县,0.75,木构廊桥;抬梁式,木材;砖石,交通连接;遮风避雨;村落节点,榫卯结构;穿斗式构架,分散布局;跨水设桥,木材类;石材类;砖瓦类
1662,石堰坪古建筑群,民居,清,1644,17世纪,17,湖南省,湖南省张家界市永定区,0.95,穿斗式;吊脚楼,青石;小青瓦;木材,上人下畜,雕瓜柱;挑出檐;刻齐筒;画看梁,依山就势;集中成片;无固定朝向,木材类;石材类;砖瓦类
1667,潮州老城古民居建筑群,民居,明,1368,14世纪,14,广东省,广东省潮州市湘桥区,0.95,四点金;驷马拖车,木材;石雕;灰塑;嵌瓷;金漆木雕,从厝;火巷;后包;书斋;花园,金漆木雕;石雕;灰塑;嵌瓷;彩画,主体院落;从厝;火巷;后包;书斋,木材类;石材类
1668,镇海楼与广州明城墙,官府,明,1380,14世纪,14,广东省,广东省广州市越秀区,0.99,歇山顶;复檐五层;长方体状楼体;青砖墙;红石砌筑,红砂岩;青砖;绿琉璃瓦;石湾鳌鱼花脊,军事防御;博物院;历史陈列,逐层递减墙体;红石基础砌筑;青砖上层砌筑,坐北朝南;长方形平面;中轴线起点;敞开式正立面,石材类;砖瓦类
1672,清晖园,民居,明,1621,17世纪,17,广东省,广东省佛山市顺德区,0.92,轻巧灵活结构;开敞通透布局;前疏后密结构;前低后高布局,镂空木雕花板;砖雕;灰雕;古树名木,日常生活起居;府邸宅园;庭院居住空间,镂空木雕;砖雕工艺;灰雕技艺;园林融合技法,三区布局;水庭中心布局;主次分明空间;曲廊小桥串联;巷院兼通结构,木材类;砖瓦类
1673,长围村围屋,民居,清,1855,19世纪,19,广东省,广东省韶关市始兴县,0.98,围院结构;长方形结构,河石;青砖;瓦木,祖堂;民居;围楼,天井排水;靠栏构造;青砖铺地,坐北向南;三厅二井;二厅四房;天井布局,木材类;石材类;砖瓦类
1677,永宁州城城墙,官府,明,1477,15世纪,15,广西壮族自治区,广西壮族自治区桂林市永福县,0.98,石砌城墙;矩形平面,料石;石城,州城;县城,土城始建;石城改筑,四门制;矩形城池,石材类
1678,大芦村古建筑群,民居,明,1522,16世纪,16,广西壮族自治区,广西壮族自治区钦州市灵山县,0.95,木构架体系;穿斗式结构,青砖;灰瓦;木材,宗法制度载体;民间艺术研究对象;风土习俗实证,古代营造法式;岭南传统工艺,院落式布局;岭南建筑风格;严谨对称布局,木材类;砖瓦类
1679,富川瑶族风雨桥群,桥梁,明,1573,16世纪,16,广西壮族自治区,广西壮族自治区贺州市富川瑶族自治县,0.85,石拱木构;廊屋亭阁一体,石材;木材,遮风挡雨;交通通行;景观点缀,石拱砌筑;木构榫卯;廊亭一体营造,廊屋亭阁一体;跨河布局,木材类;石材类
1682,惠爱桥,桥梁,清,1644,17世纪,17,广西壮族自治区,广西壮族自治区北海市合浦县,0.6,石拱桥,石材,古建筑;历史纪念建筑物,拱券砌筑,西门外,石材类
1705,乡城夯土碉楼,民居,明,1368,14世纪,14,四川省,四川省甘孜藏族自治州乡城县,0.85,碉楼结构;高层防御塔式结构,生土;砖;石;混凝土,防卫;居住,夯土技术;中西合璧营造法,开敞空间;居楼布局,土类;石材类;砖瓦类
1714,泸县龙桥群,桥梁,明,1368,14世纪,14,四川省,四川省泸州市泸县,0.95,石梁桥;桥头堡结构;墩梁式,条石;石板;粗凿石材,防滑加固;桥梁防护;交通连接,无榫卯干砌;凹槽嵌梁;石面糙凿,依地形布桥;分散式布局;溪流适配形制,石材类
1716,潼川古城墙,官府,明,1522,16世纪,16,四川省,四川省绵阳市三台县,0.92,纵联式券拱;谯楼;双扇铁皮木质大门,条石;石头城墙;一钉石一横石相间垒砌,军事防御;防洪,纵联式券拱;条石垒砌;浅浮雕花卉卷草纹饰,四门制;东西南北对称布局,石材类
1727,宜宾大观楼,官府,明,1522,16世纪,16,四川省,四川省宜宾市翠屏区,0.92,斗拱木质结构;三重檐歇山顶;长方形平面,石材;木材;灰色琉璃瓦;黑色盘龙脊宝顶,谯楼;图书馆阅览室,斗拱结构;歇山顶营造;琉璃瓦铺作,十字形通道;石梯通厅;底层架空,木材类;石材类;砖瓦类
1734,筹边楼,官府,唐,830,9世纪,9,四川省,四川省阿坝藏族羌族自治州理县,0.95,重檐歇山式;木结构,木材;青瓦;红柱,多民族历史见证;红色文化遗址;临时指挥部,榫卯结构;飞檐构造;歇山屋顶营造,中部立柱隔间;神龛布局,木材类;砖瓦类
1738,寿安陈家大院,民居,清,1736,18世纪,18,四川省,四川省成都市温江区,0.85,穿斗式;木结构,木材,住宅;宗祠;园林,封檐板雕刻;神秘文字符号装饰,十二院落;组合紧凑;布局大方合理,木材类
1741,川北道贡院,官府,清,1653,17世纪,17,四川省,四川省南充市阆中市,0.98,木构架;抬梁式,青砖;木材;灰瓦,乡试考场;科举试院;教育展示场所,传统榫卯;对称布局营造,坐北向南;分区布局;前院考场;格局完整,木材类;砖瓦类
1747,泸县屈氏庄园,民居,清,1796,18世纪,18,四川省,四川省泸州市泸县,0.95,砖木结构;土木结构,糯米灰浆;石灰砖,旅游景区;民居,画栋雕梁;川南民居营造技艺,船形布局;多进院落;围院结构,灰浆胶结类;石材类;砖瓦类
1750,镇远城墙,官府,明,1389,14世纪,14,贵州省,贵州省黔东南苗族侗族自治州镇远县,0.98,依山就势;环山围河;卫城体系;府卫双城,石屏山石;本地石材,军事重镇;交通要道;边防防御;苗疆古城,因地制宜;山地筑城,太极格局;依山傍水;府卫隔河;环山抱水,石材类
1754,榕江大利村古建筑群,民居,明,1368,14世纪,14,贵州省,贵州省黔东南苗族侗族自治州榕江县,0.75,吊脚楼;侗家四合楼院,木材;石灰石;重晶石;粘土,集会议事;休闲娱乐,穿斗式木构;榫卯结构;干栏营造法,溪谷依势布局;层叠上坡;花桥跨溪;石板路网,土类;木材类;灰浆胶结类;石材类
1756,岩门长官司城,官府,明,1382,14世纪,14,贵州省,贵州省黔东南苗族侗族自治州黄平县,0.85,青石砌筑;墙垛结构,青石;料石,军事防御;土司治所,依山就势;青石精砌;墙垛安砌,依山就势;背山面水,石材类
1760,金勾风雨桥,桥梁,清,1884,19世纪,19,贵州省,贵州省黔东南苗族侗族自治州从江县,0.98,伸臂梁结构;毛石混凝土桥墩;片石垒砌桥墩;鹅卵石垒砌桥墩,原木;毛石混凝土;片石;鹅卵石;木板,风雨桥;花桥,加长伸臂梁;层叠出挑,五层密檐鼓楼楼冠;歇山式屋顶;单檐屋顶;长廊式布局,土类;木材类;石材类
1773,侬氏土司衙署,官府,元,1368,14世纪,14,云南省,云南省文山壮族苗族自治州广南县,0.9,抬梁式;穿斗式,砖石;木材,正堂;签押房;家祠;五凤楼,榫卯结构;雕花装饰;石作台基,围院结构;坐北朝南;中轴对称,木材类;石材类;砖瓦类
1775,沘江古桥梁群,桥梁,明,1628,17世纪,17,云南省,云南省大理白族自治州云龙县,0.96,木梁桥;浮桥;拱桥;吊桥;风雨桥,木材;藤绳;铁链;木枋,交通通行;行人歇息;文化遗产保护,木枋交错架叠;挑梁衔接;藤绳编织;瓦顶覆盖,桥亭;木板遮挡;廊道式布局,木材类;金属类
1782,星宿桥和丰裕桥,桥梁,明,1614,17世纪,17,云南省,云南省楚雄彝族自治州禄丰县,0.99,尖拱石桥;圆拱石桥;六墩七孔;四墩五孔,红砂石;糯米灰浆;石灰掺糯米浆,交通要道;石栏护桥;桥头楼阁,石砌拱券;碑刻装饰;斗拱飞檐,东西走向;南北走向;四柱三门牌楼;十柱九门石阙,灰浆胶结类;石材类
1784,建水朱家花园,民居,清,1730,18世纪,18,云南省,云南省红河哈尼族彝族自治州建水县,0.95,抬梁式;穿斗式,砖石;木材,家宅;宗祠,传统木构;榫卯结构,纵三横四;五间六耳五间厅;一大天井附四小天井;院落并列联排,木材类;石材类;砖瓦类
1790,红河县东门楼及迤萨民居,民居,清,1644,17世纪,17,云南省,云南省红河哈尼族彝族自治州红河县,0.65,抬梁式;穿斗式,砖石;生土,行政区;府邸,夯土墙;木雕,合院式;多进院落,土类;石材类;砖瓦类
1793,拉让宁巴,民居,唐,1368,14世纪,14,西藏自治区,西藏自治区拉萨市城关区,0.75,藏式四合院;三层木构架;立柱承重结构,大红立柱;彩色围栏;木材,唐卡艺术画廊;公租房;军事司令部旧址,传统藏式木作;彩绘装饰工艺,临街门面房;内院通道式;平顶可上人屋面,木材类
1795,邦达仓,民居,清,1368,14世纪,14,西藏自治区,西藏自治区拉萨市城关区,0.65,森厦式;天井采光结构;藏式柱头支撑结构,阿嘎土;夯土;木材,仓储功能;宅第功能;酒店功能,铜皮包裹楼梯;铁花栏杆工艺;铁钉加固木梯,三进天井布局;坐北朝南格局;逐级抬升布局,土类;木材类
1797,桑珠颇章,民居,明,1642,17世纪,17,西藏自治区,西藏自治区拉萨市城关区,0.95,藏式木石结构;承重墙体系,石梯;砖石,民居;商铺;办公用房;社区卫生服务站,维修工程,坐北朝南;围院结构;三层布局;临街商铺,石材类;砖瓦类
1799,冲赛康,官府,清,1728,18世纪,18,西藏自治区,西藏自治区拉萨市城关区,0.98,藏式三层楼房;院落式结构,木材;砖石,驻藏大臣衙门;居所;行政办公,传统藏式营造;木构架技术,中轴对称;双院落布局;门狮装饰,木材类;石材类;砖瓦类
1800,拉鲁颇章,民居,清,1780,18世纪,18,西藏自治区,西藏自治区拉萨市城关区,0.85,藏式建筑;三层结构,石材;木材;夯土,家族宅邸;社区办公;颇章,藏式木构;石砌墙体;平顶屋面,坐北朝南;院落布局;湖上建筑;廊桥连接,土类;木材类;石材类
1834,骡帮会馆,官府,清,1644,17世纪,17,陕西省,陕西省商洛市山阳县,0.6,合院式;抬梁式,石室;石刻;砖石,会馆;商帮议事;旅居接待,雕花门窗;砖雕;木构架,中轴对称;多进院落;前厅后寝,石材类;砖瓦类
1835,桥上桥,桥梁,清,1660,17世纪,17,陕西省,陕西省渭南市华县,0.95,双重石拱桥;桥上桥结构;多孔拱桥,花岗岩;石条砌筑,界桥;交通水利设施;历史地标,叠桥建造;石拱砌筑;因势加建,东西走向;上下桥垂直对应;九孔对称布局,石材类
1837,毓秀桥,桥梁,清,1702,18世纪,18,陕西省,陕西省渭南市韩城市,0.99,石拱桥;纵联式拱碹;厚拱厚墩;半圆框形拱,花岗石;青石;石条,交通要道;古驿道桥梁,铁锭加固;灌铁水工艺,多孔连拱;南北走向;长桥布局,石材类
1849,洮州卫城,官府,东汉,1379,14世纪,14,甘肃省,甘肃省甘南藏族自治州临潭县,0.85,城墙;马面;角墩;护城池,古砖;雉堞,卫城;指挥使司;县政府驻地;苏维埃政权驻地,依山就势;夯土筑城;砖包墙技术,前后城结构;分隔墙垣;山地城址;烽火台,砖瓦类
1852,青城古民居,民居,宋,1038,11世纪,11,甘肃省,甘肃省兰州市榆中县,0.98,单面坡;人字梁架;单檐硬山顶;前出廊结构,砖木结构,民居建筑;公共建筑;宗教建筑,单面坡;人字梁架;单檐硬山顶;前出廊结构,有机系统;复合功能布局,木材类;砖瓦类
1856,酒泉鼓楼,官府,东晋,346,4世纪,4,甘肃省,甘肃省酒泉市肃州区,0.96,台基;通天柱;金柱;外檐柱;攒尖顶,夯土;青砖;陶制宝瓶,谯楼;钟鼓楼;城门楼,砖雕仿木斗拱;欧体门额;神瑞画砖雕,十字街心;四面券门;马道登台,土类;砖瓦类
1864,保安古屯田寨堡古建筑群,民居,明,1392,14世纪,14,青海省,青海省黄南藏族自治州同仁县,0.95,寨墙;寨门;木阁门楼;封闭式防御结构,木材;雕刻木构件;柱头;扎口板,军事防御;屯田驻守;集居防卫;卫所遗存,木雕装饰;花卉雕刻;吉祥图案雕刻;动物纹样雕刻,方正规矩布局;院舍建筑;住宅密集;巷道幽深;依山就势,木材类
1885,惠远钟鼓楼,官府,清,1882,19世纪,19,新疆维吾尔自治区,新疆维吾尔自治区伊犁哈萨克自治州霍城县,0.96,砖台木架结构;三层三重檐歇山顶;十字交叉筒券通道,青砖;夯土;琉璃瓦;方砖,报时;交通节点;城市地标,三出五进砌法;斗拱承檐;旋子彩画,方形平面;面阔三间;三层柱网结构,土类;砖瓦类
1896,邢台清风楼,官府,唐,1467,15世纪,15,河北省,河北省邢台市桥东区,0.85,重檐歇山顶;减柱造;抬梁式;斗拱;砖砌台基,布瓦;砖;石材;木材,图书馆;文物展厅;公共展示空间,减柱造;插金梁;落架维修;五踩重昂斗拱,面阔五间;进深三间;回廊;平座;双层楼阁,木材类;石材类;砖瓦类
1904,原平普济桥,桥梁,金,1115,12世纪,12,山西省,山西省原平市,0.75,石拱桥,石材,全国重点文物保护单位;桥梁,拱券砌筑,南门外;镇外桥,石材类
1946,于成龙故居,民居,清,1617,17世纪,17,山西省,山西省方山县,0.85,四合院;清代木构架,木材;砖石,住宅;故居,传统修复;简朴风格营造,坐北朝南;正房厢房布局;围院结构,木材类;石材类;砖瓦类
1949,解州同善义仓,官府,清,1880,19世纪,19,山西省,山西省运城市盐湖区,0.98,抬梁式;围院结构,砖石;木材,仓储;义仓,防潮工艺;防盗构造,坐南朝北;围院式布局;前院后场,木材类;石材类;砖瓦类
1950,曲沃薛家大院,民居,清,1875,19世纪,19,山西省,山西省曲沃县,0.95,抬梁式木构架;穿斗式木构架;砖木混合结构,石材;木材;彩绘材料,办公用房;民居,石雕;木雕;彩绘,三进院落;坐北朝南;厢房对称布局,木材类;石材类
1956,永安石桥,桥梁,清,1641,17世纪,17,辽宁省,辽宁省沈阳市于洪区,0.98,砖拱桥;三孔拱券;二龙驮桥,青砖;条石;石材,御道桥梁;交通要道;谒陵通道,浮雕装饰;石作工艺;券拱砌筑,东西走向;对称布局;栏柱序列;抱鼓石配置,石材类;砖瓦类
1957,垂虹断桥,桥梁,宋,1048,11世纪,11,江苏省,江苏省苏州市吴江区,0.98,石墩木桥;连拱石桥;多孔石桥,木材;石材;石墩,交通桥梁;观景亭桥,连拱砌筑;桥亭结合;石桥营造,桥心设亭;多孔连拱布局;轴线对称,木材类;石材类
1961,南京鼓楼,官府,明,1382,14世纪,14,江苏省,江苏省南京市鼓楼区,0.99,无梁结构;歇山顶;重檐四落水;城阙状台座,砖石;木材;碑石,报时中心;仪仗庆典场所;碑楼;政务警示建筑,拱形砌筑;官式砖构;无梁拱券,上下两层;三券门;红墙围合;坐东北朝西南,木材类;石材类;砖瓦类
1963,常州唐氏民宅,民居,明,1488,15世纪,15,江苏省,江苏省常州市天宁区,0.95,木构梁架;抬梁式,楠木;砖石;碑刻石材,纪念馆;民居,江南民居木构技艺;明清营造法,唐氏八宅;多堂合院;四合院式布局,木材类;石材类;砖瓦类
1967,杭州忠义桥,桥梁,宋,1218,13世纪,13,浙江省,浙江省杭州市西湖区,0.98,单孔石拱桥;圆弧形拱,弧形条石;拱石;石砌,交通桥梁;纪念性建筑,分节并列砌筑法;石拱砌筑,台阶式引桥;单跨布局;窄桥面,石材类
1970,南渡广济桥,桥梁,宋,961,10世纪,10,浙江省,浙江省宁波市奉化区,0.98,木石结构;抬梁式;梯形桥墩;榫卯结构,石材;木材;条石;木板,廊桥;驿站桥梁;茶亭;碑亭,榫卯结构;落架大修;梯形条石桥墩工艺;传统石作,四孔桥;22楹廊屋;五间阔;引桥小屋,木材类;石材类
1974,湖州潮音桥,桥梁,明,1539,16世纪,16,浙江省,浙江省湖州市吴兴区,0.98,三孔石拱桥;拱桥,石材;石质栏板;石狮,人行桥;桥里桥,并列石阶;次孔人行道,东西向跨河;临河街市,石材类
1976,紫薇山民居,民居,明,1368,14世纪,14,浙江省,浙江省东阳市,0.95,木构架;抬梁式,青砖;木材;石材,尚书第;大夫第;将军第,雕花门窗;榫卯结构;东阳木雕,三条轴线;前后六进;前后五进;附属建筑;厢房,木材类;石材类;砖瓦类
1978,赤岸朱宅建筑群,民居,明,1573,16世纪,16,浙江省,浙江省义乌市,0.85,抬梁式;三进两院;廊式四合院;川堂结构,石子巷;砖石,宅第;理学居所;三合院住宅,明代梁架;柱础形制;木雕技艺,屋宇连栋;三进两院一川堂;廊式四合院;三合院扩建,石材类;砖瓦类
1979,厚吴村古建筑群,民居,宋,1217,13世纪,13,浙江省,浙江省永康市,0.95,木构架;抬梁式,青砖;木材;石材,宗祠;老宅;司马第;衍庆堂;存诚堂,雕刻艺术;绘画艺术;建筑艺术,村落形态完整;古建筑群集中;历史环境保存较好,木材类;石材类;砖瓦类
1982,余姚通济桥,桥梁,宋,1047,11世纪,11,浙江省,浙江省余姚市,0.98,三孔石拱桥;陡拱式;薄墩薄拱;半圆形驼峰式,石材;木桩;铁,交通要道;纤道,联锁分节并列砌筑法;木桩基础,主跨突出;桥面台阶与车马道结合;两端宽中间窄,木材类;石材类;金属类
1983,金清大桥,桥梁,清,1775,18世纪,18,浙江省,浙江省温岭市,0.96,五孔石拱桥;纵联分节并列结构;拱券结构,条石;石栏板;木石结构;望柱,交通要道;内河运输枢纽;海运通道,官式桥梁结构;浅雕;浮雕装饰;地方传统民间工艺,曲折桥身;四角攒尖亭;石阶连接平台;对称方亭布局,木材类;石材类
1985,兰溪通洲桥,桥梁,清,1662,17世纪,17,浙江省,浙江省兰溪市,0.85,石拱桥;六墩五孔;纵联砌筑;半圆形拱券,青石;条石;木构廊屋,交通要道;历史古迹,纵联砌筑;廊桥修缮,廊屋二十一间;歇山顶桥亭;重檐歇山顶门楼;翼角起翘廊亭,木材类;石材类
1986,雅端村古建筑群,民居,清,1736,18世纪,18,浙江省,浙江省义乌市,0.92,四合院;三合院;五路六院;厢房结构,木材;砖石,宗祠;婚丧礼仪场所;祖屋;居住分房,雕刻工艺;传统木构,坐西朝东;中轴对称;院落组合;前堂后寝,木材类;石材类;砖瓦类
1989,东阳白坦民宅,民居,清,1796,18世纪,18,浙江省,浙江省东阳市,0.95,品字形布局;四合院;三合院;走马楼;金壞屋,木材;石材;壁画材料,宗法礼制空间;儒家文化载体,东阳木雕;石刻;壁画工艺;传统匠作体系,品字形布局;双轴线布局;坐西朝东;院落组合,木材类;石材类
1994,池河太平桥,桥梁,明,1375,14世纪,14,安徽省,安徽省定远县,0.98,石拱桥;多孔不等跨;砖石拱结构,砖石;白石,人行桥;交通要道,干修法;堆土券拱,正交布局;对称石狮排列;桥端立碑,石材类;砖瓦类
1997,屯溪镇海桥,桥梁,明,1491,15世纪,15,安徽省,安徽省黄山市屯溪区,0.96,石拱桥;六墩七孔;等腰三角形桥墩,石材;望柱石,交通连接;门户桥梁;步行通道,分水头;船头状桥墩,横跨横江;引桥结构;三江口位置,石材类
2003,歙县太平桥,桥梁,宋,1234,13世纪,13,安徽省,安徽省歙县,0.99,联拱式石拱桥;纵列式法券;实腹式石拱;重力式墩台,红色粉砂岩;青色泥灰质角砾岩,交通要道;城门通道;车行桥,长条石横列环砌;重力式墩台砌筑;实腹拱砌法,桥亭布局;轴线对景;三桥序列,其他材料
2004,巴慰祖宅,民居,明,1368,14世纪,14,安徽省,安徽省歙县,0.95,三进院落;楼阁式,木材;砖石,古民居;故居博物馆,传统木构;楼阁营造,坐北朝南;三进两厅;带楼阁布局,木材类;石材类;砖瓦类
2009,休宁登封桥,桥梁,明,1587,16世纪,16,安徽省,安徽省休宁县,0.98,纵列式法券;联拱石拱桥;九孔半圆形拱,青石;石栏,登山通道;桥亭;桥庙,石砌筑;石阶砌筑,引桥;石阶坡道;二柱冲天式石牌坊,石材类
2010,休宁同安堂,民居,清,1644,17世纪,17,安徽省,安徽省休宁县,0.95,清代式样;五进院落,砖雕;木雕;石材,徽商住宅;私家园林,砖雕工艺;木雕工艺;石作工艺,坐北朝南;五进格局;主屋与偏厅组合,木材类;石材类;砖瓦类
2017,建瓯值庆桥,桥梁,明,1488,15世纪,15,福建省,福建省建瓯市,0.92,伸臂叠梁;廊桥结构,木材;木构,神龛;祭祀空间,彩绘;明代题记,三神龛布局;廊屋式平面,木材类
2018,安溪土楼,民居,明,1372,14世纪,14,福建省,福建省安溪县,0.98,合院式结构;方形土楼;回形三层,生土;溪卵石;夯土墙,居住防御;家族聚居,石拱门;镌刻纪年,围院结构;虎牙;蜈蚣须护翼;池亭布局,土类;石材类
2020,芷溪宗祠建筑,民居,清,1644,17世纪,17,福建省,福建省连城县,0.85,祠居合一;复合型结构,石材,祠居合一;祭祀与居住复合功能,门楼装饰技艺;客家民居营造技艺,九厅十八井;多进院落布局,石材类
2022,泉港土坑村古建筑群,民居,明,1404,15世纪,15,福建省,福建省泉州市泉港区,0.92,穿斗式;抬梁式;硬山式;卷棚式,红砖;花岗岩;夯土;出砖入石,商住两用;海港集市;当铺;药铺,石雕;木雕;砖雕;泥灰雕,一进（一落）;中轴对称;村中街、街中村;四横五纵,土类;石材类;砖瓦类
2023,坂埔古厝,民居,清,1736,18世纪,18,福建省,福建省南安市,0.98,砖石木结构;抬梁式;穿斗式,红砖;白石;出砖入石,涉侨建筑;大厝;祠堂,出砖入石;平雕;透雕;圆雕,聚落布局;多座大厝组合;院落式,石材类;砖瓦类
2025,永泰庄寨建筑群,民居,唐,1644,17世纪,17,福建省,福建省永泰县,0.65,土木石结构;穿斗式;抬梁式,生土;木材;石材,居住防御一体;防御性民居;乡土防御建筑,传统木作;夯土技术,散点布局;山地台地布局;大型院落群,土类;木材类;石材类
2027,水美土堡群,民居,清,1847,19世纪,19,福建省,福建省沙县,0.95,土堡结构;均衡布局,生土;木材;砖石,防御聚居;家族聚居,木雕;石雕;彩绘,三堡并置;坐向各异;严谨对称,土类;木材类;石材类;砖瓦类
2032,龙南乌石围,民居,明,1573,16世纪,16,江西省,江西省龙南县,0.85,围院结构,生土;砖石;木材,客家围屋,夯土技术;糯米灰浆,围合式布局;中轴对称,土类;木材类;石材类;砖瓦类
2036,十都王家大屋,民居,清,1769,18世纪,18,江西省,江西省上饶市广丰区,0.98,砖木石结构,砖;木材;青石;鹅卵石,天井排水系统;多房间布局;水井供水;鱼池蓄水,榫卯结构;无楔工艺,厅堂廊室错落布局;天井院落式;推槽式圆门分隔,木材类;石材类;砖瓦类
2037,奎璧联辉民宅,民居,清,1743,18世纪,18,江西省,江西省广昌县,0.98,砖木结构;赣派民居,青砖;灰瓦;木材;砖石,商住合一;祭祀厅堂,木雕;石雕;砖雕,天井院落;坐西向东;多进庭院,木材类;石材类;砖瓦类
2038,浮梁县衙,官府,唐,816,9世纪,9,江西省,江西省浮梁县,0.98,木构架;抬梁式,石;砖石,县级政权机构;衙署;行政办公,榫卯结构;赣派营造法,中轴对称;坐北朝南;院落式布局;多进院落,石材类;砖瓦类
2039,玉山考棚,官府,清,1792,18世纪,18,江西省,江西省玉山县,0.95,青砖瓦房,青石条;卵石,科举考场;号舍,青砖砌筑;卵石铺地,甬道;两排号舍;单间布局,石材类
2043,洄村古楼,民居,明,1368,14世纪,14,山东省,山东省淄博市淄川区,0.85,组群式楼房;主楼配阁结构,木材;砖石,楼式四合院;客厅,传统维修技艺;风貌保持工艺,楼式四合院;主楼对厅布局;左右配阁,木材类;石材类;砖瓦类
2044,王渔洋故居,民居,明,1573,16世纪,16,山东省,山东省桓台县,0.95,四合院;五进四合院;三路并联布局,青砖;木构架;灰瓦,园林区;祭祀区,抬梁式;穿斗式;榫卯结构,三路建筑;五进四合院;四进四合院;倒座;后罩房,木材类;砖瓦类
2045,安阳永和桥,桥梁,宋,960,10世纪,10,河南省,河南省安阳县,0.95,桁架梁桥;斜拉桥;拱桥,木材;乔木,跨越障碍;连接两岸;通行功能,实腹梁制作;梁桥建造,等截面拱;变截面拱;拱轴线布局,木材类
2052,汝宁石桥,桥梁,明,1483,15世纪,15,河南省,河南省汝南县,0.98,五孔实腹联拱式;石桥;联拱结构,青石;长条青石;石砌,交通咽喉;跨河通道,纵向分节并列式券;纵联砌拱法;分水金刚雁翅,望柱栏板式;三层桥面构造;对称雕饰布局,石材类
2055,龙泉澧河石桥,桥梁,明,1368,14世纪,14,河南省,河南省叶县,0.65,石板平铺结构;多孔石桥;插铁串联桥墩,石灰岩;花岗岩;柳木桩;铁腰铁,交通要道;人车分行桥面,梅花形木桩基础;铁爪钉连接;戧水护堤,33孔桥;南北走向,木材类;灰浆胶结类;石材类;金属类
2074,高家花屋,民居,清,1781,18世纪,18,湖北省,湖北省竹山县,0.85,宫殿式;马头墙;飞檐,石雕;木雕;砖雕;青石;彩绘壁画,正房;粮仓;吊酒房;当铺;钱庄,石雕;木雕;砖雕;吉祥图案雕刻,多间院落;房间密集布局,木材类;石材类;砖瓦类
2075,南边民居,民居,清,1801,19世纪,19,湖北省,湖北省宜昌市夷陵区,0.95,天井院落;多进院落,砖石;木材;土木,民居;军用师部;小学,砖雕;石雕;木雕,天井院落;坎上坎下布局;山坡集中式,土类;木材类;石材类;砖瓦类
2078,中田村古建筑群,民居,明,1404,15世纪,15,湖南省,湖南省常宁市,0.95,砖瓦结构;一体式布局,砖;瓦,聚居村落;宗族居住,排水系统营造,座南朝北;户户相通;天井院落;巷道网络,砖瓦类
2079,许家桥将军府,官府,元,1368,14世纪,14,湖南省,湖南省永州市零陵区,0.8,抬梁式;穿斗式,青砖;木材;石材,官式宅院;住宅;府邸,榫卯结构;雕花装饰;四合院营造法,四进院落;两列并排;坐东朝西;合院式布局,木材类;石材类;砖瓦类
2080,板梁村古建筑群,民居,元,1358,14世纪,14,湖南省,湖南省永兴县,0.95,穿斗式;抬梁式,砖;石;木材,宗祠,砖雕;石雕;木雕,风水布局,木材类;石材类;砖瓦类
2083,杉木桥胡家大院,民居,清,1644,17世纪,17,湖南省,湖南省永州市零陵区,0.85,砖木结构;硬山顶;院落式,砖;木材,公厅屋;天井;门楼;横屋,明代遗风;清代民居技艺;断代标本,中轴对称;院落连体;横屋排列;多进院落,木材类;砖瓦类
2087,澧县多安桥,桥梁,清,1784,18世纪,18,湖南省,湖南省澧县,0.95,连拱结构;石拱桥;十一孔拱桥,石材;石质,交通桥梁;通行功能;危桥限行,木桩地钉基础;舟形桥墩;台阶内收砌筑,西北—东南走向;弧形桥身;十一拱九墩两台,石材类
2090,桃树湾刘氏大屋,民居,清,1849,19世纪,19,湖南省,湖南省浏阳市,0.99,砖木结构;土木结构;硬山顶;封火墙,青瓦;三合土;砖;木材,私塾;粮仓;神坛;校舍,版筑,四进院落;三条轴线;中轴序列;回廊连接,土类;木材类;砖瓦类
2092,宝镜何家大院,民居,清,1644,17世纪,17,湖南省,湖南省江华瑶族自治县,0.75,木构架;穿斗式,青砖;木材;灰瓦,宗祠,雕花门窗;马头墙,八字门楼;走马吊楼;明远楼;围姊地;多进院落,木材类;砖瓦类
2097,联丰花萼楼,民居,明,1608,17世纪,17,广东省,广东省大埔县,0.98,土木结构;圆形土楼;三环楼层,夯土;木梁;灰瓦;花岗岩;铁皮,家族居住;防御功能;生活设施配套,夯土筑墙;木构屋架,三环同心布局;圆形天井;中心古井;鹅卵石铺地,土类;木材类;石材类;砖瓦类;金属类
2102,大埔泰安楼,民居,清,1763,18世纪,18,广东省,广东省大埔县,0.98,方形土楼;石方楼;楼中有屋,生土;石材;青砖,家族聚居;民居建筑;人文博物馆,夯土筑墙;石砌基础;木构架承重,围院结构;中轴对称;环抱式布局;三进院落,土类;石材类;砖瓦类
2104,龙门鹤湖围,民居,清,1863,19世纪,19,广东省,广东省龙门县,0.98,围楼结构;三堂四横;碉楼;望楼;斗门,生土;砖石,防御性;居住功能;祠堂功能,夯土技术;通廊式营造,三堂四横一外围;坐西北向东南;通廊房布局;中心望楼布局,土类;石材类;砖瓦类
2105,大埔光禄第,民居,清,1908,20世纪,20,广东省,广东省大埔县,0.98,土木结构;三堂四横一围;三进院落;围屋,生土;木材,居住;书斋;花园;私人码头,夯土墙;穿斗式木构架;天井排水系统,多厅多井;坐南向北;背山面水;四横一围,土类;木材类
2106,桂林静江府城墙,官府,唐,618,7世纪,7,广西壮族自治区,广西壮族自治区桂林市叠彩区、秀峰区,0.92,石砌城墙;月城;瓮城;护城河,大型石块;石材,军事防御;城池守御;抗洪防攻,石砌工艺;城墙砌筑,子城-外城结构;南北主干道;东西主干道;城门对位布局;隔墙分域,石材类
2109,贺州江氏客家围屋,民居,清,1885,19世纪,19,广西壮族自治区,广西壮族自治区贺州市八步区,0.95,围院结构;对称布局,青石;賀州白;石材,客家民宅;历史见证物;清代民居,传统砌筑;石构技艺,中轴对称;四堂四横;天井院落,石材类
2112,琼山侯家大院,民居,清,1875,19世纪,19,海南省,海南省海口市琼山区,0.98,砖木混合结构;四进式正屋;三进式正屋;横屋,坤甸木;菠萝蜜木;花梨木;灰塑;彩绘,客厅;卧房;神龛;屏风,木雕;彩绘;吉祥纹样雕刻;传统雕刻技艺,四进式布局;三进式布局;横屋布局;琼北民居布局,木材类
2114,湾底谭氏民居,民居,清,1662,17世纪,17,重庆市,重庆市石柱土家族自治县,0.95,穿斗式;砖木结构;悬山式屋顶,石材;砖;木材,民居;居住;家族聚居,石刻;彩绘;封火墙;地方传统营造技艺,四合院;中轴对称;多进院落;天井,木材类;石材类;砖瓦类
2125,井研雷氏民居,民居,清,1736,18世纪,18,四川省,四川省井研县,0.85,穿斗式;四合院;对称布局,石材;木材;砖石,家族宅第;民居;官宅,木雕;石雕;穿斗式构架,四进院落;天井布局;背山面水;层层递升,木材类;石材类;砖瓦类
2126,屏山龙氏山庄,民居,清,1644,17世纪,17,四川省,四川省屏山县,0.85,阶梯式结构;风火墙;碉楼结构,砖石;木材,生活防御复合功能;官宦宅第;家族聚居,依山就势营造;高差处理技艺,品字形布局;阶梯式布局;前低后高格局;坐西向东朝向,木材类;石材类;砖瓦类
2139,云南提督府旧址,官府,清,1662,17世纪,17,云南省,云南省大理市,0.85,四合院式;五开间正房;三间厢房;迥栏转角,青砖;木构架;灰瓦,府衙;军事指挥机构;元帅府;博物馆,抬梁式;硬山顶工艺;台基砌筑,坐西向东;四合院格局;轴线序列;西南角附属房;后花园布局,木材类;砖瓦类
2140,叶枝土司衙署,官府,清,1662,17世纪,17,云南省,云南省维西傈僳族自治县,0.85,四合院;三坊一照壁;四合五天井,青石;木材;彩绘壁画,官邸;政教中心;卫队室;黑神殿,飞檐斗拱;雕梁画柱;精雕格扇;彩绘壁画,二进大院;四合院;三坊一照壁;四合五天井,木材类;石材类
2141,洄澜桥阁,桥梁,清,1736,18世纪,18,云南省,云南省石屏县,0.95,重檐攒尖顶;重檐歇山顶;抬梁式;三斗三拱;单孔石拱桥,青砖;木材;砖石,水利工程;水利设施,斗拱雕刻;花枋雕刻,五开间;八角亭;左右两阁并立,木材类;石材类;砖瓦类
2145,海口川字闸,桥梁,清,1836,19世纪,19,云南省,云南省昆明市西山区,0.99,石砌拱券结构;多孔闸桥;三段式布局,石材;木板;填土,蓄水;泄洪;灌溉;通行,纵联砌置法;竖向沟槽插板技术,川字形布局;三股河道分跨;闸桥连岛,土类;木材类;石材类
2146,建水学政考棚,官府,明,1389,14世纪,14,云南省,云南省建水县,0.95,抬梁式;穿斗式,木材;砖石,考场;学政公署;文场,木构架营造;对称布局施工,六进院落;中轴对称;坐北朝南,木材类;石材类;砖瓦类
2147,同乐傈僳族民居建筑群,民居,清,1825,19世纪,19,云南省,云南省维西傈僳族自治县,0.85,井干式;木结构;楼式;落地式,圆木;木瓦;石块;木条,生活区;牲畜圈养;农具堆放;附属用房,井字形摞叠;木瓦铺设;压石防风,依山层叠;南向坡地;面东布局;居山不居坝,木材类;石材类;砖瓦类
2152,达律王府,宫殿,元,1271,13世纪,13,西藏自治区,西藏自治区贡觉县,0.85,石木混合结构;土木混合结构;平屋顶,石材;木材;生土,宫殿;王府,彩绘天花;壁画装饰;元代佛像画风,长方形平面;集中式布局,土类;木材类;石材类
2160,蒲城考院,官府,明,1644,17世纪,17,陕西省,陕西省蒲城县,0.95,抬梁式;穿斗式,砖石;木材;生土,科举考场;考院,传统修缮;原貌复建,中轴对称;围院结构;号舍布局;影壁辕门,土类;木材类;石材类;砖瓦类
2161,米脂常氏庄园,民居,清,1908,20世纪,20,陕西省,陕西省米脂县,0.95,合院式;砖木结构,石室;石刻,历史价值;艺术价值;科学价值,传统合院营造;砖雕工艺,坐北朝南;三座院落;围院结构,石材类
2169,张掖高总兵宅院,官府,清,1662,17世纪,17,甘肃省,甘肃省张掖市甘州区,0.85,砖木结构;硬山顶;单檐;面阔五间;进深三间,砖;木材,府第;军事长官司衙;清代官邸,抬梁式;榫卯结构;四合院营造法,两进四合院;中轴对称;坐北向南;一进二院;绕廊,木材类;砖瓦类
